method,n_samples,imp_V0,pval_V0,imp_V1,pval_V1,imp_V2,pval_V2,imp_V3,pval_V3,imp_V4,pval_V4,imp_V5,pval_V5,imp_V6,pval_V6,imp_V7,pval_V7,imp_V8,pval_V8,imp_V9,pval_V9,imp_V10,pval_V10,imp_V11,pval_V11,imp_V12,pval_V12,imp_V13,pval_V13,imp_V14,pval_V14,imp_V15,pval_V15,imp_V16,pval_V16,imp_V17,pval_V17,imp_V18,pval_V18,imp_V19,pval_V19,imp_V20,pval_V20,imp_V21,pval_V21,imp_V22,pval_V22,imp_V23,pval_V23,imp_V24,pval_V24,imp_V25,pval_V25,imp_V26,pval_V26,imp_V27,pval_V27,imp_V28,pval_V28,imp_V29,pval_V29,imp_V30,pval_V30,imp_V31,pval_V31,imp_V32,pval_V32,imp_V33,pval_V33,imp_V34,pval_V34,imp_V35,pval_V35,imp_V36,pval_V36,imp_V37,pval_V37,imp_V38,pval_V38,imp_V39,pval_V39,imp_V40,pval_V40,imp_V41,pval_V41,imp_V42,pval_V42,imp_V43,pval_V43,imp_V44,pval_V44,imp_V45,pval_V45,imp_V46,pval_V46,imp_V47,pval_V47,imp_V48,pval_V48,imp_V49,pval_V49
0.5*CPI,50,0.09974839879069382,0.0001657488481653067,0.07451678208713206,0.004858362358898956,0.01708156712513476,0.031015868408028554,-0.002899516125135121,0.2367212790354545,0.00904464141387991,0.2623511304122761,-0.016792443412539146,0.3450754826704001,0.017795577608111193,0.12576681602642928,-0.0006666328049838372,0.24101463965454886,-0.01709135026671259,0.3953822930541987,0.0007117272398097829,0.29454898085330306,0.004099467122230922,0.28728549994716146,-0.003471839890434279,0.4070788719185629,0.0008938452415635339,0.24221507309544515,-0.00021421230665445547,0.24342426819020316,-0.00507910087122099,0.31868987009398114,0.01800036423651312,0.1720168715144622,-0.00847303689538235,0.37784889619802153,-0.00399526150166141,0.3467212712300603,0.0021124833069095395,0.1405835696060386,-0.005431236614640988,0.3745205251295528,0.00444678482434195,0.18936148654592383,0.02488109265888633,0.17998085778133352,0.0028472104173605955,0.10603824164961928,-0.008808738830611371,0.4766023951355946,-0.00929684112605932,0.41081188973330013,0.006866213077377334,0.0689184686724824,0.006612300165848675,0.2783051354194801,0.0009384997176824386,0.21105510623546442,-0.004470510091375024,0.258552989495138,0.0037581760292028114,0.31060780196659377,0.00410362585494501,0.2158817941813252,0.0014498421336479354,0.28024043626449185,-0.010215483566199376,0.18895876318982865,0.005973242076285108,0.3214941374263536,0.008397710009880946,0.1881028705272816,-0.003368411730703719,0.3682016552914025,0.00503030468199708,0.23218981482184642,-0.0030153249029244576,0.2581907673392476,0.002708363011869651,0.18841244163339052,0.0019565284199361556,0.22999333693779025,0.02082733999252059,0.26899015120287545,0.00012485244944473035,0.26312371661599165,-0.00404686399747007,0.34496775430990106,0.008985254201831001,0.24230465993936207,0.006853671583142789,0.04895560207755784,0.0048079758825993035,0.27224053930411396,0.040435406459025484,0.24511280831348053,-0.015165466097875089,0.24085956966062402,0.004158560803588381,0.10516703069003945,-0.0011588409700135046,0.38930631771101476
0.5*CPI,100,0.12095780346039593,0.03740887855338355,0.12111416489862524,0.0015197377366559606,0.02431468666429747,0.21508394610172654,-0.005130125421877356,0.25912979825813276,-0.0024631219932130187,0.443828780314362,0.003433241125073029,0.25576123251501626,0.0006593417257705352,0.10168516052382134,-0.0012006929437362885,0.24336748696646113,0.007518683682340435,0.2512077605647346,-0.0018555811151834572,0.4132322513187695,0.004693400718901644,0.11820201846200924,0.0015291144383672837,0.2608563190162272,-0.0038612812226446066,0.3024047694879043,0.006232958888222483,0.1020683671516702,-0.0009771983757176298,0.18534436612645053,0.000471073084574654,0.3117072451137525,4.9250889509897534e-05,0.3847310313143827,0.0022278008482195816,0.22943413391449563,0.000660438065002535,0.25413383811764534,-0.0019286180975169268,0.24707677827807137,0.003259970119918655,0.24434702831473704,0.0015308175891512999,0.15246505107499567,-0.0017153729475310475,0.18867978181491024,-0.008697171577853208,0.31789113018034953,-0.00886726945952827,0.45721880066289283,0.0011783457013402434,0.2682904265109649,0.0008941189988871071,0.3688834869705002,0.0022391115695101836,0.3102057715809165,0.002863628416813136,0.353359431393394,-0.006930797660851204,0.46229983425071586,-0.00045801850838504785,0.24321610079014472,0.00048654742702240695,0.27381448541973674,0.0031123204147466125,0.14896066884023348,-0.003163477548006194,0.32235016689951823,0.005183555188888839,0.08201080750679027,-0.0015179736568434533,0.29599089916352495,0.005042545296546196,0.07748020132259986,-0.0010576791398439677,0.35201509975174683,-0.003497646660388454,0.3693563423133436,-0.007876852219964781,0.24821077417084453,0.0012649584257631435,0.20995180633440985,-0.0017171175215097334,0.3071649587506089,0.005956167932305094,0.2974020934503241,-0.0030895338160852838,0.41282694332309006,-0.0012221673742639758,0.2555007750109494,-0.0004002920050567213,0.3907483840527411,-0.002520354537789187,0.3544412966732006,0.0024099589152273247,0.14510059020981614,-0.007928875518464162,0.2789094699972145,-7.348336579930656e-05,0.31802618460765664
0.5*CPI,200,0.24979298887656,3.2253948785507776e-06,0.1581111430600772,4.494155978511058e-06,0.0015789985294252307,0.13575970099400575,-0.008260507342978432,0.3343687180890867,-0.0004986377568636334,0.24003803937232185,-0.010311208827884522,0.36103297477887547,0.0005196230059300768,0.24752754114201053,-0.011383049761881427,0.42621733106748494,0.0006450536997109696,0.1346771014157383,-0.0018365205640694371,0.2475261789899801,0.005517044837952858,0.30197844724326584,-0.003974773207065172,0.3438294099030649,-0.00836323212316868,0.3566685570752389,-0.0011803156185763537,0.34616800635011497,-0.0017042823247481814,0.20481336748561357,-0.0017878400113831322,0.3281636148484686,0.0029261006980365123,0.23411044360642486,-0.0003663587971487148,0.28287565226458194,1.671381245406986e-05,0.3815037610788813,0.0016351553715971052,0.14837455267818667,0.004360422183944639,0.1999135481429709,-0.002910976114231447,0.3108532124057366,0.002836951793690543,0.2794787197902472,0.00035707819002010337,0.24610148472921417,0.001260674788507603,0.3824769483670657,-0.003784460367155797,0.26396068501058273,0.0008878194677501799,0.16410809633370832,-0.0005523971885340863,0.33978204634928366,0.024608990623774255,0.12893598183917587,-0.008884858424319712,0.3482989932818039,0.003132142406100063,0.2186626135734706,0.0037730249066654196,0.2816455162247137,0.0028996928041862585,0.11541818968341741,3.7875725480260995e-05,0.3840552652993041,-0.011003345016262413,0.327998988544286,0.009190943270930176,0.21545117577005962,0.01234282292878358,0.16986844805332707,-0.001600060417273248,0.4337630589544177,-0.00024904602429356705,0.24943774829506593,0.0013396445857537132,0.2578203223970908,0.0022057612271233857,0.19766235291719106,-0.004498136942530196,0.3550690806590558,0.0017664314136325112,0.229006665352503,0.0002481432525377684,0.144869439791344,-0.0023826573790658345,0.3013479431273588,-0.00047243579062859254,0.12311203197929405,0.003726534729456281,0.2883078597892525,0.00026752135439035376,0.3153311789458674,-0.010332046952156344,0.3295715342024171,-0.009480888641484924,0.3979178169286363
0.5*CPI,500,0.3170261910132387,9.575738586114289e-17,0.2968179300314397,1.282277998151216e-09,0.007195049246405667,0.016706324772171335,-0.004389234490932134,0.23653738903333832,-0.0025937535929608357,0.2113268963626228,-0.001308275719882108,0.3389455977858874,0.0010765297831362738,0.21846839674563678,0.0011531664397221415,0.2835155108458143,-0.0016499682656206439,0.37233801684468304,-0.0016190644843209043,0.3340215806582711,-0.00023387862189123144,0.27902159063972715,-0.010109623003200114,0.4702956785695257,0.00016156305748420306,0.28818554218556286,-0.0022451161078897762,0.25362493231553374,0.0007389096392597211,0.17423984856363137,-0.0015288558714609817,0.43223999030742055,0.0002000394251100483,0.27926829802321185,-0.00046235189642038465,0.2623155456762945,-0.0008767717250255239,0.16675408470363237,-0.00342808540721678,0.3240059551948865,0.0006083482394254093,0.09826851594520618,-0.0049721615187880335,0.403857071998924,-0.00012800224912194375,0.2140293815082941,-0.0018323065353827975,0.4221978791420692,-0.004677531092858362,0.37771505396756244,0.001496311187296412,0.17787726874827775,0.0007038327886981037,0.10183688139222107,0.0022649982546217454,0.32236015325724304,-0.0021190550010900732,0.4214979130759763,-0.005332953534307482,0.42639895756813795,-0.0032256320446754456,0.36604993278282205,0.0029811302301978823,0.19121983233967316,0.004517924876749335,0.16422818970737024,0.004588388553931833,0.27831666443989556,-0.0033726031205806076,0.4719431610517242,-0.002661468715176829,0.38542732814556485,-0.0037853128412036405,0.35284707849867714,0.001209775572090222,0.17715443960932398,-0.0009340207740657552,0.40652137414461553,-0.0006432410873173585,0.3317728213087695,-0.0015630415135425844,0.3580017312015692,-0.004708348433233978,0.4619500951427914,-0.0018389815509014164,0.24172802496741833,-0.0007544119745193704,0.25533667941203975,-0.0026282135884010257,0.3519994921121478,-0.006734917507546186,0.3105854310288486,-0.0021644455657490952,0.3010151501610499,-0.001085595596321119,0.28276694440032346,-0.0024176278154533896,0.3186507280445501,0.0018424442063788974,0.2078760405626272
0.5*CPI,1000,1.0612686715602462,5.437628243318217e-55,0.3063221041117193,4.845311996933786e-47,0.029838413359730354,0.01041043369915928,0.025744205619761883,0.1632607882608098,0.006115965330955045,0.09430863320529773,-9.702267411566868e-05,0.26298070746284896,-0.0005827573224845183,0.3018415202686574,-0.0012014110462638871,0.4342746582258586,0.0011942644507953787,0.22685426905846917,-0.00268997157857165,0.34691899823340805,-0.006570194951290024,0.3537344919497459,0.001846517205451909,0.10813122743264239,-4.950928924545761e-05,0.19684498345676252,0.00036400553699027195,0.32557193969715315,0.010653562307761297,0.24569404646329968,0.0033531635441328865,0.16921228995628895,-0.0022649301928616716,0.35256351932574903,0.0005120622548937741,0.10266556719642456,-5.259615556005392e-05,0.25749380040944625,-0.0028034967423413455,0.3812276096896272,-0.0008486428449991501,0.41332981913099676,-0.0009311678647905628,0.2529008118731472,3.0199215972484315e-05,0.2871844476878993,-0.001812291693985597,0.29644173915866323,-0.0012751768724234452,0.37317650650467105,0.001141660236823732,0.17201756883528396,-0.0009291615169468173,0.2718959593935738,-0.0006311813596889831,0.20088215427307182,0.008305457926803043,0.1189805544280654,-0.0008328393736722477,0.3586569094803954,-6.711809767811827e-05,0.4147412692972255,2.957095585680776e-05,0.31570654559765504,-0.0010751068852875383,0.24600944190855145,0.0006515272816739503,0.2887521850085233,-0.0018842569589800325,0.4082395695785045,-0.0002519273032707358,0.38472791309155674,-0.000290880234076058,0.20527527055020883,0.0007346961331144615,0.2389430325917118,-0.0005663115399874025,0.33821408239017603,-4.845576613678726e-05,0.2588549119918803,-0.0013451585303613318,0.3860637685109882,-0.00031162809833844984,0.29857812106415715,-0.0005730052215420538,0.17107448470474018,0.0009125909108733321,0.3194041730576427,0.000472729296359495,0.16285807775988628,-0.0016993360289409545,0.3903391636551231,-0.00039881765189592216,0.17863239995592956,-0.005255591044434681,0.3428340624699957,-0.0017460287040143656,0.4114318258548031,-0.0017431697346676335,0.2041953101111203
0.5*CPI,2000,1.0804137874802546,7.9367342963719e-125,0.3308500998786889,2.4257263531465953e-74,0.15418362370821953,1.0272010416959072e-06,0.056891671822093544,0.0001837396125011883,0.032198014566095785,0.00020945400483914957,-0.0009307880564116012,0.22676541447711715,0.0010855832858442343,0.26756366877214394,0.0002180282782973676,0.3052982221042776,-0.0004767255417971757,0.2951834839396493,-0.000305233817248001,0.3372879081832936,-0.0030898560947752226,0.4495788835499068,-0.0005634261280766416,0.20620068031175762,-0.000459888605350809,0.35058636822562333,-0.0011479842746473228,0.4372926598734366,-0.001731092413538542,0.4299383954495001,0.001289595966251834,0.2411965936279785,-0.0006983096250019542,0.16365714285635127,0.000628473251631392,0.04310210021631306,-6.310552415083328e-05,0.20554386019985044,-0.0006294817661362342,0.2682432891521148,-0.0007926860281676482,0.27872849038873504,-0.0022233899832316563,0.3039299823013515,-0.00018802787831617495,0.2600844313379511,0.0006211159661326507,0.13621553337478987,0.0009521578550088403,0.20944789056521035,2.1664748767038306e-05,0.31533104374557586,0.0006425893130606343,0.29445447966933624,-0.0006545519004676581,0.2998449436825267,-0.0022924723593243054,0.29060306373518485,-0.0001641152206387062,0.3884608384255436,-0.00220880840224363,0.34282929751703006,0.0001838214049205349,0.17581834783319966,0.0002465930535300363,0.22985358078965118,-0.0008704360290987982,0.3280984804956415,-0.000919601750873699,0.2995952526581801,-0.0007907244026144112,0.35898494523266095,-0.0011934129674965256,0.2546475542219597,0.00024161518263320913,0.30356698306977087,-0.0014212800530850383,0.2771364149063964,0.0007587365715333424,0.2177195682983012,-0.0019440801586622174,0.33418659575828874,-7.416246977075325e-05,0.3896475854637593,-3.6386293249590416e-05,0.12446035464011135,0.0011779806151349006,0.3070445484329267,0.0013400022259899887,0.3124767802268419,0.0003354703052078689,0.19185097388703942,-0.0007980828751757303,0.43288557081543677,-0.0008299733078223989,0.32611037138084914,-0.0001336874508010264,0.240286933380945,0.004068316827479966,0.16042892277349122
PFI,50,0.6510842124220363,0.00010379725668101971,0.5363351842605819,0.0022767619585099133,0.16559479898917773,0.01982944343268315,0.0010429456297389378,0.278898110535331,0.06734005921376177,0.4487352608503856,-0.06949056409368051,0.799716950116951,0.10879514285277715,0.20861114318366197,-0.010148669560386703,0.6676536807790514,-0.08485291054357248,0.6809834857566772,0.003407761277179966,0.5698865435950607,-0.015323596529398045,0.7555344642346977,-0.0036766071616174357,0.7519976593068434,-0.007416060975191044,0.5628675018098476,0.01574299316581108,0.4559145765893966,-0.0011827506019134605,0.43770187117592163,0.1163156737353671,0.3048397606311781,0.023570112401436295,0.42882360917627804,-0.013056918744524415,0.6627856378955926,0.029015603933947212,0.2982872650777175,-0.015887913094664318,0.7183181271078961,0.049757091187023574,0.26324416338404744,0.17856164705752314,0.2607477742838251,0.05515625013720889,0.08377445193653334,-0.08222440240715692,0.9686916804127903,-0.04473710521476617,0.8274287435067118,0.007109153238587404,0.33942495207177087,0.03287893989104464,0.4906109431622261,0.023584834296853915,0.4116015806282244,-0.022382593716969185,0.32572555363609856,0.03540003617748247,0.4603175490357903,0.014240074032518542,0.33281175351198033,0.022550028745821713,0.5346460046520807,-0.020835536760125516,0.35035075844498703,0.017390202659240465,0.5526207942627078,0.0443365843506058,0.3567431608478908,-0.002749214076035247,0.5749341528582537,0.016743502833531286,0.5091704972720439,0.004676187214282012,0.4144124516653687,0.007506016938907183,0.3685507195076929,0.021400643320325027,0.33100986834777485,0.09769172346988737,0.533887343653084,0.00944288790733435,0.5635807915184973,-0.015505029579315828,0.7119582634898358,0.09368716019871146,0.4193900229026096,0.02608434614416298,0.17832543649593846,0.03522479960322307,0.5313542387218739,0.21154384880872146,0.45830435607098774,-0.03705913134203598,0.40940525115462023,0.012072353558672753,0.1832969176804186,-0.0034149238074097903,0.7230990650148874
PFI,100,0.6126033805206821,0.028921258186672502,0.6019723607603656,0.00046716471437069585,0.27819933032925925,0.22470371571966716,0.01808885866085868,0.20104009650513377,0.007377949604492791,0.7573068631124777,0.014576011944707113,0.5328605142816464,0.00724588671385562,0.22790987185543357,0.003542329452455959,0.3863071740113643,0.06299521483763083,0.5785140923674232,-0.016381303907248786,0.8506530659409341,0.003847016839883877,0.24392206082015266,-0.001865952290800239,0.4435710453844642,-0.015563367398790957,0.5611777548134442,0.02977464350634066,0.15547232462342497,0.0038763197272554573,0.35040870398800955,0.006510562107309368,0.6002462905649939,-0.014916758911735726,0.7996477947136513,0.01074572578950173,0.2654180032331752,-0.00696279608308812,0.43872193786296043,0.022898151025373896,0.34241772191416875,0.051980296412287845,0.20919311069555452,0.019839271512109,0.18106948196651473,-0.01643574434310534,0.47495089940307234,-0.03331168114165592,0.6270618761909663,-0.04149756053163198,0.8493058324666468,0.015546185017070318,0.6073271041871817,0.0018366650768740266,0.7375013832672919,0.004341332426661056,0.5862367589821265,0.012123576386734128,0.701828970630011,-0.01839415453713317,0.7703432074669466,-0.009714711302613841,0.5424774454487328,0.012624239200649128,0.5062500632825359,0.01447616364771954,0.464258576349686,-0.015862101754771832,0.5912506993874609,0.00574281330323269,0.238503960738387,-0.0051484544227392605,0.5796012445709344,0.017260162988806574,0.20601302151453763,-0.013601043596763032,0.832849226377502,-0.022720487336504665,0.7838353227045523,-0.03212313179465048,0.6463698945174622,0.0006739330479273433,0.4263295285582129,-5.34872188564689e-05,0.47227773347710233,0.024729211203325035,0.5351802879435841,-0.015660281864992038,0.7193054956929692,-0.021956756852115927,0.5381736257320482,-0.009120945500295654,0.8091525301315767,-0.015306845439700447,0.6834492161626843,0.021506275198614245,0.2390539032594328,-0.03225123886310627,0.597596583107057,0.01422046159463845,0.44574319575038807
PFI,200,1.3042730746236193,2.9212280635450185e-10,0.7399471225243532,1.157467406370786e-07,0.025160161072946927,0.06622944738095574,-0.02671364801839434,0.4792071701296867,0.015028125130228444,0.25328654312574445,-0.055770581104216836,0.7471143715118722,0.023397315899305493,0.3860477380110484,-0.02803072636344848,0.5374128667988775,0.020300408913998362,0.12858693240536354,-0.008363458723406185,0.6373885711758438,0.010264194025053377,0.663674287217771,0.0374409052665391,0.4050337074175884,-0.005236408302555328,0.6588768884977765,-0.0006325626092196759,0.4965203531272261,-0.007130475163163681,0.5591255530271972,-0.0018829934657038421,0.6031465899448892,0.03468862115696865,0.3604963859313232,0.0006446605795149368,0.46743345303898254,0.004306249379676902,0.7265769089199302,0.017229791202562864,0.35065373030686836,0.012008193131232199,0.38841250776257447,0.0039002671915244593,0.3734932868120473,0.011975389584016245,0.43433663963434066,0.008046096438590467,0.3145677674446061,-0.005511355727526543,0.8553150793635447,0.009282339127323885,0.29045212786709285,0.004957223552443075,0.14467881439577399,-0.0080664309023781,0.7044892411346275,0.21628176807464267,0.06524935712638592,-0.03650818615242467,0.6211182243399405,-0.009323051601752617,0.40274227167209514,0.005277832759944559,0.30332643325136766,0.02273120032903531,0.22760592822222342,0.006582411673508883,0.5754469112147759,-0.012115124072017869,0.611878378169726,0.0388620378265953,0.5948675888871473,0.05787897201904144,0.24326539272469688,0.027234604026663528,0.6973455674337738,0.005573657816722841,0.4704985040219243,0.00792399326006535,0.6327731295851401,0.032498292960745426,0.38606743217518763,0.004363505240152976,0.48560764952925506,0.010143810190506301,0.4257217499900773,0.02212877825551451,0.10287214169020528,-0.012154903552555427,0.7203930481015193,0.002477859688970478,0.15339990538481674,0.02398525160928462,0.3911425729076446,0.012249958674886872,0.4612650542637794,-0.04694487828311117,0.42784693787110484,-0.03867495162087234,0.6896684339417397
PFI,500,1.9066800791871839,2.510910588285663e-13,1.4936189318743873,8.331903035126143e-15,0.05010886404455496,0.0002131044764905472,-0.022454875339143504,0.34125393574439516,0.008049538321437516,0.11290936219027822,0.009665335561129283,0.3092928294949128,0.013105239116187484,0.41230655119570675,0.015598095021163683,0.5083068768619077,-0.0038882869678084344,0.5950444133342165,-0.007518788839929212,0.5923349728926172,0.006223297217444287,0.387284246751984,-0.02151784637654599,0.5872838928497577,0.01055866124264357,0.39030815119591683,0.007525044623536422,0.47173656190180335,0.012855809716881468,0.30482620832347884,6.103668079600367e-05,0.49006002495566237,0.024979821222536357,0.08080817911101007,-0.0016624587809956689,0.3526083005333801,-0.005472976635354457,0.30335782820957763,-0.011907406025255243,0.5953707525208404,-0.0024467760177171996,0.3743610504597524,-0.003986016675644305,0.6026897671056612,-0.007315409354802227,0.6378431588821172,-0.001173629842466733,0.5253795822510079,-0.020675590149123485,0.6915430564483871,0.022697878532662613,0.1661788551206994,0.00513826186722886,0.16694601298848197,-0.002784672920903382,0.6359805173885434,-0.010269654636171832,0.7024880415929835,-0.018954427763774345,0.6559962109679434,0.018827931072820197,0.3731494834276565,0.011816284793976473,0.24098685028090508,0.008401861292375424,0.14840495997632286,0.01728178506114942,0.4448352498200914,-0.0023532537084157354,0.5366334840015147,-0.008815917322545934,0.6746478719814711,-0.0052253746410469825,0.4862473544095928,0.00518649027047175,0.11506529751303969,-0.0067361904154866975,0.5732171507287875,-0.0031900114904356027,0.5435496806556881,-0.014168432388482217,0.476025035421519,-0.01345371056923036,0.8730852046006763,-0.004250594997807893,0.4470247828775055,0.0021706690140685936,0.41011216893461283,-0.0006525286866067841,0.4059794285582334,-0.00840808410201295,0.32856037770345253,0.006156855402634545,0.378811940673913,0.0006162801136096117,0.4418284763670321,-0.007880954772002827,0.6121714615154445,0.006952441360620975,0.5172969620654116
PFI,1000,3.271077524015385,3.163481598797633e-44,2.313895712645574,2.505660216796609e-44,0.23763496808898008,3.340423073456692e-05,0.1240760099179824,0.04367125062694138,0.04216694967943047,0.01507278776799097,0.0046878203873862,0.4285450734580899,-0.0008029773523060264,0.40460062175340167,-0.0019009485754428951,0.6269838268005136,0.007433412509627012,0.1747561654937913,-0.008502441151448242,0.5321591887856265,-0.021194488530458144,0.612287274030456,0.0061993180326876994,0.32303607374349175,0.012068960420390079,0.29429049160171766,0.005889320030041354,0.592815651782371,0.022904471296963012,0.33075774215008513,0.009824047737895455,0.0798577559873276,-0.0035276539279469835,0.5090413675486687,0.0017591293766245565,0.2968969645197972,-0.001175595288440407,0.5249075068587874,0.00013157609359239864,0.6238629408784088,0.02143791499103484,0.3254769975418098,-0.0039996982269884665,0.5302449381431728,0.0058332427372525695,0.23256334721716557,-0.0029792448329590097,0.3500332618748007,-0.006267791079537874,0.8064909694371672,0.008933749614796255,0.21816778487354144,0.0009736793417506884,0.3052708675226996,0.0004580802501046719,0.3678903464574306,0.04273120013241256,0.143175958561687,3.756658035812877e-05,0.5218599863586119,0.002916693564362436,0.3669225198103983,-0.0020252980573822184,0.5270902997991975,-0.006333412102591227,0.5020609736786588,0.004973125808638855,0.5718750728969043,-0.0035111229947023597,0.42070329572533277,-0.0026358906426087146,0.6476664526803216,0.005351247393640987,0.30105590649837033,0.012889276439167983,0.36587881246039866,-0.0040850019930649,0.4000367370892965,0.007604468187020626,0.19040978213788035,0.007047959114985319,0.504539330706646,0.000816246943375176,0.38266882640901473,0.014361842558116783,0.12676527941923163,0.001020083938949313,0.6284754376612592,0.010920762963768956,0.22205755819347386,0.006911797631496935,0.35502574602490855,0.011005695903710177,0.04610660082268504,-0.008549404290043607,0.3953576848473216,-0.0012069030925508442,0.5585440274570067,0.0006228102435909188,0.3269936515949501
PFI,2000,3.2841010880707118,7.742516952340567e-90,3.102196398852015,9.300044039861917e-76,0.8225481126999962,3.7719929261130746e-16,0.3264730518581154,1.7851611979542007e-13,0.16058488986527522,4.2420342476638353e-07,0.014649365954695808,0.12785890208706896,0.010153322865618925,0.22570362835172192,0.0005478964521383079,0.4729383554453571,-0.0006991912995905496,0.4606937647668927,-9.222914945367855e-05,0.43160061769085944,0.007766375042990869,0.5839567652149038,-0.0019402907786046468,0.35922147712047003,-0.0009592147584937101,0.5034276956052374,-0.00041731262778188976,0.4788724450776757,-0.0005739862745945499,0.5086794417304682,0.005140516710623396,0.29466303290481294,0.0015000503796879854,0.22063299598695318,0.001401171524479995,0.1506087643127657,-0.0001531988237548918,0.3684813482398738,-0.002665412278829362,0.5424767478500678,-0.0003313792563095321,0.5732436353788941,-0.0032077253459063633,0.560563994841009,-0.000840780247874517,0.5046221085954006,0.004519403550330917,0.12911747189425773,0.00309068044931057,0.4342500439246642,0.0005991967252814512,0.6484716352986856,0.00030663535567309317,0.6260264464059674,-0.0013550881920922904,0.3707717242052513,0.004194735477218943,0.2632072065165435,-0.0003341588650507772,0.4718986902615213,-0.004374574949863839,0.5772796011835739,0.0017777215561300198,0.08584092850724576,0.000891632170381907,0.31963263574811074,-0.005453751345638355,0.5939715518581374,-0.005130527238881128,0.5864106040622548,-0.0038735140282728344,0.5966888843560596,-0.0021862756414782808,0.3442339043725959,0.0019348726630329797,0.4468979483697735,-0.003157221940351579,0.5757742442047176,0.0020056082370057326,0.18706562504226404,-0.0007353540540228123,0.3138091980858595,0.001161366054902321,0.7272785350837322,0.0013909379158668885,0.14799662448445644,0.005763824711559317,0.44612704717790375,0.008293091931134292,0.44790760614999053,0.0011002667275735094,0.2242770440513019,0.0008688009520838476,0.594369239123155,-0.004722599992349607,0.8103746212735295,-0.003450198914826765,0.42675787649462854,0.00873297862438494,0.344142176464459
LOCO,50,-0.527221030058412,0.5855764801963842,-0.9991317427208293,0.6666994186739663,-0.8148386915843788,0.9988598369568934,0.018644174286060224,0.33808269935026164,2.03719470186882,0.6653073800804647,-0.39153116202931226,0.9996668039526937,0.7638104924323371,1.9964180579960338e-05,0.21539192028585416,0.31407494024556376,-2.3456572966818934,0.6664976251371822,1.2441910926640456,0.665709829796417,-1.7407072017368537,0.3706526376689896,0.3480379866884074,0.6611110680215113,-0.00015891735413267185,0.33902773332074704,0.006412590027787871,0.34378386066032873,-1.895043947227752,0.9992091540326498,-1.6664697002005258,0.666613040055804,-1.8821404500427439,0.7702648229688571,0.03956320480939891,0.3328585394468682,0.2860491209700067,0.6292379270297392,-1.3725677690669171,0.4427200022241252,0.007843171163576156,0.333698538254238,-1.186572336868795,0.9999999999993578,1.0590113077181984,0.12062996888658986,-1.118874999385528,0.7200141672986983,2.0661148966413427,0.6666667428748869,0.46604269570344814,0.333599242614963,-0.2938554004777203,0.3367263822614709,0.4659839500470849,0.33406824267722285,-0.4014141332915435,0.33362917933560454,0.28847420682011354,0.324437932366907,1.6452889098379968,8.584266277285775e-05,0.29231238401492127,0.3372560434239407,-0.3521434805092274,0.3349510204940898,-0.0001653150875596342,0.3900250986982076,0.5571008306083864,0.33674733175734395,-0.07543086266269534,0.7768295959724292,0.15522722297449584,0.10299137351346888,-0.012354731018433875,0.3335767196476944,-1.3786275145185591,0.9979942268966238,-0.754942018283476,0.9554369554788118,2.338173782291855,0.6663757482554842,0.43151632467071294,0.33332820568448907,8.490280545379018e-05,0.7740047319679546,-0.21763139141913254,0.6756618423517331,-1.2902001920468338,0.6666678646375708,0.5035707715068033,0.5787920432844381,-1.1697701538183478,0.3591432260363066,0.2864529145647156,0.0336793614561545,-1.0002025970481858,0.7322501497775872,-0.7477040376646018,0.9952512843262831
LOCO,100,0.49757384818456896,0.3291861430433825,-0.11424186811678319,0.333583350765195,-0.003931702884375669,0.5022510720189975,-0.46444780004825054,0.6337672289024946,0.419165447365699,0.11072321795450885,0.2532291716464659,0.3324966156935862,-0.2340615438179568,0.6210874771412982,0.2287868943023181,0.44746023923573036,0.11824156241534292,0.6925795480544239,-0.625593521474959,0.6664282500940621,-0.6655491665321824,0.667026116788143,-0.41106460035136005,0.6476616808581942,0.4227956503579222,7.504923048203456e-07,1.3005705959267582,0.3332901530195424,0.23773027078525205,0.6643529003584471,-0.6706659041059093,0.47248282425171384,0.45148684675583417,0.32297846185531054,-0.1396438778397093,0.6664716560979379,0.4674788170365253,0.3559342074162675,-0.6422682143814674,0.334362296894419,-0.24257932129395388,0.6662728078504913,0.06510740866635202,0.03556823769526011,0.00021658158015210824,0.4838022328779455,0.2724370456291353,0.3331971704911433,0.07873857170713733,0.012541772641025592,0.48625831422170407,0.33232994471466015,0.06364107763127735,0.5327760608355366,0.0812832218561875,0.6659419106968008,-0.5108595068649106,0.33333530575395476,-0.2133378961595044,0.6606299193341183,-0.03462145849054974,0.9976595954852567,0.20318169408852454,0.014506137438127082,-0.4265046400602407,0.6173752023179881,-1.277568115886846,0.9864294412261363,0.8849991335931987,0.28127945122030407,-0.22594664812792675,0.6667009549127934,0.002061406535875912,0.4035565370414447,-0.03222280815845374,0.6679349871513274,-0.2641400842451074,0.6613865166503268,0.12361396403888754,0.0267324369167314,0.547826119206225,0.0019748529867583686,0.4295449454534437,0.3333815522529068,0.3218828432942537,0.33263177536905497,-0.4894543550120848,0.665940706976273,0.6819974581369262,0.00033004312356965654,0.09020145567880687,0.4021062023705298,0.197096117114018,0.3780513557628064,-0.5050401204394501,0.8806659954595855,0.18184313113094763,0.655521175458744,-0.005128056236400941,0.6577014974066265
LOCO,200,0.927329139562408,6.850562578430974e-06,1.7762034608013209,0.0022949243612718773,-0.14564222527974444,0.7781784004847847,-0.11464302708628257,0.2670203549562606,-0.22475991351802968,0.3218203234194793,0.18835803708100732,0.32660188902629267,-0.10830597929336312,0.34110973367743247,-0.0777497346500424,0.6399495784417056,-0.37667350324262727,0.5951637969686581,0.5020860507525888,0.6434272524687539,-0.4892900502682204,0.683866129644318,-0.6922050611690242,0.6420007298588069,0.12420127690249078,0.2923887875310595,0.2996398868799045,0.07853462137960421,-0.037236877664551395,0.465515818873648,0.10995640072771612,0.6693390999772948,0.32558819729992705,0.650142863835203,-0.17039886780535307,0.39478659594204396,0.34408490884979664,0.3366141349879657,0.666073091118321,0.6412141532332485,0.20784033661716453,0.3396835946009972,-0.6479605584562851,0.3679870749011017,0.04082410193869147,0.44921300553371346,0.05191193419186873,0.17125053543938012,0.22706794960433171,0.2657917838907466,0.21927779434938394,0.3590837521796949,-0.27132249064979713,0.6663818052081381,0.20318181255961085,0.2965447876090484,-0.07524050127607118,0.5990445493277448,-0.05841469108249931,0.6604979179397845,0.6025372572840031,0.5337598243435897,0.7842985823912012,0.14596968961405024,0.002173979640764852,0.26946434922128804,0.20522826898261043,0.3753116268292494,-0.013732136618746142,0.20805293486594423,0.3271592346414892,0.388930542392073,-0.15659385252971247,0.6891331776485812,0.044477025567414875,0.36271622245292373,0.35580054927731275,0.04547312384160603,-0.0877773263193571,0.6215100301323978,0.3189325028880635,0.5044994547117074,0.142296153054081,0.03256092702815131,-0.3751263068077338,0.6462327187315138,-0.34858215980365376,0.3379447736430796,-0.22829516589667262,0.9583102354125947,-0.044288540883480616,0.2453549258671,0.5913328918217229,0.04602644937527215,0.470300780934703,0.37102617801141136,0.03411485463896565,0.5266719346271128,0.03248285933747989,0.34548106898971076
LOCO,500,0.5605920773509379,1.285908022656083e-05,0.5032953817096711,0.2592808667294304,-0.29843864877147547,0.9513307707611653,0.4094080947403656,0.3337876929997205,0.45487510452583757,0.29578932789638884,0.5863860817087925,0.286250433089981,0.25692226198840484,0.6091718055602113,-0.12667294915867244,0.3258465581055244,0.515222056558336,0.12830588914405053,-0.25059360863096836,0.6352825996673461,-0.14085886975896614,0.3314248939095916,0.21006089206389567,0.658480566158341,0.6211487423383212,0.3007991096030052,-0.22954635988586833,0.7594780432109758,-0.12428848027989474,0.9678696482184628,-0.5623617792089349,0.47511049892870044,0.46154173922331176,0.3415360476798011,0.4987899243169302,0.33385797923444266,-0.46623672849874576,0.37896199522457186,-0.43945613733044747,0.8062792076753913,0.3859595315805052,0.3159925447635026,0.04674139695429227,0.7107926639451195,-0.031233678954488763,0.5563297271993177,-0.05478355080880022,0.5773274847476074,0.6307690759862797,0.3729382899988155,0.4952395225715742,0.3176367859483971,-0.15893483853510018,0.5859439640081996,0.35534921637780875,0.6605739415812772,-0.4276909685865944,0.9856012195420738,-0.4517174278195822,0.858903805617599,0.562349442799697,0.130948044169004,0.4502178261705693,0.2721127897394102,-0.30593847277998787,0.6589441714975568,-0.34953628930442227,0.5307597457410206,0.5906356871729477,0.6475538001223221,-0.18860903242409338,0.6694275605201293,0.03248957239608201,0.4845200779937042,-0.13690385306076783,0.6547718350138094,0.17867864790034285,0.49992990892612926,0.3278058174352774,0.2970096520128275,-0.37619231898725924,0.47089327725864094,-0.16241478434029322,0.8583883251708326,-0.8466158954717998,0.6723149383089257,0.6280694335425381,0.09877630333376242,0.8819447783852501,0.6441265110404986,0.32200357540826857,0.04854095381615627,-0.255519357478723,0.33141409989834225,0.4049587223435404,0.14757441514809333,0.14123191407199664,0.05526357560977239,-0.218147277188277,0.6619976566048825
LOCO,1000,1.1585389739928966,0.0001852615076154418,0.1518015615228487,0.10857068638643161,0.13554817025926355,0.4186275490901335,0.14291277460571616,0.4202155165170922,-0.4090382787132992,0.828834483982243,-0.4203238279312397,0.6628387562856658,0.49506094702710474,0.6553557284672424,-0.033488350983465566,0.651340616488703,-0.6001000616267915,0.5860435464001368,0.204547853778785,0.4893002691403071,0.2481700736714225,0.6776317782545268,-0.027871105986848912,0.28739168175843527,0.6094616301261012,0.10913137538385335,-0.18486986274623568,0.6824233864320388,0.24931578362642637,0.5050557404027411,0.30650147559204866,0.45980966985485405,-0.4062615535679436,0.7272668661742367,-0.2137372574764745,0.3628541412161028,0.4149560912254376,0.09552342239462278,0.36100581820399524,0.13588024880834115,0.28590831855125204,0.13935048290649127,-0.6138034366036738,0.5256395815834318,0.27788933079262407,0.40130990027701363,0.346316409215512,0.35731754941811883,0.5587399722262764,0.024138179656498226,-0.4199494002789146,0.49736109958446656,-0.24317888451329542,0.3688425816581788,0.4956935070756832,0.6703306949380882,0.77011010325386,0.3874369787053669,0.08455205387687566,0.5522260160491971,0.2605372620842593,0.10433692144918282,0.05621379854271581,0.43985214932121774,-0.49282576373447284,0.6759548876914552,-0.025610648172693824,0.318129952775357,-0.053678278735616224,0.845181151039413,-0.18390798058729524,0.6804139633541838,0.5748766177679743,0.46897179090436597,-0.2929502797266307,0.45277049744427583,0.3015654192888831,0.4042397935317655,-0.11794553706215262,0.7555205824577093,-0.6138847568041215,0.8107220585370267,-0.8482607433915424,0.7949313369128728,0.09351738496315268,0.47310616682619944,0.7734856585044662,0.6218327203238125,-0.6011633625638312,0.574285131753238,-0.242640501170051,0.6986267143278266,0.020352227490091492,0.48713247787881536,0.07917239136978343,0.5385100502848172,0.7602041820666757,0.4834971956592505,-0.3526220253108144,0.6958811234615715
LOCO,2000,0.6276494090714452,8.668074613453015e-06,0.8028658168170866,2.4688868901982332e-05,0.2162607644557555,0.6459223329290793,0.010978647213398415,0.2906024549814877,-0.28138984060684624,0.37670033190799046,0.30442451857161096,0.31829991140015534,-0.018414947454956195,0.41446009629871644,0.051229722438500096,0.37055122205804236,-0.3812278945191694,0.527512283904729,-0.10851224139379664,0.3342019913862039,-0.06421804407021219,0.5035981750297074,0.07206181583257318,0.41653956191975017,-0.050069946270496345,0.8797720746540352,-0.2570985528124096,0.6656757443539112,-0.14824867754078763,0.3956866013487814,0.33492653101352415,0.46534427416122426,-0.050776811384427196,0.5204956364497992,-0.12996426483796705,0.5399059443211596,0.3021585050093993,0.0946224292143739,0.012778746079980807,0.5794247700237932,-0.06129353559607661,0.5884396930747146,-0.12285768288139176,0.6276728993524513,-0.13920138628131468,0.6242676052753594,-0.014531603698667576,0.6507895364966209,0.1601281412207173,0.3961429498560643,0.2765820660458374,0.4629511902817372,0.2607691297200063,0.37031621480071897,-0.3020101771796957,0.34948866137705437,-0.023553484619738496,0.735918386409453,-0.016471371673977157,0.6313217594602383,0.07127027759012881,0.4225162231716541,-0.31142648092136416,0.7218436747941871,0.07824359458420324,0.13745449842350638,0.14012962207639468,0.40487574534428605,-0.5020992527423443,0.7036879203378369,0.16296595180416634,0.11793519517891293,-0.2514857855149655,0.5829648507754596,-0.17640162148807548,0.3222476602189519,0.21569679158321975,0.6791338759501218,0.08353467119506333,0.43349635733405534,0.08785048496966762,0.1914236830701696,0.22871007161833043,0.20930377337085018,-0.1427147594780725,0.8381811196746636,-0.17933243745833374,0.5985489117130373,0.13970607803073226,0.591211624421318,0.32262018011024673,0.24535577725732147,-0.2183312325998464,0.719143843775443,0.10893233211990416,0.36254853786509994,-0.08525242390951325,0.630570776214922,-0.09955751934164622,0.32803426493269133
Robust-CPI,50,0.1857766634423921,0.0004937812260412221,0.14132588089249426,0.011488355210416648,0.03185145116753414,0.0678674059198891,-0.006466014386779332,0.4688407793581397,0.02065844267560952,0.5154630935248439,-0.02803610721748158,0.6978533216544662,0.03332196310208851,0.25101367660781376,-0.0010199334759446543,0.4764424224025771,-0.035878709009814096,0.8019399293146652,-0.0003116630474400414,0.607806040632197,0.011935927078820994,0.5683705321845469,-0.0058949819569346406,0.8087970944226923,-0.0016950664712783088,0.5342277662586047,-0.003525142695897941,0.5048513188475704,-0.009916638406076598,0.6645114001289086,0.028589838016965588,0.36301407228353916,-0.013283136000494009,0.7371087379326761,-0.008291985051914204,0.7432046053108389,0.001174454527009624,0.28832355362715834,-0.011613072130653577,0.7492795238558472,0.006087764615869136,0.39872917454614193,0.04419297631717317,0.37448650303733727,0.004407204479003171,0.19855592435356195,-0.01603839624969894,0.9551640314456966,-0.017475120134809088,0.8334785192612222,0.012921169071033195,0.16548935673197654,0.012919800541582467,0.5437902371116612,0.0014505782674989632,0.4259529595421217,-0.00909868918437631,0.5134596785986932,0.007762288653921249,0.604894602347525,0.007870062673117564,0.42832032004094517,0.002736117788607808,0.6071095187976728,-0.020899913741184856,0.40745668799308643,0.014138601222260842,0.6309118314634861,0.01253417380942186,0.41567381267402614,-0.004905217564007618,0.7347858954549298,0.00977496222844075,0.4554748760730087,-0.007091129906226248,0.57948452978579,0.003441989897056171,0.38127586664948554,0.003716263572439906,0.5181064396343802,0.039305490763902086,0.5711861241053566,0.0014253489259747252,0.5157925028376844,-0.0078038003871352245,0.7023811975576986,0.016433167179848555,0.5149076971409715,0.012241439490049529,0.12607108098328548,0.009228232733036202,0.5372390742787079,0.07466023455171604,0.49793109378758693,-0.02766625554478382,0.5126991403969344,0.007763374709410843,0.21353673881095292,-0.004092163709967812,0.8470713822109313
Robust-CPI,100,0.21788854035071356,0.08393741207155674,0.21620984523862796,0.0077840733981999095,0.04316337436050504,0.4519787454737989,-0.014422183059150547,0.5540765947052722,-0.004424453582525089,0.8808684097463297,0.006013521554171654,0.534833182061974,0.0010403080902830102,0.20863460601509265,-0.003149340462000735,0.5324629167253143,0.014078491021510155,0.49724518956599284,-0.004734600433493667,0.8467521581199458,0.008651548927739523,0.252442203300557,0.0023491342436493196,0.5357107183260722,-0.007477555438784738,0.6030221950112705,0.010906187318637111,0.21423212825063426,-0.00234415762860813,0.44548450151591024,0.0014795866710613844,0.5960396336045498,-0.0008669346202369,0.7849816846243942,0.0038836558376947553,0.4874287480458466,0.0007160234369940823,0.5210566183248613,-0.003668042172742543,0.5205135717864576,0.005175780297062769,0.5131950906295113,0.0027861282224993793,0.29414537026059095,-0.0033141781000847895,0.3748901035882387,-0.017318413415015423,0.6607454427888431,-0.017582793027720065,0.9251416774517704,0.0016799149637055635,0.5368013375535224,0.0022074011411034634,0.7337141867016806,0.004202608752317186,0.6361432295193101,0.005056911101385777,0.7132361510248452,-0.013112608633727029,0.9222010630728643,-0.0009856601553250644,0.4917885409362808,0.00025901045975111007,0.5541192539696053,0.00504867656363486,0.321865234441919,-0.007087120503576008,0.6711317044404598,0.009484173845578142,0.16628847175798456,-0.003479611077475587,0.6197377590665671,0.009287403993577779,0.16785715161205422,-0.0007569033281053171,0.7183208982263772,-0.006405136254686938,0.7273550732056739,-0.017405630255615555,0.5086809576266843,0.0019003557603120339,0.4599710567064836,-0.003886678859403085,0.6422641466893408,0.010775136346244964,0.6206202661500833,-0.006163712356505598,0.8034255140508005,-0.00272617076694529,0.5325528319418589,-0.0007435220048991317,0.7823509388153973,-0.005151633600391522,0.7171610270449409,0.0039291424934829264,0.32837858611354687,-0.015953562384949018,0.5751392853373991,-0.0020837190933748573,0.7225146713936811
Robust-CPI,200,0.396131500549478,9.581552070140722e-05,0.24750089430764577,0.0001330061395564899,0.0020570282156083526,0.33305498354996316,-0.016414739848244098,0.6832575910672796,-0.0010182415881027824,0.5014877260604624,-0.020342167631443593,0.7461609023921365,-9.22792180971076e-05,0.5297860098469458,-0.02222713094561875,0.8328409184649491,0.0019213143453436757,0.28343200314641354,-0.0043423123579834026,0.5200839959431918,0.00842274002702258,0.6281853576769175,-0.012326070910733703,0.8036680872621886,-0.01873099343135661,0.7758860927634762,-0.002171168509151951,0.7114529032144064,-0.0066577717460318256,0.4441744903721748,-0.0044084239006747525,0.683648667592862,0.0065074242718022,0.46150508088232933,-0.0008557222105547341,0.6323931792272854,-0.004964406278967158,0.8497199290823569,0.0022615616204755564,0.3651851492285125,0.007536902240646289,0.42840583986928327,-0.0059576195439157925,0.6421791497216389,0.005446581922301626,0.5749851684943048,-0.0005316136608350002,0.579683680390452,0.0007456996568142752,0.8067787569537501,-0.008659088382746346,0.5852740403166701,0.00037059394388675083,0.4154640405291241,-0.0014417303541890756,0.7046239982412298,0.044276541580808654,0.2821232779828975,-0.018250950572518652,0.702034583019892,0.003463577509379546,0.5052479940293594,0.006657733247659886,0.6552223065580487,0.006383721880942816,0.2726303217517816,-0.0005239427865689739,0.8034490794784418,-0.022771021842200048,0.6844247900445515,0.016007687286977504,0.4590589684215731,0.022285418609267377,0.34906621583476893,-0.004030931934968479,0.8813727389667216,-0.00231821771863639,0.5436615462688863,0.001900059148509601,0.5359422226413191,0.00381365070982619,0.428313571964946,-0.012794124051853135,0.7415049234048088,0.0027715792234228927,0.5163871595071827,0.0006384474183858395,0.326732442695883,-0.005946053593329127,0.6652700992284702,-0.0011432596715804312,0.2726509394372871,0.00600963999415066,0.602830115513747,0.00014127809233163675,0.6896328095209484,-0.024680032534849395,0.7234490932051899,-0.019682517109938277,0.8697546026115103
Robust-CPI,500,0.44233986210034526,1.946918743501789e-10,0.43567360597418503,1.2957146866268417e-06,0.011377492086148515,0.06618000813946974,-0.01295428433439434,0.6637192000654241,-0.00850097447253836,0.542283367266438,-0.003974873472130454,0.8181293479666196,0.0011366066915487183,0.5354921278319265,0.0019660901250289236,0.5956513216254355,-0.004517307527760896,0.8325461944474931,-0.003423979555068819,0.7008987228376291,-0.002466139833864299,0.7049076323942116,-0.025289710856261964,0.9645684729161039,-0.0002986833965956131,0.60827304898902,-0.007034239294026085,0.6024195698453859,0.0010394419270810355,0.48569799645398076,-0.004878195055633995,0.9144140610193014,-0.000564467057323296,0.6677395386733445,-0.001317418211183059,0.5957401676619882,-0.002294540800523291,0.40956150044177553,-0.00795905160035654,0.7206499880090176,0.0007737462748854746,0.23024237796405886,-0.010762567089560911,0.8836231568241375,-0.0004984075169486153,0.47994658909481885,-0.004175292047039103,0.8870240773419398,-0.009984301400080048,0.7771190093496136,0.0008012721697644313,0.468623154636954,0.0008750200104075637,0.2729726329023704,0.00362239702865143,0.6981401079198631,-0.004946895665774848,0.8792760795029566,-0.01293248986552659,0.9239489297981076,-0.010768229497706807,0.824231302900703,0.004178934294185777,0.4661196556250433,0.004966613033655678,0.40549179503885735,0.006891495939701469,0.6081515059358322,-0.007554261117976236,0.9663201461737652,-0.006391852722188964,0.835049536992891,-0.008351759106346609,0.7539899203804086,0.002194513612728513,0.45045492351241906,-0.002119681601414885,0.8485797849958328,-0.0014405666890099694,0.7315936719813021,-0.0036000701778021423,0.7613866774118556,-0.013093400950959067,0.9654819950928639,-0.004910949628564931,0.5830658778062268,-0.00316751115589325,0.6634388322338717,-0.004988413387010185,0.7595085304430671,-0.01819796323075354,0.687001657341384,-0.005124011310242186,0.6530522015186679,-0.0031007451455693853,0.6254502668180381,-0.0055201821072605696,0.6738341781836762,0.002974226974991336,0.515030721158848
Robust-CPI,1000,1.2798957606907893,6.375380245540818e-26,0.36953576771061586,1.2109428279123206e-21,0.05192938697241074,0.04742503818739685,0.036890863158070795,0.4708056387878251,0.010997047057571308,0.2896715556811881,-0.0020181326083972555,0.6821566331362741,-0.0017701795620364649,0.6779920688500515,-0.0035798811883958202,0.9529926965118298,0.0009809373147705977,0.6143609288099097,-0.005840122190146129,0.8430226280644125,-0.015932579828043258,0.7818356304137084,0.0027202245582660235,0.30610689546024555,-0.0014323198553389332,0.5283026950894194,-4.608338107810115e-05,0.7427104799893598,0.018198358561004227,0.5983559373040062,0.0053735568877719036,0.45746142670378354,-0.005090182490825857,0.804896099820186,0.0004384941590831814,0.332583282509192,-0.0012394423088115357,0.6427063864358992,-0.008120726268563541,0.7958527508077686,-0.0032635816719045144,0.8864333135930328,-0.0025447651955971874,0.5941896763504906,-0.00090105830308279,0.6706588746289215,-0.00403432348674213,0.7267041664061631,-0.00312541497074963,0.804671958458548,-9.717887369180769e-05,0.48714771462544776,-0.002217412578456167,0.6591455282122405,-0.0034915244812814697,0.5491482603198953,0.008762467758109587,0.35031226545746647,-0.0029417870649046727,0.8210692697480124,-0.0010500562641100448,0.8799403736981055,-0.0009552757716751176,0.7849865667611353,-0.0035537342143670543,0.6036991340197728,0.0007020864305241876,0.6931204082279763,-0.004037531353954007,0.8964119097908289,-0.000876084833703775,0.8174186635781238,-0.0011120019083001886,0.5164298015172117,-2.1584843972295803e-05,0.6001754239712236,-0.0020159438503584708,0.8333436987563898,-0.0006616855963730624,0.6128973185894367,-0.005338812398648787,0.8940130893640631,-0.0011825449346159166,0.64898415004297,-0.0021383611215501272,0.41948841018939104,0.0014261885848702379,0.6753160988759528,0.0004841598633168177,0.44204355808752716,-0.005314167189076296,0.8498851375904243,-0.0010831703137863518,0.49644246971957473,-0.012483192160705255,0.7373746822665675,-0.0041803910801489095,0.9244203302380924,-0.0073646127313437195,0.6117223506759417
Robust-CPI,2000,1.2186477591477793,4.478599506312935e-58,0.3539438224456564,7.78625667071721e-32,0.2388713863192952,0.00021568365434368746,0.08387950198718719,0.0017622886474265302,0.05194543681831414,0.002156165629660087,-0.0025693588925156646,0.566944105148004,0.0013884028854258454,0.5981752693671651,0.0001317389170109797,0.7174079697877589,-0.0012101059960224192,0.6790109024987089,-0.0009217084697421712,0.747141726105619,-0.009386090309890812,0.9491632603170298,-0.0019791257213346925,0.5106409938068776,-0.0012970690622973434,0.7782379217593944,-0.0026320765054051766,0.9306733439822791,-0.0033546806620461367,0.8573772856722659,0.0016022250450423747,0.6015016181019864,-0.0016477151209818095,0.379022754070786,0.0004908768909847861,0.15356475966269467,-0.0004317627600696123,0.604117020769714,-0.001420566447135017,0.6651268677854589,-0.0020974912991662464,0.6573786922083953,-0.005582391227054957,0.7297841832011096,-0.0006592561482954805,0.6076186583178633,0.0006226093933615839,0.38343248190343737,0.0014167802394862326,0.46190347912389296,-0.0007597729095707546,0.7526137807683261,0.000939889212926119,0.6587915097976271,-0.0017749337591726772,0.6980655249167047,-0.005629209984005171,0.6463708211534795,-0.0010272903148983593,0.8219934294913517,-0.005047087730346195,0.7153840378157136,-1.9779977889362854e-05,0.49707966299258627,0.000149746238289019,0.6228724707259665,-0.0019893549300238453,0.765230073998811,-0.002779391061465556,0.6660360304872095,-0.002036143848885562,0.809787419849485,-0.002949711495779258,0.5682804514181077,-0.00035561178866268245,0.673765973152168,-0.003239626701399103,0.6185910594834872,0.0011345440359190038,0.4889700091031358,-0.004717497369215611,0.7556536029401897,-0.0012256506720811362,0.8597440727603674,-0.0005506246414094484,0.3161801191414012,0.0022881384998672746,0.64061229906511,0.0018040820288882228,0.6905964100696093,0.0005104737281786405,0.4592138395860039,-0.0018069147322413398,0.9126536415669626,-0.0020974878715103486,0.7348991638108361,-0.0006806317008107521,0.5628149286390213,0.007023132356042892,0.4018682451580901
0.5*CPI,50,0.1385352063341769,0.0001657488481653067,0.11612665919675706,0.004858362358898956,0.03446880365442926,0.031015868408028554,0.009994845025301385,0.2367212790354545,-0.0015019201787637862,0.2623511304122761,0.0028913469351201414,0.3450754826704001,-0.0023107765966058937,0.12576681602642928,-0.0032123275693774324,0.24101463965454886,-0.0007600172009881161,0.3953822930541987,-0.0016910430139540072,0.29454898085330306,-0.0006654160871947187,0.28728549994716146,-0.012422532351980521,0.4070788719185629,0.014580917565041174,0.24221507309544515,0.004389623164860328,0.24342426819020316,-0.006953553238717256,0.31868987009398114,0.015875557763851245,0.1720168715144622,-0.0061118052203287965,0.37784889619802153,-0.001996097557149116,0.3467212712300603,0.00034547534660944886,0.1405835696060386,-0.00017354331669249782,0.3745205251295528,-0.007681570845342161,0.18936148654592383,0.003994825101271245,0.17998085778133352,0.002598795114925298,0.10603824164961928,-0.04385914520627494,0.4766023951355946,-0.018156008461179072,0.41081188973330013,0.0032938665311588807,0.0689184686724824,-0.0163810860439472,0.2783051354194801,-0.0037329129173801576,0.21105510623546442,0.0020760444595173903,0.258552989495138,-0.007304993980849882,0.31060780196659377,0.0027810418425709637,0.2158817941813252,-0.002486296937308707,0.28024043626449185,0.0039943452928680335,0.18895876318982865,-0.018251641722396558,0.3214941374263536,0.0062499665301921125,0.1881028705272816,-0.003640681483044466,0.3682016552914025,8.661829717765314e-05,0.23218981482184642,0.0030605347094425743,0.2581907673392476,0.002474354155403949,0.18841244163339052,0.020515232243311098,0.22999333693779025,-0.003488235994883228,0.26899015120287545,0.00402963124868224,0.26312371661599165,-0.012731282106913901,0.34496775430990106,-0.015384920952884733,0.24230465993936207,0.011181874152783645,0.04895560207755784,0.0010155934251996985,0.27224053930411396,-0.002227628024826388,0.24511280831348053,0.007879780092108202,0.24085956966062402,-0.0002703649095829656,0.10516703069003945,-0.03696793701045972,0.38930631771101476
0.5*CPI,100,0.020600306422985302,0.03740887855338355,0.024051842292115697,0.0015197377366559606,-0.0026702090643707837,0.21508394610172654,-0.0005069686431628886,0.25912979825813276,-0.0045046463636098525,0.443828780314362,-0.0012809201936414233,0.25576123251501626,0.00128376909959543,0.10168516052382134,0.0034889950858897675,0.24336748696646113,-1.9960150737185905e-05,0.2512077605647346,-0.0017935817031545403,0.4132322513187695,0.0027981785516050534,0.11820201846200924,-0.0002405108018264089,0.2608563190162272,0.0012371937270395713,0.3024047694879043,0.0002858668326298075,0.1020683671516702,0.0005424590308418291,0.18534436612645053,-4.346400149821787e-06,0.3117072451137525,-0.00341295481228404,0.3847310313143827,0.0016606145586628076,0.22943413391449563,0.0009014135747445662,0.25413383811764534,-0.0001336055469045102,0.24707677827807137,-0.0009972357275229802,0.24434702831473704,0.0030655956580108706,0.15246505107499567,0.001231362242483894,0.18867978181491024,0.002037231358786454,0.31789113018034953,-0.0031048403658347234,0.45721880066289283,-1.1964959468121136e-05,0.2682904265109649,-0.003789672675065214,0.3688834869705002,-0.002546355406608218,0.3102057715809165,-0.00493512185361599,0.353359431393394,-0.0016217562416455565,0.46229983425071586,-0.0029052169118753955,0.24321610079014472,-0.006727594702734461,0.27381448541973674,-0.00021532262029849147,0.14896066884023348,0.004471085056781762,0.32235016689951823,0.00227752935737981,0.08201080750679027,0.0013768783478928875,0.29599089916352495,0.0013245091681959398,0.07748020132259986,-0.0002753756041811677,0.35201509975174683,-0.0010210909424840714,0.3693563423133436,0.0042258170447082525,0.24821077417084453,-0.0006321850725487768,0.20995180633440985,-0.001453615464122445,0.3071649587506089,-0.007118891658228647,0.2974020934503241,-0.0004568654008756067,0.41282694332309006,-0.0011615703192524591,0.2555007750109494,-0.0013807281964020787,0.3907483840527411,-0.004839594666951934,0.3544412966732006,0.0013829726735835085,0.14510059020981614,0.0007110992207261093,0.2789094699972145,-0.002144009605095169,0.31802618460765664
0.5*CPI,200,0.4505440404016069,3.2253948785507776e-06,0.17654389277307492,4.494155978511058e-06,0.03991112718577403,0.13575970099400575,-3.279622707950014e-05,0.3343687180890867,0.016573073064642375,0.24003803937232185,-0.0003240605944111005,0.36103297477887547,0.0036463970005315128,0.24752754114201053,-0.001797548768704706,0.42621733106748494,0.006230513876360069,0.1346771014157383,-0.0010072568979760871,0.2475261789899801,-0.004201744387999286,0.30197844724326584,-0.002273432810879879,0.3438294099030649,-0.0019136816970154679,0.3566685570752389,-0.013650599096363958,0.34616800635011497,-0.00026130906434584987,0.20481336748561357,-0.014464205872881832,0.3281636148484686,0.0009441692576531053,0.23411044360642486,-0.004249254869380149,0.28287565226458194,-0.017055831757474577,0.3815037610788813,0.003144571574328082,0.14837455267818667,0.003863060068884079,0.1999135481429709,0.0073350864776991435,0.3108532124057366,-0.010063323874225982,0.2794787197902472,0.0018719113384479758,0.24610148472921417,-0.010746519840678492,0.3824769483670657,0.0003548576329536851,0.26396068501058273,0.0001547482876750178,0.16410809633370832,-0.006160998026461505,0.33978204634928366,-0.00212265557757803,0.12893598183917587,0.0011654425768128287,0.3482989932818039,0.004829085170239556,0.2186626135734706,-0.0036078190861701174,0.2816455162247137,0.0023702644188468413,0.11541818968341741,-0.0037600512492351173,0.3840552652993041,-0.005501741953412672,0.327998988544286,0.0018941801429467496,0.21545117577005962,-0.002643268996695865,0.16986844805332707,-0.018634749481891873,0.4337630589544177,0.007395389442054201,0.24943774829506593,0.0016209789971418562,0.2578203223970908,-0.0026447092272749977,0.19766235291719106,-0.0012127058756725413,0.3550690806590558,-0.022311701304783656,0.229006665352503,0.004904289437953276,0.144869439791344,0.002985190066782643,0.3013479431273588,0.014441515479362147,0.12311203197929405,-0.007838145436461398,0.2883078597892525,0.0013441026467736956,0.3153311789458674,0.005008072905201988,0.3295715342024171,-0.003357707892273861,0.3979178169286363
0.5*CPI,500,0.6303820992288629,9.575738586114289e-17,0.37686534947348177,1.282277998151216e-09,0.019165438604084165,0.016706324772171335,0.001134942844254061,0.23653738903333832,0.0032541549500361856,0.2113268963626228,-0.0015551910247652767,0.3389455977858874,0.0008170043989903349,0.21846839674563678,-0.006287894714171134,0.2835155108458143,-0.006002428604761723,0.37233801684468304,0.002730094366294454,0.3340215806582711,-0.005816125795725162,0.27902159063972715,-0.003195748381829068,0.4702956785695257,-0.0005719089874672274,0.28818554218556286,-0.0007134789496004464,0.25362493231553374,0.0016045166963362183,0.17423984856363137,-0.010111516101526647,0.43223999030742055,-0.0012967718873959423,0.27926829802321185,-0.0012376753884446483,0.2623155456762945,0.004264409360059569,0.16675408470363237,-0.0019397585566631355,0.3240059551948865,0.008237519744068025,0.09826851594520618,-0.0017324168146876445,0.403857071998924,0.003328625729391211,0.2140293815082941,-0.0033341116843798985,0.4221978791420692,7.207646253490546e-05,0.37771505396756244,0.001591053204199181,0.17787726874827775,0.001501636975032247,0.10183688139222107,-0.007823085179457926,0.32236015325724304,-0.002173653105027937,0.4214979130759763,-0.002333837927874586,0.42639895756813795,-0.003530796719043167,0.36604993278282205,0.004106309607018683,0.19121983233967316,-0.0057195290339235386,0.16422818970737024,-0.0005485774513943211,0.27831666443989556,-0.006768009556908376,0.4719431610517242,-0.006070208083607562,0.38542732814556485,2.0782212552508115e-06,0.35284707849867714,-0.009893346503570719,0.17715443960932398,-0.0034053014495784677,0.40652137414461553,-0.005677732351285749,0.3317728213087695,-0.002386503181102056,0.3580017312015692,-0.004274891306941089,0.4619500951427914,0.0012308465737867875,0.24172802496741833,-0.0017102091251131944,0.25533667941203975,-0.003278655795262106,0.3519994921121478,-0.0037090147314249836,0.3105854310288486,2.902490615931222e-05,0.3010151501610499,-0.0039760141629540426,0.28276694440032346,-0.0029834037085911713,0.3186507280445501,0.0017317231987035498,0.2078760405626272
0.5*CPI,1000,0.8784030303821316,5.437628243318217e-55,0.35333862767727714,4.845311996933786e-47,0.019460794037021997,0.01041043369915928,-0.0002235858627818099,0.1632607882608098,0.001850821475074224,0.09430863320529773,0.0002740083462762285,0.26298070746284896,-0.0006104083557379035,0.3018415202686574,-0.0010737706954304456,0.4342746582258586,-0.0008957495332781602,0.22685426905846917,-0.0002721235578762137,0.34691899823340805,-0.0011372815340965974,0.3537344919497459,6.522264775606699e-05,0.10813122743264239,0.0002285116444403453,0.19684498345676252,-0.0002147812213713454,0.32557193969715315,-0.0009868410814125523,0.24569404646329968,0.00021038740860203155,0.16921228995628895,-0.000510934096962019,0.35256351932574903,0.0006135136453171389,0.10266556719642456,0.0005278513755462938,0.25749380040944625,-0.0008768956402568436,0.3812276096896272,-0.0008168036768376643,0.41332981913099676,-0.00025819949022996787,0.2529008118731472,-0.0007838310253884435,0.2871844476878993,-0.0001845665606401333,0.29644173915866323,-0.001120187361928203,0.37317650650467105,-2.0817965064283516e-05,0.17201756883528396,0.00047683783374426766,0.2718959593935738,5.786867860518296e-06,0.20088215427307182,-0.0001182107809859394,0.1189805544280654,-0.00021386487370543788,0.3586569094803954,-0.0014706422647799795,0.4147412692972255,-0.0025620182553831522,0.31570654559765504,0.0016557946254427563,0.24600944190855145,-0.0005813320838094756,0.2887521850085233,-0.00037627726762733447,0.4082395695785045,-0.0002650309160782222,0.38472791309155674,-4.929570686770246e-06,0.20527527055020883,0.00010293618465973029,0.2389430325917118,-0.00018858766715995325,0.33821408239017603,-0.0007964706983462547,0.2588549119918803,-0.0003675271899270684,0.3860637685109882,-7.669385301480378e-05,0.29857812106415715,0.0008067153411436103,0.17107448470474018,-0.00022209959002395465,0.3194041730576427,0.001076207640707938,0.16285807775988628,-4.218342584707306e-05,0.3903391636551231,0.0013930848791609276,0.17863239995592956,0.0006203048620637407,0.3428340624699957,-0.00023296788010751494,0.4114318258548031,0.0008897137841913748,0.2041953101111203
0.5*CPI,2000,0.8838096330037253,7.9367342963719e-125,0.5426556279220829,2.4257263531465953e-74,0.09738483895149282,1.0272010416959072e-06,0.05589019412674567,0.0001837396125011883,0.02474767663965892,0.00020945400483914957,-9.390421452542718e-05,0.22676541447711715,-0.0007379744127195242,0.26756366877214394,-0.0020389114558354514,0.3052982221042776,0.0015957689832009922,0.2951834839396493,-0.0010126354860786665,0.3372879081832936,-0.0011158018976436044,0.4495788835499068,0.0013844732187579545,0.20620068031175762,-0.002006554199970729,0.35058636822562333,-0.0008285261755290971,0.4372926598734366,-0.00019107151803807377,0.4299383954495001,-0.0004522422979615368,0.2411965936279785,0.0024800633769402054,0.16365714285635127,0.0011797170324777974,0.04310210021631306,0.0005171325731325515,0.20554386019985044,-0.00015420698535814596,0.2682432891521148,0.0006876601842726391,0.27872849038873504,0.00033771505851993894,0.3039299823013515,0.0005357093183532284,0.2600844313379511,0.00046385992116371877,0.13621553337478987,0.0009637384688097791,0.20944789056521035,-0.00012371498584157626,0.31533104374557586,-0.0001963830137990155,0.29445447966933624,-0.000461689506173141,0.2998449436825267,0.0011359273662389696,0.29060306373518485,-0.000895408420348336,0.3884608384255436,-0.001742097138242718,0.34282929751703006,0.0009307094241716638,0.17581834783319966,0.00012893668529366233,0.22985358078965118,-0.003108688275147144,0.3280984804956415,-0.000755977947571729,0.2995952526581801,-0.0019080450957966847,0.35898494523266095,-9.748537985156705e-05,0.2546475542219597,5.481566194186155e-05,0.30356698306977087,-0.0003870815835559158,0.2771364149063964,-0.0030986844712480414,0.2177195682983012,0.0007672139866277443,0.33418659575828874,-0.0013614538645922002,0.3896475854637593,0.0029534622861346047,0.12446035464011135,-0.0037308003374859756,0.3070445484329267,-0.0010161188518710068,0.3124767802268419,0.0003386646971051676,0.19185097388703942,-0.0008887116390679363,0.43288557081543677,-0.003181239632651386,0.32611037138084914,-0.0007211586828569918,0.240286933380945,0.0018352033516398159,0.16042892277349122
PFI,50,1.0635023141280449,0.00010379725668101971,0.9289349414264817,0.0022767619585099133,0.21692518996737203,0.01982944343268315,0.05716647828466821,0.278898110535331,-0.00548019979672947,0.4487352608503856,-0.001144564407364726,0.799716950116951,0.0170048292873062,0.20861114318366197,-0.02385152886861019,0.6676536807790514,0.028765732771155895,0.6809834857566772,-0.009803283883565368,0.5698865435950607,-0.007703925692605118,0.7555344642346977,-0.04430262246961156,0.7519976593068434,0.043768813069520116,0.5628675018098476,0.019691654105533227,0.4559145765893966,-0.026313776623203493,0.43770187117592163,0.10073570334330613,0.3048397606311781,-0.013149426979140589,0.42882360917627804,-0.010506610468820832,0.6627856378955926,0.002843539020722963,0.2982872650777175,-0.0020140521855479846,0.7183181271078961,-0.01801963198943195,0.26324416338404744,0.01994797754993222,0.2607477742838251,0.014265173343657846,0.08377445193653334,-0.1837269705259282,0.9686916804127903,-0.13534724467790368,0.8274287435067118,0.04995078692406687,0.33942495207177087,-0.11889908237992389,0.4906109431622261,-0.040569963070707094,0.4116015806282244,0.019402175401416023,0.32572555363609856,-0.05463780481107684,0.4603175490357903,0.05818443847347363,0.33281175351198033,-0.02776935405048646,0.5346460046520807,0.028171755257225168,0.35035075844498703,-0.07356506059969513,0.5526207942627078,0.05481763187833362,0.3567431608478908,-0.010948668911906654,0.5749341528582537,0.0004734005451242987,0.5091704972720439,0.01108821245216051,0.4144124516653687,0.0152559034932923,0.3685507195076929,0.21168163682989366,0.33100986834777485,0.000856177261876887,0.533887343653084,0.003391781744397384,0.5635807915184973,-0.0656616935492086,0.7119582634898358,-0.10181311314636655,0.4193900229026096,0.06145942590935477,0.17832543649593846,-0.0027069134071204238,0.5313542387218739,-0.00023435075386873727,0.45830435607098774,0.04300277617368648,0.40940525115462023,0.01003710838161126,0.1832969176804186,-0.16083261338850302,0.7230990650148874
PFI,100,0.2574236034551878,0.028921258186672502,0.13522623300025635,0.00046716471437069585,-0.0036503630127866847,0.22470371571966716,0.007072316952240725,0.20104009650513377,-0.0190490546775749,0.7573068631124777,-0.0006481182150848027,0.5328605142816464,0.004790743207484014,0.22790987185543357,0.008755389894400617,0.3863071740113643,-0.0051005471954543155,0.5785140923674232,-0.007433281685786049,0.8506530659409341,0.011487599491042073,0.24392206082015266,0.009942279245163195,0.4435710453844642,0.01292610897023002,0.5611777548134442,0.006703826771389444,0.15547232462342497,-0.005615091786461437,0.35040870398800955,-0.0010823737170476077,0.6002462905649939,-0.02006580416426849,0.7996477947136513,0.015608840359109968,0.2654180032331752,0.00783332865214877,0.43872193786296043,0.0024889357588341017,0.34241772191416875,0.001751533779031598,0.20919311069555452,0.009056078900445188,0.18106948196651473,-0.00046066586652355524,0.47495089940307234,0.006667050781503999,0.6270618761909663,-0.02011804663179827,0.8493058324666468,-0.006335016279439637,0.6073271041871817,-0.022326897537287185,0.7375013832672919,-0.009761489368312191,0.5862367589821265,-0.01572628320487593,0.701828970630011,-0.0017042370003306244,0.7703432074669466,-0.013152346959643527,0.5424774454487328,-0.036949878307283836,0.5062500632825359,-0.014102584941474292,0.464258576349686,0.01941158944625361,0.5912506993874609,0.014511343064398097,0.238503960738387,0.008478635939746144,0.5796012445709344,0.009047801022077728,0.20601302151453763,-0.014013255180570146,0.832849226377502,-0.016615685277372845,0.7838353227045523,0.010884763338151351,0.6463698945174622,-0.0017912188744967372,0.4263295285582129,-0.003802708467586605,0.47227773347710233,-0.012567542688227329,0.5351802879435841,0.0020525966897225493,0.7193054956929692,-0.004936041251335206,0.5381736257320482,-0.006825553586640592,0.8091525301315767,-0.020292983345883062,0.6834492161626843,0.006882131270757895,0.2390539032594328,0.0026501225848002585,0.597596583107057,0.002257052759480783,0.44574319575038807
PFI,200,2.538634668145074,2.9212280635450185e-10,2.2035651058161427,1.157467406370786e-07,0.2547831483666893,0.06622944738095574,0.11331136012603871,0.4792071701296867,0.07473736640208918,0.25328654312574445,-0.011251180880023096,0.7471143715118722,0.025590019725101314,0.3860477380110484,0.02197078614725416,0.5374128667988775,0.019721538948047814,0.12858693240536354,-0.01632303050565726,0.6373885711758438,-0.02668390963488336,0.663674287217771,-0.02454679367279646,0.4050337074175884,-0.004862428232079809,0.6588768884977765,-0.029058723445375793,0.4965203531272261,-0.03516958535605583,0.5591255530271972,-0.10402569361487363,0.6031465899448892,0.016057398417285363,0.3604963859313232,-0.025167747917781938,0.46743345303898254,-0.057857433461589045,0.7265769089199302,0.012819388700460567,0.35065373030686836,0.031958282813502485,0.38841250776257447,0.014982057006494076,0.3734932868120473,-0.007291563898907061,0.43433663963434066,-0.0008135561718299856,0.3145677674446061,-0.06444765925565758,0.8553150793635447,0.051528938222894734,0.29045212786709285,0.016445924626775618,0.14467881439577399,-0.048397583241920866,0.7044892411346275,0.03885834740499889,0.06524935712638592,0.019233010628032697,0.6211182243399405,0.04764961615728172,0.40274227167209514,0.0003039254988996448,0.30332643325136766,0.00318071711676271,0.22760592822222342,-0.012624907810598822,0.5754469112147759,-0.05763650591428753,0.611878378169726,-0.020172462775067252,0.5948675888871473,0.06178750841902099,0.24326539272469688,-0.09386188056274829,0.6973455674337738,0.09099985698038958,0.4704985040219243,-0.011780416303089045,0.6327731295851401,-0.025375169721406368,0.38606743217518763,0.0006692241495255879,0.48560764952925506,-0.08583261299275026,0.4257217499900773,0.038536952091225755,0.10287214169020528,-0.009693819380784032,0.7203930481015193,0.0562717185636394,0.15339990538481674,-0.04778027545813666,0.3911425729076446,-0.002005598452653261,0.4612650542637794,0.02564983885854564,0.42784693787110484,-0.011228376285709668,0.6896684339417397
PFI,500,2.972617083603588,2.510910588285663e-13,2.6245062562013173,8.331903035126143e-15,0.18246846921551935,0.0002131044764905472,0.0518960155329791,0.34125393574439516,0.02666207013162659,0.11290936219027822,-0.00042179994095537855,0.3092928294949128,-0.01403977971130514,0.41230655119570675,-0.03921403016835826,0.5083068768619077,-0.012058886135846603,0.5950444133342165,0.008780149598414841,0.5923349728926172,-0.01568744201352213,0.387284246751984,0.03010010745712559,0.5872838928497577,0.0027046936024946082,0.39030815119591683,-0.019953009887712,0.47173656190180335,-0.020983640217296175,0.30482620832347884,-0.03391862729476767,0.49006002495566237,0.015430254877713911,0.08080817911101007,0.0034345510569855353,0.3526083005333801,0.017944165526257376,0.30335782820957763,-0.007540024045417711,0.5953707525208404,0.004601281182521395,0.3743610504597524,0.0030439436720825544,0.6026897671056612,0.01825505050543525,0.6378431588821172,0.0022511230625886273,0.5253795822510079,0.0033127400912913983,0.6915430564483871,0.020481699081822607,0.1661788551206994,0.012796278563162981,0.16694601298848197,-0.02297576526555347,0.6359805173885434,-0.0018973598638212996,0.7024880415929835,0.003278608003737023,0.6559962109679434,-0.003591294343657037,0.3731494834276565,0.008490943726234143,0.24098685028090508,0.05637768692810263,0.14840495997632286,-0.003057576841394649,0.4448352498200914,-0.031797273549412315,0.5366334840015147,-0.02491527126509645,0.6746478719814711,0.002697871907605575,0.4862473544095928,0.04005783933226374,0.11506529751303969,-0.005726417423470426,0.5732171507287875,-0.018080364814170937,0.5435496806556881,0.0052289094239941,0.476025035421519,-0.03898489446613723,0.8730852046006763,3.841367342738877e-05,0.4470247828775055,-0.014114031719138009,0.41011216893461283,-0.0063703703750203015,0.4059794285582334,0.014513643109359327,0.32856037770345253,-0.0026027121678716043,0.378811940673913,-0.016972569398341682,0.4418284763670321,-0.0007174174249010304,0.6121714615154445,-0.002413482540372584,0.5172969620654116
PFI,1000,2.7948073468561208,3.163481598797633e-44,2.5324937125210374,2.505660216796609e-44,0.0930010186497002,3.340423073456692e-05,0.006733315605509587,0.04367125062694138,0.00796889498445611,0.01507278776799097,0.001436795907597166,0.4285450734580899,-0.0004339566312839064,0.40460062175340167,-0.0014797427533680284,0.6269838268005136,0.002610806469350858,0.1747561654937913,0.0031381139958800903,0.5321591887856265,-0.0013188319084167356,0.612287274030456,0.00044404100912085294,0.32303607374349175,0.0014899673979660904,0.29429049160171766,-0.0017939855716278994,0.592815651782371,0.0009963485772212267,0.33075774215008513,0.006805793683129483,0.0798577559873276,-0.0007673515668809472,0.5090413675486687,-0.0002464132662310545,0.2968969645197972,0.008673637981544906,0.5249075068587874,-0.001978432203553266,0.6238629408784088,0.0007380207788748161,0.3254769975418098,0.0031233045535948413,0.5302449381431728,0.0003497287130645199,0.23256334721716557,0.0026473248892080275,0.3500332618748007,-0.004579800690323354,0.8064909694371672,0.0015029104454842566,0.21816778487354144,0.0019346680029702647,0.3052708675226996,-0.0004397287764954989,0.3678903464574306,0.004026550373260257,0.143175958561687,0.0012108320336759971,0.5218599863586119,0.00018065770004829874,0.3669225198103983,-0.002185772172107282,0.5270902997991975,0.007099680691007638,0.5020609736786588,-0.001756537204547183,0.5718750728969043,-0.00016323018686595746,0.42070329572533277,0.00010616788628602897,0.6476664526803216,-0.0014729155203533973,0.30105590649837033,0.0009027950291300852,0.36587881246039866,0.0008012945264856531,0.4000367370892965,0.00077359641391881,0.19040978213788035,-0.0014845295717687062,0.504539330706646,0.0003060863297522136,0.38266882640901473,0.0026243946251498216,0.12676527941923163,-0.0006694521043747277,0.6284754376612592,0.004586126970893364,0.22205755819347386,-0.0009834476915076033,0.35502574602490855,0.009004371580080711,0.04610660082268504,0.005942777659337736,0.3953576848473216,0.00464402480519554,0.5585440274570067,0.0058619715900210916,0.3269936515949501
PFI,2000,3.362343440025703,7.742516952340567e-90,3.2946301087992227,9.300044039861917e-76,0.7182751214805869,3.7719929261130746e-16,0.3206228433903573,1.7851611979542007e-13,0.15254338540704782,4.2420342476638353e-07,0.003255324472076152,0.12785890208706896,-0.00018905280683321202,0.22570362835172192,-0.006135037027126654,0.4729383554453571,0.004501541498119212,0.4606937647668927,-0.000493871409335656,0.43160061769085944,-0.0026147814925104856,0.5839567652149038,0.005041062808015425,0.35922147712047003,-0.003531008665666657,0.5034276956052374,0.004540434616413511,0.4788724450776757,0.0028383249277139787,0.5086794417304682,0.0020773612969351056,0.29466303290481294,0.011483999336328697,0.22063299598695318,0.003895921379424329,0.1506087643127657,0.0018915270609021714,0.3684813482398738,0.0014805259080995078,0.5424767478500678,0.0015628353718002068,0.5732436353788941,-0.0012558329939373247,0.560563994841009,0.0031611742918898397,0.5046221085954006,0.001724739376172743,0.12911747189425773,0.001994690898918797,0.4342500439246642,-0.0011248771499587033,0.6484716352986856,-7.230177747641697e-05,0.6260264464059674,0.0011293778306315449,0.3707717242052513,0.004749498517069186,0.2632072065165435,0.0005439553176738794,0.4718986902615213,-0.004433877893606139,0.5772796011835739,0.010676100804098069,0.08584092850724576,0.0026527572831778353,0.31963263574811074,-0.0030232321173620136,0.5939715518581374,-0.0013892883640227573,0.5864106040622548,-0.00255327942881245,0.5966888843560596,0.002362020504448895,0.3442339043725959,0.0007335104574250224,0.4468979483697735,-0.003494487190543765,0.5757742442047176,0.004280735037394345,0.18706562504226404,0.004268192927983131,0.3138091980858595,-0.0037078082969328767,0.7272785350837322,0.01215745921466699,0.14799662448445644,-0.014119039478456415,0.44612704717790375,-0.006660075590592679,0.44790760614999053,0.0018553945098451765,0.2242770440513019,-0.0005121855773093518,0.594369239123155,-0.0060030166182353075,0.8103746212735295,0.0025815133454562818,0.42675787649462854,0.006499581953495471,0.344142176464459
LOCO,50,-0.10517176583936959,0.5855764801963842,0.07474096881042974,0.6666994186739663,-0.350410030450906,0.9988598369568934,0.3368983510599989,0.33808269935026164,-0.0035625961190475317,0.6653073800804647,-0.7883816587382457,0.9996668039526937,0.38040299681939566,1.9964180579960338e-05,-0.024597624858918022,0.31407494024556376,-0.6080116493604719,0.6664976251371822,-2.0980250117505324,0.665709829796417,0.10692770293979846,0.3706526376689896,-0.0006822140229651593,0.6611110680215113,0.005214290003224094,0.33902773332074704,-0.5875603600069021,0.34378386066032873,-0.089745631904328,0.9992091540326498,-0.9692284363984338,0.666613040055804,0.0003081747364271019,0.7702648229688571,0.3659495830539438,0.3328585394468682,-0.33179710888209685,0.6292379270297392,0.2538819674729209,0.4427200022241252,-0.05384288225649505,0.333698538254238,-1.9729009750490416,0.9999999999993578,0.11800335397651657,0.12062996888658986,0.0005421153402122169,0.7200141672986983,-2.884201388156087,0.6666667428748869,0.11538739053796929,0.333599242614963,0.05240252507111629,0.3367263822614709,0.3063410414444928,0.33406824267722285,0.16492117214084537,0.33362917933560454,-0.02748646788853991,0.324437932366907,0.4030395127288212,8.584266277285775e-05,-0.015005684346080973,0.3372560434239407,0.0026173991348899884,0.3349510204940898,0.059931836639812226,0.3900250986982076,0.16666327446629509,0.33674733175734395,0.010341648961793728,0.7768295959724292,1.8174352659933795,0.10299137351346888,0.005578710480747854,0.3335767196476944,-3.2252172902051433,0.9979942268966238,-2.0365816344558896,0.9554369554788118,-0.19926401718934192,0.6663757482554842,-1.0402874617929865,0.33332820568448907,-0.1382970957435793,0.7740047319679546,0.01632515233281711,0.6756618423517331,-1.6129761272577585,0.6666678646375708,-0.0011571850076082068,0.5787920432844381,0.10389294474193593,0.3591432260363066,0.32320373184758167,0.0336793614561545,-0.571192454987928,0.7322501497775872,-0.014947709792775044,0.9952512843262831
LOCO,100,-0.48248915805115017,0.3291861430433825,0.22637499504363126,0.333583350765195,0.5736363413256657,0.5022510720189975,-0.1446350690532585,0.6337672289024946,0.03968511575492339,0.11072321795450885,0.7485058369378915,0.3324966156935862,-0.15633011668778982,0.6210874771412982,-0.29370556664745295,0.44746023923573036,-0.07304103206710154,0.6925795480544239,-1.0744151204826031,0.6664282500940621,0.35005486484662035,0.667026116788143,0.41934634341731314,0.6476616808581942,0.872489528792726,7.504923048203456e-07,0.46721932540881195,0.3332901530195424,-0.7868376093945307,0.6643529003584471,0.02246137263065176,0.47248282425171384,-0.016060685780280127,0.32297846185531054,0.7334912957607022,0.6664716560979379,0.3001063383149424,0.3559342074162675,0.29269340607997946,0.334362296894419,-1.5086270924276128,0.6662728078504913,1.7449246836332002,0.03556823769526011,-0.7190662897730612,0.4838022328779455,-0.4505701365790624,0.3331971704911433,0.2856402316757609,0.012541772641025592,1.1674308149402175,0.33232994471466015,-0.03574465846043364,0.5327760608355366,-0.1685801379500888,0.6659419106968008,0.889006651780468,0.33333530575395476,0.21272938670476615,0.6606299193341183,-1.0299799423135336,0.9976595954852567,1.617811670090339,0.014506137438127082,-0.19056725752334672,0.6173752023179881,-0.13194090143793763,0.9864294412261363,0.3692785352306887,0.28127945122030407,0.5993957319120264,0.6667009549127934,0.6350960233227302,0.4035565370414447,-0.16836381718973403,0.6679349871513274,0.7213523796573535,0.6613865166503268,1.7327445882391384,0.0267324369167314,1.272732417700467,0.0019748529867583686,-1.7569620883844188,0.3333815522529068,-0.4112153834218913,0.33263177536905497,-0.3919432665272354,0.665940706976273,0.6148437221070107,0.00033004312356965654,1.7046981272296924,0.4021062023705298,0.19939800532042404,0.3780513557628064,-0.12411171086036224,0.8806659954595855,-0.26422241326807777,0.655521175458744,0.0009162451537198679,0.6577014974066265
LOCO,200,0.9463099378123379,6.850562578430974e-06,1.0799654342167189,0.0022949243612718773,0.050263503977356155,0.7781784004847847,0.8530691333085914,0.2670203549562606,0.44173125576898603,0.3218203234194793,0.7264361271446627,0.32660188902629267,0.444214520760122,0.34110973367743247,-0.15206270586631804,0.6399495784417056,-0.14850834509549019,0.5951637969686581,-0.149425279676614,0.6434272524687539,0.3555300378869587,0.683866129644318,-0.09752650415930164,0.6420007298588069,-0.20938271966358488,0.2923887875310595,0.23116122616625007,0.07853462137960421,0.8946083619387166,0.465515818873648,-0.7985109403596857,0.6693390999772948,-0.23543124820397893,0.650142863835203,0.527165497859344,0.39478659594204396,-0.14649998371302206,0.3366141349879657,-0.14468344481162546,0.6412141532332485,-0.7739043675595565,0.3396835946009972,0.41984773727813324,0.3679870749011017,-0.08672966050148193,0.44921300553371346,0.3981476685367138,0.17125053543938012,-0.1382068447067944,0.2657917838907466,0.28624829740465374,0.3590837521796949,-0.4805879238920738,0.6663818052081381,0.02079300965572756,0.2965447876090484,0.7915198875615156,0.5990445493277448,-0.5266356753593043,0.6604979179397845,-0.5125448937062366,0.5337598243435897,0.07725563433953872,0.14596968961405024,0.21005453508589148,0.26946434922128804,-0.9076974387535468,0.3753116268292494,1.127826961209025,0.20805293486594423,-0.19593970534482746,0.388930542392073,0.15192836617366542,0.6891331776485812,-0.6248625935335612,0.36271622245292373,0.8851464821441443,0.04547312384160603,0.16114119331358653,0.6215100301323978,-0.577458766745492,0.5044994547117074,1.5174310580401051,0.03256092702815131,-0.3609784249699107,0.6462327187315138,0.7114423255894234,0.3379447736430796,-0.4415186317939557,0.9583102354125947,0.24150249864408738,0.2453549258671,0.07295365923056475,0.04602644937527215,0.22397419322565992,0.37102617801141136,0.09837654872453824,0.5266719346271128,-0.20583852126271124,0.34548106898971076
LOCO,500,0.9687681372744654,1.285908022656083e-05,-0.22688791348519288,0.2592808667294304,-0.299440482670489,0.9513307707611653,-0.841916217401892,0.3337876929997205,0.691683585128675,0.29578932789638884,-0.0687246751630003,0.286250433089981,-0.26521540481313854,0.6091718055602113,0.30270642156142186,0.3258465581055244,0.4649614834071435,0.12830588914405053,0.5334584523488412,0.6352825996673461,0.2619224056416914,0.3314248939095916,-0.5302856540947795,0.658480566158341,-0.3418031521009924,0.3007991096030052,-1.0888171829860054,0.7594780432109758,-0.5378887686514918,0.9678696482184628,0.0703417823986801,0.47511049892870044,0.5558643740845782,0.3415360476798011,-1.064289828529944,0.33385797923444266,0.3771479815526794,0.37896199522457186,-0.10672251792194207,0.8062792076753913,-0.4435568531624596,0.3159925447635026,-0.8210299214176082,0.7107926639451195,0.29225414358828505,0.5563297271993177,0.7513069753540659,0.5773274847476074,-0.8959163959848084,0.3729382899988155,-0.3323328429235529,0.3176367859483971,-0.23221737681768664,0.5859439640081996,-0.6669876582200234,0.6605739415812772,-1.0673450584617257,0.9856012195420738,-0.4373467486444805,0.858903805617599,0.20053625843506503,0.130948044169004,0.10871456933229302,0.2721127897394102,-0.13326371597356776,0.6589441714975568,0.043197048136334924,0.5307597457410206,-0.6989043932265955,0.6475538001223221,0.3281027649664971,0.6694275605201293,0.37470696236485596,0.4845200779937042,0.16675075290564995,0.6547718350138094,0.06940283382528674,0.49992990892612926,-0.2955958815354322,0.2970096520128275,0.34696357881330775,0.47089327725864094,-0.4958825753160146,0.8583883251708326,-0.4021389047640261,0.6723149383089257,0.3759745837200033,0.09877630333376242,-0.48615766617551365,0.6441265110404986,0.7882664524171193,0.04854095381615627,0.7224211050514755,0.33141409989834225,0.770059090261288,0.14757441514809333,0.2785085728706711,0.05526357560977239,-0.42720165061704446,0.6619976566048825
LOCO,1000,0.7441632918636197,0.0001852615076154418,0.3751894524912639,0.10857068638643161,0.17649228278460616,0.4186275490901335,-0.1375477294779918,0.4202155165170922,-0.02334393406402397,0.828834483982243,-0.22854749999430854,0.6628387562856658,-0.13354506798574253,0.6553557284672424,-0.013082360331969132,0.651340616488703,0.098769587210991,0.5860435464001368,-0.2684730011114609,0.4893002691403071,-0.09617488838269186,0.6776317782545268,0.04532228982495544,0.28739168175843527,0.06755589814077557,0.10913137538385335,-0.03276441821018791,0.6824233864320388,-0.029222377667745107,0.5050557404027411,-0.25468034194182987,0.45980966985485405,0.01930438007837649,0.7272668661742367,0.029279789732069888,0.3628541412161028,0.09592440333773553,0.09552342239462278,0.10567296481731604,0.13588024880834115,0.0784253803268327,0.13935048290649127,-0.013729827190266245,0.5256395815834318,-0.26629533209391293,0.40130990027701363,0.07300669674645208,0.35731754941811883,0.26000969258255285,0.024138179656498226,-0.01986287166146019,0.49736109958446656,0.0639754086877683,0.3688425816581788,-0.17551169878667416,0.6703306949380882,0.0928262906655169,0.3874369787053669,0.039383988829259295,0.5522260160491971,0.17525564145123185,0.10433692144918282,-0.015555538982032683,0.43985214932121774,-0.0803881893675868,0.6759548876914552,0.017314734365791885,0.318129952775357,-0.23898187892299805,0.845181151039413,-0.13522649357221686,0.6804139633541838,-0.07265747396326505,0.46897179090436597,5.581845727221919e-05,0.45277049744427583,-0.10959068583481414,0.4042397935317655,-0.1284917997837453,0.7555205824577093,0.007546444217617794,0.8107220585370267,-0.12280008217736148,0.7949313369128728,-0.16526365176411265,0.47310616682619944,-0.1038708052814519,0.6218327203238125,-0.04688091098525094,0.574285131753238,-0.1207907085255704,0.6986267143278266,-0.10252480377822427,0.48713247787881536,-0.13927418869792493,0.5385100502848172,0.012154175254979119,0.4834971956592505,-0.10225409102064294,0.6958811234615715
LOCO,2000,1.4247827967173594,8.668074613453015e-06,0.7154234907803207,2.4688868901982332e-05,-0.3044546327125394,0.6459223329290793,0.4940835555455814,0.2906024549814877,0.9583784219248135,0.37670033190799046,0.5021778349508357,0.31829991140015534,0.028944177792112263,0.41446009629871644,0.17221567286649317,0.37055122205804236,0.6860320755625646,0.527512283904729,1.057265189781914,0.3342019913862039,0.445754677935567,0.5035981750297074,-0.10600509960472655,0.41653956191975017,-0.8778490321938319,0.8797720746540352,-0.1656611704702759,0.6656757443539112,0.46444885847760875,0.3956866013487814,-0.011776193951510886,0.46534427416122426,0.053957285864828584,0.5204956364497992,0.12186985760302681,0.5399059443211596,0.5686602262043267,0.0946224292143739,-0.873484075847959,0.5794247700237932,-0.21106732756754767,0.5884396930747146,0.052580084311306445,0.6276728993524513,-0.05844030550143483,0.6242676052753594,-0.27065133709591344,0.6507895364966209,-0.7873454788125501,0.3961429498560643,-0.6625627347539182,0.4629511902817372,-0.16492102937477,0.37031621480071897,0.9014566767395069,0.34948866137705437,-0.05665900622494924,0.735918386409453,-0.04377126936556344,0.6313217594602383,0.011944978037429289,0.4225162231716541,0.012708187998168852,0.7218436747941871,0.29405418198791405,0.13745449842350638,0.2302186525940106,0.40487574534428605,-0.17679537655700842,0.7036879203378369,1.1117166106966947,0.11793519517891293,0.06785759725796905,0.5829648507754596,1.0747550103408652,0.3222476602189519,-0.7994060232022243,0.6791338759501218,-0.9011183452266384,0.43349635733405534,0.10987284431458011,0.1914236830701696,-0.031878909704762655,0.20930377337085018,-0.9068518491800304,0.8381811196746636,-0.07748747456832422,0.5985489117130373,-0.4155759851853975,0.591211624421318,0.6147909375627848,0.24535577725732147,-0.5823051700116647,0.719143843775443,0.23602671576231596,0.36254853786509994,0.13237855791638123,0.630570776214922,0.44262729421873215,0.32803426493269133
Robust-CPI,50,0.22880154687728074,0.0004937812260412221,0.1903007315986517,0.011488355210416648,0.061289636362494626,0.0678674059198891,0.021658856601469816,0.4688407793581397,-0.003107972518394133,0.5154630935248439,0.004715378652204846,0.6978533216544662,-0.003661812312471684,0.25101367660781376,-0.005744148770569065,0.4764424224025771,-0.0027068732078006953,0.8019399293146652,-0.0034975394004399998,0.607806040632197,-0.002857104290757762,0.5683705321845469,-0.023840379824636607,0.8087970944226923,0.021179715742743403,0.5342277662586047,0.008117950488100305,0.5048513188475704,-0.024245323190357146,0.6645114001289086,0.026163796584821087,0.36301407228353916,-0.011421677349235987,0.7371087379326761,-0.0053227609290419624,0.7432046053108389,0.0018032849458154887,0.28832355362715834,0.0008661607695894474,0.7492795238558472,-0.014626550200340233,0.39872917454614193,0.0061558624876580665,0.37448650303733727,0.005159708579863972,0.19855592435356195,-0.0785361427085366,0.9551640314456966,-0.03851651117844474,0.8334785192612222,0.004812705254633424,0.16548935673197654,-0.02511343614723986,0.5437902371116612,-0.007203799036895663,0.4259529595421217,0.003447849429581774,0.5134596785986932,-0.012995196883096485,0.604894602347525,0.007229070110052738,0.42832032004094517,-0.007586800957794061,0.6071095187976728,0.006645124612890131,0.40745668799308643,-0.03772575854700077,0.6309118314634861,0.00883870770636765,0.41567381267402614,-0.006956289376354266,0.7347858954549298,1.4742326534007411e-05,0.4554748760730087,0.003459377987286545,0.57948452978579,0.005148900963487958,0.38127586664948554,0.0063558248764853265,0.5181064396343802,-0.01134739454312124,0.5711861241053566,0.007126691899875312,0.5157925028376844,-0.02857193058647387,0.7023811975576986,-0.03336337710320954,0.5149076971409715,0.015185248706214616,0.12607108098328548,0.002452844068330742,0.5372390742787079,-0.0070166330005944815,0.49793109378758693,0.007103679629223461,0.5126991403969344,-0.00010667876503422935,0.21353673881095292,-0.07483020447987548,0.8470713822109313
Robust-CPI,100,0.03390670971321233,0.08393741207155674,0.037910365933103325,0.0077840733981999095,-0.0057995604046775845,0.4519787454737989,-0.0012531076337954096,0.5540765947052722,-0.009952186748335961,0.8808684097463297,-0.0027143374949506307,0.534833182061974,0.0023623767210520525,0.20863460601509265,0.005593194332029739,0.5324629167253143,6.041656632321208e-05,0.49724518956599284,-0.0033864160709446652,0.8467521581199458,0.005277069906783454,0.252442203300557,-0.0007837109805887004,0.5357107183260722,0.0026180496216064663,0.6030221950112705,0.00027185313334341515,0.21423212825063426,9.538171385245672e-05,0.44548450151591024,0.0002443386235489577,0.5960396336045498,-0.0062855094748429825,0.7849816846243942,0.0025779131526883696,0.4874287480458466,0.0019638970614910193,0.5210566183248613,-0.00040892984971312564,0.5205135717864576,-0.001556088479031244,0.5131950906295113,0.006163551146625097,0.29414537026059095,0.002050582988602571,0.3748901035882387,0.0030801384257254792,0.6607454427888431,-0.006220263001241903,0.9251416774517704,-0.0005105009748117778,0.5368013375535224,-0.006823714768580916,0.7337141867016806,-0.004890012605947504,0.6361432295193101,-0.00896836036496132,0.7132361510248452,-0.0029993268763136845,0.9222010630728643,-0.005818553641348794,0.4917885409362808,-0.013070813561518487,0.5541192539696053,-0.0010203999522209234,0.321865234441919,0.007728613942872939,0.6711317044404598,0.004410106815609371,0.16628847175798456,0.0020761412715043733,0.6197377590665671,0.002353638571835436,0.16785715161205422,-0.0016860239856337277,0.7183208982263772,-0.0024132516930442977,0.7273550732056739,0.00835185168729486,0.5086809576266843,-0.0015194838440322784,0.4599710567064836,-0.0030757517392324195,0.6422641466893408,-0.0181694695331769,0.6206202661500833,-0.0005725259346581156,0.8034255140508005,-0.0021412297582214857,0.5325528319418589,-0.0027727994096887172,0.7823509388153973,-0.012196180043078774,0.7171610270449409,0.0019380671857628592,0.32837858611354687,3.361366698800113e-05,0.5751392853373991,-0.007930648614687485,0.7225146713936811
Robust-CPI,200,0.7374865262629154,9.581552070140722e-05,0.2819343929813468,0.0001330061395564899,0.05993715319686433,0.33305498354996316,-0.0006856963377919019,0.6832575910672796,0.03145988144692595,0.5014877260604624,-0.0013467810224301769,0.7461609023921365,0.0072412853096799875,0.5297860098469458,-0.001405223511173095,0.8328409184649491,0.012197450866786357,0.28343200314641354,-0.001963908284829915,0.5200839959431918,-0.008876489627457032,0.6281853576769175,-0.014733037224020987,0.8036680872621886,-0.004290377208893792,0.7758860927634762,-0.03028732067625934,0.7114529032144064,0.00016964957734094622,0.4441744903721748,-0.029814975374365022,0.683648667592862,0.001918844371110985,0.46150508088232933,-0.00938780959285671,0.6323931792272854,-0.036271764111600685,0.8497199290823569,0.004160220592435322,0.3651851492285125,0.006392414966951775,0.42840583986928327,0.013108049316628475,0.6421791497216389,-0.02198327129163876,0.5749851684943048,-0.0002133298230029604,0.579683680390452,-0.022239372696910634,0.8067787569537501,-0.0007704051973319175,0.5852740403166701,-9.172658646444566e-05,0.4154640405291241,-0.009673713222722424,0.7046239982412298,-0.00573747338021719,0.2821232779828975,0.002528661509277875,0.702034583019892,0.007958615914436997,0.5052479940293594,-0.008555400950164303,0.6552223065580487,-0.00010179568901853291,0.2726303217517816,-0.007274578644006898,0.8034490794784418,-0.012958059391147267,0.6844247900445515,0.0029937951631862315,0.4590589684215731,-0.0045687734457856765,0.34906621583476893,-0.03780058024533733,0.8813727389667216,0.012459868482898068,0.5436615462688863,0.0031897408909929196,0.5359422226413191,-0.004966736382960821,0.428313571964946,-0.002549123602127339,0.7415049234048088,-0.04551686750420778,0.5163871595071827,0.008957321481735227,0.326732442695883,0.0013442852551311143,0.6652700992284702,0.024367401728078185,0.2726509394372871,-0.01652282690494202,0.602830115513747,-0.0033044247003793507,0.6896328095209484,0.006063518788850855,0.7234490932051899,-0.006408277347989721,0.8697546026115103
Robust-CPI,500,0.9233210765458271,1.946918743501789e-10,0.5601092820690649,1.2957146866268417e-06,0.027940791604619084,0.06618000813946974,-0.005501262780460178,0.6637192000654241,0.004679753967485528,0.542283367266438,-0.005605946882224054,0.8181293479666196,-5.88746079764123e-05,0.5354921278319265,-0.014533187885826901,0.5956513216254355,-0.016380548648250396,0.8325461944474931,0.004760490562640253,0.7008987228376291,-0.013332451962083542,0.7049076323942116,-0.007007283748752782,0.9645684729161039,-0.0009009496717111176,0.60827304898902,-0.0042125025074850105,0.6024195698453859,-0.0036649816721234718,0.48569799645398076,-0.02319733504724009,0.9144140610193014,-0.006779335608429764,0.6677395386733445,-0.003947517316174945,0.5957401676619882,0.004101390439312412,0.40956150044177553,-0.005144712597690219,0.7206499880090176,0.013758123164323227,0.23024237796405886,-0.007816887742025522,0.8836231568241375,0.00428861490708204,0.47994658909481885,-0.007480612562945534,0.8870240773419398,-0.0001032886074968626,0.7771190093496136,0.0020883359833148455,0.468623154636954,0.0024263702722401863,0.2729726329023704,-0.019946842525134775,0.6981401079198631,-0.005224581483274388,0.8792760795029566,-0.005923147726505144,0.9239489297981076,-0.010833970568861184,0.824231302900703,0.005505918184588755,0.4661196556250433,-0.018513271679461634,0.40549179503885735,-0.0016860175696236906,0.6081515059358322,-0.016089931918622923,0.9663201461737652,-0.013669696954674725,0.835049536992891,-0.0010964882236626824,0.7539899203804086,-0.033945382496583514,0.45045492351241906,-0.008263000316167186,0.8485797849958328,-0.01565906818880341,0.7315936719813021,-0.006791032069884777,0.7613866774118556,-0.00992733144036561,0.9654819950928639,0.0004617617121261684,0.5830658778062268,-0.0077503339202903004,0.6634388322338717,-0.007400071680794076,0.7595085304430671,-0.011826632706099377,0.687001657341384,0.0002669315808308501,0.6530522015186679,-0.009335792098759739,0.6254502668180381,-0.0071705025544629075,0.6738341781836762,0.0013013878811838516,0.515030721158848
Robust-CPI,1000,1.0582300998885892,6.375380245540818e-26,0.45780306745876126,1.2109428279123206e-21,0.027345784922772037,0.04742503818739685,-0.001395848981463788,0.4708056387878251,0.0025269869294561416,0.2896715556811881,0.0002032541222270043,0.6821566331362741,-0.0013997084928965263,0.6779920688500515,-0.003636973452663535,0.9529926965118298,-0.00268314980853389,0.6143609288099097,-0.0014117244284121361,0.8430226280644125,-0.0031686864292461247,0.7818356304137084,-0.00014338355598025602,0.30610689546024555,0.00026397853094767564,0.5283026950894194,-0.0008792067705582081,0.7427104799893598,-0.0027426899942050295,0.5983559373040062,-0.00032120980684986387,0.45746142670378354,-0.0016847473217740333,0.804896099820186,0.0008487909290868372,0.332583282509192,0.0004987744283860898,0.6427063864358992,-0.0017315046415884428,0.7958527508077686,-0.002230108013038067,0.8864333135930328,-0.0008997883968123028,0.5941896763504906,-0.0025729089139329858,0.6706588746289215,-0.001111457170093373,0.7267041664061631,-0.0024511366373170516,0.804671958458548,-0.00048465239302112386,0.48714771462544776,0.00022595519432225885,0.6591455282122405,-0.0003700303738216138,0.5491482603198953,-0.0012073763511531385,0.35031226545746647,-0.0006290128579056878,0.8210692697480124,-0.003379701510833265,0.8799403736981055,-0.005395146937331504,0.7849865667611353,0.002377652071091029,0.6036991340197728,-0.0015539074354908677,0.6931204082279763,-0.0010751749422184035,0.8964119097908289,-0.0006539177346886863,0.8174186635781238,-0.0004990933970814396,0.5164298015172117,6.94628700477963e-05,0.6001754239712236,-0.001048966142672286,0.8333436987563898,-0.001999163099938592,0.6128973185894367,-0.000972196443242425,0.8940130893640631,-0.00024259664411180613,0.64898415004297,0.0012407591477557487,0.41948841018939104,-0.0005431109028035334,0.6753160988759528,0.0011966991968670488,0.44204355808752716,-0.00020508692218785057,0.8498851375904243,0.001296420511456487,0.49644246971957473,0.0007757615368920583,0.7373746822665675,-0.0021358278050071463,0.9244203302380924,0.0008982904298381667,0.6117223506759417
Robust-CPI,2000,0.9503395527814607,4.478599506312935e-58,0.6064055735590405,7.78625667071721e-32,0.13033617621015672,0.00021568365434368746,0.08907933106428574,0.0017622886474265302,0.036717120548458465,0.002156165629660087,-0.0008207246171520214,0.566944105148004,-0.0019317147089077578,0.5981752693671651,-0.0045512817346806825,0.7174079697877589,0.0015209587606264184,0.6790109024987089,-0.002166026818840101,0.747141726105619,-0.00242866086088515,0.9491632603170298,0.002287471728299876,0.5106409938068776,-0.005146720136004789,0.7782379217593944,-0.0020997749602757205,0.9306733439822791,-0.0003449103782342676,0.8573772856722659,-0.0010692334518235228,0.6015016181019864,0.0034127588903704667,0.379022754070786,0.00226704396667998,0.15356475966269467,0.0005711072047475051,0.604117020769714,-0.0009347812495126972,0.6651268677854589,0.0007165224620473488,0.6573786922083953,0.0003491747298675882,0.7297841832011096,0.0005806770667929566,0.6076186583178633,0.000878808560890334,0.38343248190343737,0.0018737843582957191,0.46190347912389296,-0.0011018806925340865,0.7526137807683261,-0.0008656363236478848,0.6587915097976271,-0.0014473615338095871,0.6980655249167047,0.0016926244086325735,0.6463708211534795,-0.0017628898693431527,0.8219934294913517,-0.003551208706165002,0.7153840378157136,0.00040310002841890675,0.49707966299258627,-0.00013034989819103943,0.6228724707259665,-0.0067414635883797855,0.765230073998811,-0.0016257206748375448,0.6660360304872095,-0.0042949344628997145,0.809787419849485,-0.0007689780439744082,0.5682804514181077,5.946585089676594e-05,0.673765973152168,-0.0009202605762617302,0.6185910594834872,-0.007577936303208831,0.4889700091031358,0.0007605413878162968,0.7556536029401897,-0.002820844709867775,0.8597440727603674,0.0053008725779803865,0.3161801191414012,-0.008380120148956748,0.64061229906511,-0.0023193201245443593,0.6905964100696093,0.0005730144853966625,0.4592138395860039,-0.0026201431628843277,0.9126536415669626,-0.007470799943413718,0.7348991638108361,-0.0020183478478130795,0.5628149286390213,0.0020445241110303,0.4018682451580901
0.5*CPI,50,0.10587296465378618,0.0001657488481653067,0.12586627576735915,0.004858362358898956,0.03328172472790563,0.031015868408028554,-0.00017044535680928036,0.2367212790354545,-0.0020937553368359134,0.2623511304122761,-0.012328492181582846,0.3450754826704001,0.002998020903023224,0.12576681602642928,0.004732095552504421,0.24101463965454886,-0.0048373271242120475,0.3953822930541987,0.0015125808891666226,0.29454898085330306,-0.00933048530935409,0.28728549994716146,-0.013381177360641863,0.4070788719185629,-0.022622685846917626,0.24221507309544515,-0.0054511741163529815,0.24342426819020316,0.0002753104658634048,0.31868987009398114,-0.0028693977203275984,0.1720168715144622,-0.0021081850807655057,0.37784889619802153,-0.0054116797369111415,0.3467212712300603,0.010279424964634843,0.1405835696060386,-0.003263451669518548,0.3745205251295528,0.007012394784475065,0.18936148654592383,-0.0035959261751746744,0.17998085778133352,0.004803071546465211,0.10603824164961928,-0.009002893929938841,0.4766023951355946,-0.002272823467836631,0.41081188973330013,0.00630866910952343,0.0689184686724824,-0.0013380015211812454,0.2783051354194801,0.019157783122948448,0.21105510623546442,0.0024304351269474576,0.258552989495138,-0.0026158498778088824,0.31060780196659377,-0.0019269439122141482,0.2158817941813252,-0.0015577416277074885,0.28024043626449185,0.0065435040983358025,0.18895876318982865,-0.0033756802258163676,0.3214941374263536,-0.006230506141024103,0.1881028705272816,-0.004968397238460736,0.3682016552914025,-0.004308517224652132,0.23218981482184642,0.0015803297039762277,0.2581907673392476,-0.001767487621095776,0.18841244163339052,-0.008195087168269138,0.22999333693779025,-0.007245321775668858,0.26899015120287545,-0.005941558202856922,0.26312371661599165,-1.174410249706409e-05,0.34496775430990106,0.0015747216229450723,0.24230465993936207,0.02046434315560295,0.04895560207755784,-0.013056984410523815,0.27224053930411396,-0.0190209966588214,0.24511280831348053,0.011454356365586654,0.24085956966062402,0.02133882442916336,0.10516703069003945,-0.0032153980917862097,0.38930631771101476
0.5*CPI,100,0.13621232472161296,0.03740887855338355,0.11894106396266217,0.0015197377366559606,0.0049923012151876205,0.21508394610172654,0.012708155542510188,0.25912979825813276,-0.006672491312154003,0.443828780314362,-0.004187160340077748,0.25576123251501626,0.004866837616726945,0.10168516052382134,-0.0026099604971959755,0.24336748696646113,-0.03963735877673604,0.2512077605647346,-0.013822612622290575,0.4132322513187695,0.0023310902739846627,0.11820201846200924,-0.006587222414756662,0.2608563190162272,0.00012961575692663985,0.3024047694879043,0.021207897456123906,0.1020683671516702,0.008512274261835822,0.18534436612645053,-0.017525740888496864,0.3117072451137525,-0.014799119481081702,0.3847310313143827,-0.002614653826856281,0.22943413391449563,-0.008725590189247448,0.25413383811764534,0.0028320467746944834,0.24707677827807137,0.002807514127933294,0.24434702831473704,-0.0009590203703474581,0.15246505107499567,0.0015207291711096976,0.18867978181491024,-0.01240183432317413,0.31789113018034953,-0.0076079440620785,0.45721880066289283,-0.0030195716645252217,0.2682904265109649,-0.0073668427007426,0.3688834869705002,-0.005169508192245512,0.3102057715809165,-0.010082374896606986,0.353359431393394,-0.04132969359026809,0.46229983425071586,0.004396087072658135,0.24321610079014472,0.0024502010453027806,0.27381448541973674,0.006878617092871385,0.14896066884023348,-0.0038490254807186787,0.32235016689951823,0.003999006235546476,0.08201080750679027,-0.015286795713272792,0.29599089916352495,0.008409839044032932,0.07748020132259986,-0.029822098754595978,0.35201509975174683,2.3584628512832718e-05,0.3693563423133436,0.0006886232956345253,0.24821077417084453,0.00233058649578456,0.20995180633440985,0.0034385939816604927,0.3071649587506089,-0.011470082909805968,0.2974020934503241,-0.007555282633157528,0.41282694332309006,0.007679670249660691,0.2555007750109494,-0.022011936080284702,0.3907483840527411,-0.0015588135244964045,0.3544412966732006,0.006217154723089886,0.14510059020981614,0.003471613955716064,0.2789094699972145,-0.0143155744169796,0.31802618460765664
0.5*CPI,200,0.11594207010303698,3.2253948785507776e-06,0.14512045250334432,4.494155978511058e-06,0.0033132103627508225,0.13575970099400575,-0.0001261503489298195,0.3343687180890867,-0.0024263152975468865,0.24003803937232185,-0.0006480698342198244,0.36103297477887547,-0.0010202816779386634,0.24752754114201053,-0.003996226182188163,0.42621733106748494,0.0017610575637814973,0.1346771014157383,0.0035827113520498057,0.2475261789899801,-0.002933087162641732,0.30197844724326584,-0.0009449848319980117,0.3438294099030649,-0.00040569811440064924,0.3566685570752389,0.0004293772566688212,0.34616800635011497,0.0059842740012076515,0.20481336748561357,0.00192877339055679,0.3281636148484686,-0.0025625762746651084,0.23411044360642486,0.0018170582334061493,0.28287565226458194,-0.0016419077172026265,0.3815037610788813,0.004232158725723946,0.14837455267818667,-0.004876388113460896,0.1999135481429709,-0.00562872314529675,0.3108532124057366,-0.0006214456520817675,0.2794787197902472,-0.0015803012208562483,0.24610148472921417,-0.0039213011514472925,0.3824769483670657,0.0012497289600767844,0.26396068501058273,0.004726815115308481,0.16410809633370832,-0.00037089423830719367,0.33978204634928366,0.0018912650325408717,0.12893598183917587,-0.004734571201615883,0.3482989932818039,-0.003792170977565804,0.2186626135734706,-0.0006085874677768768,0.2816455162247137,0.003163191367847269,0.11541818968341741,-0.0017204939420963977,0.3840552652993041,0.0016768716214159579,0.327998988544286,-0.0050664098466355915,0.21545117577005962,0.0007820686867790987,0.16986844805332707,-0.00869760631146661,0.4337630589544177,-0.0036324254739821633,0.24943774829506593,-0.005162685401533054,0.2578203223970908,0.005767206291224497,0.19766235291719106,-0.000475247869717231,0.3550690806590558,0.002392133087038612,0.229006665352503,0.001396330171962108,0.144869439791344,-0.006169951595379344,0.3013479431273588,0.0037197174263990927,0.12311203197929405,-0.001767559837395171,0.2883078597892525,-0.01097327917446727,0.3153311789458674,-0.008466846499660109,0.3295715342024171,-0.0013861171954692953,0.3979178169286363
0.5*CPI,500,0.6961367370903936,9.575738586114289e-17,0.29090505923686155,1.282277998151216e-09,0.011117181540245163,0.016706324772171335,0.002244338069977907,0.23653738903333832,0.0023690879163998533,0.2113268963626228,-0.00027197071556561405,0.3389455977858874,-0.0008437416489054622,0.21846839674563678,-0.00039499320079985955,0.2835155108458143,-0.00021746624789033896,0.37233801684468304,-0.0011317873929403586,0.3340215806582711,0.002231463023469096,0.27902159063972715,-0.002563291295192132,0.4702956785695257,-0.00014590171438388656,0.28818554218556286,0.002021944872867435,0.25362493231553374,0.0008682480683768354,0.17423984856363137,-0.002592356409051538,0.43223999030742055,-0.0006813925298995335,0.27926829802321185,0.0009717567060111201,0.2623155456762945,0.012442289559498346,0.16675408470363237,0.002452890903363366,0.3240059551948865,0.0008753177030043383,0.09826851594520618,-0.003045400384035713,0.403857071998924,2.999705924417323e-05,0.2140293815082941,-0.0012001186924217237,0.4221978791420692,-0.004908787111229051,0.37771505396756244,-4.913559043067939e-05,0.17787726874827775,0.024849400303728543,0.10183688139222107,-0.0020414078903361684,0.32236015325724304,-0.0015898075032716,0.4214979130759763,-0.005153655474566597,0.42639895756813795,-0.00015908890528897057,0.36604993278282205,-0.0029799925395976655,0.19121983233967316,0.003388276812388746,0.16422818970737024,-0.0036108746709498534,0.27831666443989556,-0.0070306634150904945,0.4719431610517242,0.0008935421330609019,0.38542732814556485,-0.0012510787284400107,0.35284707849867714,0.0020203973181377025,0.17715443960932398,-0.0010874390702324162,0.40652137414461553,0.0025375709395894564,0.3317728213087695,-0.0001621906389775549,0.3580017312015692,-0.004405761492483914,0.4619500951427914,0.0007006895714511334,0.24172802496741833,0.0020353326349157137,0.25533667941203975,0.0020907311082877396,0.3519994921121478,0.0009705415103446313,0.3105854310288486,0.001649466815384765,0.3010151501610499,0.002813924137010862,0.28276694440032346,0.002283567998013324,0.3186507280445501,-0.007152942375006719,0.2078760405626272
0.5*CPI,1000,0.7794009716298783,5.437628243318217e-55,0.3710797539866714,4.845311996933786e-47,0.009236076920738325,0.01041043369915928,0.0005834672792565156,0.1632607882608098,0.0002712307743453821,0.09430863320529773,-0.0017149709985584175,0.26298070746284896,0.0004499832833349151,0.3018415202686574,-0.0014852807917923197,0.4342746582258586,0.0008516286322528141,0.22685426905846917,0.00021709108388685483,0.34691899823340805,0.001060690020585364,0.3537344919497459,0.002735440712680338,0.10813122743264239,0.0001693082971308443,0.19684498345676252,-0.0019027426583876081,0.32557193969715315,-5.7073744811501795e-05,0.24569404646329968,-0.00016202850162557535,0.16921228995628895,0.0004635774140382007,0.35256351932574903,0.0011617074864473584,0.10266556719642456,-0.0011569789145872327,0.25749380040944625,0.00010282834769308141,0.3812276096896272,-0.003727040157369283,0.41332981913099676,0.0008309774834094464,0.2529008118731472,0.0008082373277979766,0.2871844476878993,0.0030154040124333653,0.29644173915866323,-6.703270095310538e-05,0.37317650650467105,0.0009494148307162022,0.17201756883528396,-0.0004011671721783874,0.2718959593935738,0.0017318438418466693,0.20088215427307182,0.0015606513448051568,0.1189805544280654,-0.0009660256689341555,0.3586569094803954,-0.002935913403818321,0.4147412692972255,0.000253122919979959,0.31570654559765504,-0.0005612570199969222,0.24600944190855145,-0.0006427796421511367,0.2887521850085233,-0.0005669386707532753,0.4082395695785045,-0.0013227919939075915,0.38472791309155674,0.0018153375622036434,0.20527527055020883,-0.0005186958527925489,0.2389430325917118,-0.00030076821534071334,0.33821408239017603,0.001030532056010704,0.2588549119918803,-0.000422251550356077,0.3860637685109882,-0.0004217120434813486,0.29857812106415715,0.0002233253054994998,0.17107448470474018,-0.0032295317863240652,0.3194041730576427,-0.000549163620385347,0.16285807775988628,-0.002366495084365882,0.3903391636551231,0.0007005140115034994,0.17863239995592956,-0.000973073401000157,0.3428340624699957,-0.006545149928137033,0.4114318258548031,0.00015925119584439385,0.2041953101111203
0.5*CPI,2000,1.0243035136139491,7.9367342963719e-125,0.5155347289550418,2.4257263531465953e-74,0.03880854866508766,1.0272010416959072e-06,0.0057549883427232915,0.0001837396125011883,0.006910892007485671,0.00020945400483914957,0.0005873480648234177,0.22676541447711715,-0.00011768224339503475,0.26756366877214394,-7.233791694652347e-05,0.3052982221042776,-0.0003357152936322987,0.2951834839396493,0.00010626577155962058,0.3372879081832936,-0.0006301464210119062,0.4495788835499068,-5.637036216999528e-05,0.20620068031175762,0.0002940148821253967,0.35058636822562333,-0.0005653110743667695,0.4372926598734366,-0.001280029018490085,0.4299383954495001,-0.00011988371651293883,0.2411965936279785,0.00031260597390610244,0.16365714285635127,0.004026654152596418,0.04310210021631306,-4.8305120789795943e-05,0.20554386019985044,0.00033232291253670616,0.2682432891521148,-7.090889272526705e-05,0.27872849038873504,-0.00019301241080631876,0.3039299823013515,-0.0005677254186574267,0.2600844313379511,0.00034767983282842985,0.13621553337478987,-0.0007507310453689138,0.20944789056521035,-0.0010375519353224213,0.31533104374557586,-0.001999609491129648,0.29445447966933624,0.0005769692114529739,0.2998449436825267,-0.00030520367464387276,0.29060306373518485,-0.0008216298525088497,0.3884608384255436,0.0004924129728699968,0.34282929751703006,0.00025552141131785416,0.17581834783319966,-0.00020212265501193304,0.22985358078965118,0.00048580776049093525,0.3280984804956415,0.000664562898112732,0.2995952526581801,0.00017196282529431515,0.35898494523266095,0.0018240158874873803,0.2546475542219597,-0.0011998457104037067,0.30356698306977087,0.0010518721427220691,0.2771364149063964,0.0007853926462790451,0.2177195682983012,-0.00036636607140482505,0.33418659575828874,-0.0006270618391564521,0.3896475854637593,0.0008448549608617311,0.12446035464011135,-0.0005003014689585594,0.3070445484329267,-0.0008143393620230515,0.3124767802268419,-0.00011215361483612756,0.19185097388703942,-0.001441579839394833,0.43288557081543677,0.0007484894453772762,0.32611037138084914,0.0006649312064380235,0.240286933380945,-0.0005376696930164774,0.16042892277349122
PFI,50,0.6418131497050282,0.00010379725668101971,0.6716363073855068,0.0022767619585099133,0.20931992056939902,0.01982944343268315,0.029039536998896106,0.278898110535331,-0.002689748153896865,0.4487352608503856,-0.048526510354335015,0.799716950116951,0.004714193561696942,0.20861114318366197,0.00029941533950002096,0.6676536807790514,-0.029630871515021348,0.6809834857566772,0.010081982932364605,0.5698865435950607,-0.07085999244323685,0.7555344642346977,-0.1603257584772191,0.7519976593068434,-0.15865752151305665,0.5628675018098476,-0.028484907595316786,0.4559145765893966,0.008114283176104586,0.43770187117592163,-0.012144929859179468,0.3048397606311781,0.04565988443185565,0.42882360917627804,-0.019497368833395014,0.6627856378955926,0.014800426002483068,0.2982872650777175,-0.009595308741975743,0.7183181271078961,0.03752879436621091,0.26324416338404744,0.015848947590664332,0.2607477742838251,0.029359626514108072,0.08377445193653334,-0.04296380130176594,0.9686916804127903,-0.00937456219225106,0.8274287435067118,-0.015649851290139266,0.33942495207177087,0.005937910503272743,0.4906109431622261,0.10438354513408826,0.4116015806282244,0.1224563996366747,0.32572555363609856,0.007043294160211658,0.4603175490357903,-0.006065376374020584,0.33281175351198033,-0.0064832146574921486,0.5346460046520807,0.026942311878061228,0.35035075844498703,-0.0038969101282887676,0.5526207942627078,-0.026475860799373092,0.3567431608478908,-0.000364875467990482,0.5749341528582537,-0.027670298059388,0.5091704972720439,0.005301416714030374,0.4144124516653687,-0.003424457112984253,0.3685507195076929,-0.04769941197647972,0.33100986834777485,-0.06073529484514042,0.533887343653084,-0.025690660865096828,0.5635807915184973,-0.00976911350242795,0.7119582634898358,0.03247079769456287,0.4193900229026096,0.05001399309493502,0.17832543649593846,-0.06955235314632763,0.5313542387218739,-0.11051407452362647,0.45830435607098774,0.05926664079794427,0.40940525115462023,0.0942712809650908,0.1832969176804186,-0.009746142325030916,0.7230990650148874
PFI,100,1.2423159908074684,0.028921258186672502,1.105893732052071,0.00046716471437069585,0.3334906816833348,0.22470371571966716,0.12414876448703203,0.20104009650513377,-0.05824268163177053,0.7573068631124777,-0.04300660000945967,0.5328605142816464,0.016597365133847623,0.22790987185543357,-0.003633246809363142,0.3863071740113643,-0.12397803128743824,0.5785140923674232,-0.0762433987082156,0.8506530659409341,0.072288018885362,0.24392206082015266,-0.0005548650109455045,0.4435710453844642,-0.009505095534528035,0.5611777548134442,0.16325791977247278,0.15547232462342497,0.048845807883025734,0.35040870398800955,-0.06629789230267923,0.6002462905649939,-0.031376139492529244,0.7996477947136513,0.018807530082196558,0.2654180032331752,0.009811829416643745,0.43872193786296043,0.00890657848860152,0.34241772191416875,0.06722181512784899,0.20919311069555452,0.025048104480944456,0.18106948196651473,0.0096116910614047,0.47495089940307234,-0.03935194983805055,0.6270618761909663,-0.012644503508484912,0.8493058324666468,-0.027483795355372934,0.6073271041871817,-0.036608992235717945,0.7375013832672919,0.009800153263760852,0.5862367589821265,-0.058641461631496215,0.701828970630011,-0.14282735757822715,0.7703432074669466,0.02960659189036869,0.5424774454487328,0.010849855349723062,0.5062500632825359,0.009064440131295719,0.464258576349686,-0.004227300509379983,0.5912506993874609,0.021096710783857286,0.238503960738387,-0.08463781818575225,0.5796012445709344,0.016046031266612915,0.20601302151453763,-0.11505074728311813,0.832849226377502,-0.006988665811823899,0.7838353227045523,-0.019761660598492645,0.6463698945174622,0.014504347225335777,0.4263295285582129,0.013874038323192823,0.47227773347710233,-0.0728309381292157,0.5351802879435841,-0.07178332558224071,0.7193054956929692,0.04505253149784475,0.5381736257320482,-0.06542046887467291,0.8091525301315767,0.00817335199288282,0.6834492161626843,0.017903198628672658,0.2390539032594328,0.0039047030425350448,0.597596583107057,-0.014459641071774538,0.44574319575038807
PFI,200,1.3344576884258845,2.9212280635450185e-10,0.966029973129309,1.157467406370786e-07,0.1143255037014203,0.06622944738095574,-0.0004360843347784782,0.4792071701296867,-0.009481844991233722,0.25328654312574445,-0.002950181020482997,0.7471143715118722,-0.006124400919534487,0.3860477380110484,-0.0011480518883747709,0.5374128667988775,0.01720656059018349,0.12858693240536354,0.006716859420521165,0.6373885711758438,-0.012145416114605947,0.663674287217771,0.0020653640453547613,0.4050337074175884,-0.008960516355095698,0.6588768884977765,0.007760104397268963,0.4965203531272261,0.015643018341557822,0.5591255530271972,0.006979704450456913,0.6031465899448892,-0.009423001277164333,0.3604963859313232,0.029767654980280948,0.46743345303898254,-0.006682358301736253,0.7265769089199302,-0.0038142917077990802,0.35065373030686836,-0.021366644402468077,0.38841250776257447,-0.00256561455580938,0.3734932868120473,-0.003693055673239114,0.43433663963434066,0.02970328125964142,0.3145677674446061,-0.02236605364021113,0.8553150793635447,-0.000756368067586532,0.29045212786709285,0.0436193905410007,0.14467881439577399,0.0021846725698275483,0.7044892411346275,0.011212610467723599,0.06524935712638592,-0.014841637112639649,0.6211182243399405,-0.0005295603607229527,0.40274227167209514,0.055179869276612746,0.30332643325136766,0.013786510243233732,0.22760592822222342,-0.009008623382893387,0.5754469112147759,0.006257916308572922,0.611878378169726,-0.027861763240539218,0.5948675888871473,-0.003391227546435407,0.24326539272469688,-0.05060046835528961,0.6973455674337738,-0.027030676752195868,0.4704985040219243,-0.028102404118492103,0.6327731295851401,0.0265964614318041,0.38606743217518763,-0.0006137239217720813,0.48560764952925506,0.02289230323935121,0.4257217499900773,0.016964826587172466,0.10287214169020528,-0.027543169325024514,0.7203930481015193,0.027550317813729706,0.15339990538481674,0.019161325784504957,0.3911425729076446,-0.007476096539209784,0.4612650542637794,0.029131456342889696,0.42784693787110484,0.007947393820496956,0.6896684339417397
PFI,500,2.538114597404788,2.510910588285663e-13,1.9374906744157916,8.331903035126143e-15,0.07766778208484769,0.0002131044764905472,0.013710220928287747,0.34125393574439516,0.048323484069754584,0.11290936219027822,0.008791144354392641,0.3092928294949128,0.00786400918172899,0.41230655119570675,-0.0005616960689522763,0.5083068768619077,0.004180636076749397,0.5950444133342165,-0.0013682622766279552,0.5923349728926172,0.022345730949109174,0.387284246751984,-0.009706283771477702,0.5872838928497577,-0.002290348177617952,0.39030815119591683,0.00174441616515651,0.47173656190180335,0.025179382958457563,0.30482620832347884,0.0230755143125917,0.49006002495566237,0.009906902418024598,0.08080817911101007,0.01012126389109425,0.3526083005333801,0.05001497964308989,0.30335782820957763,0.014814184260430168,0.5953707525208404,0.009620323573885311,0.3743610504597524,-0.009717283563854658,0.6026897671056612,-0.00830000524924986,0.6378431588821172,-0.0016308147434732434,0.5253795822510079,-0.015221789728189057,0.6915430564483871,0.0021295636770428937,0.1661788551206994,0.10981146125861813,0.16694601298848197,0.005424464911213083,0.6359805173885434,-0.004582984830285898,0.7024880415929835,-0.006720308988404723,0.6559962109679434,0.0015677266634048798,0.3731494834276565,0.004777766000584023,0.24098685028090508,0.010682289205730474,0.14840495997632286,-0.0051253616377170364,0.4448352498200914,0.032743800111794924,0.5366334840015147,0.014093010809130255,0.6746478719814711,0.00323338476425601,0.4862473544095928,0.019065390550031577,0.11506529751303969,0.009227251733361952,0.5732171507287875,0.018175853424943496,0.5435496806556881,0.01118595987651965,0.476025035421519,-0.00648959247123674,0.8730852046006763,0.00484780063057401,0.4470247828775055,0.017036474057723863,0.41011216893461283,0.03901086536221446,0.4059794285582334,0.01061925753185031,0.32856037770345253,0.0111406472541647,0.378811940673913,0.013752319801072235,0.4418284763670321,0.0014525963439806864,0.6121714615154445,-0.01003753122240475,0.5172969620654116
PFI,1000,2.284954189494545,3.163481598797633e-44,2.331041530273015,2.505660216796609e-44,0.09830417028120161,3.340423073456692e-05,0.02380931105557385,0.04367125062694138,0.020727268701111915,0.01507278776799097,-0.004855548963492802,0.4285450734580899,0.004540957357741922,0.40460062175340167,-0.0006720419381094085,0.6269838268005136,0.007227595719287139,0.1747561654937913,0.0003127285036361309,0.5321591887856265,0.003855486579906821,0.612287274030456,0.0014220126081598036,0.32303607374349175,-0.002244303756558591,0.29429049160171766,-0.004981193280201064,0.592815651782371,-0.0006020612536216877,0.33075774215008513,0.004159267394198822,0.0798577559873276,0.008457948199116256,0.5090413675486687,0.005137865373279644,0.2968969645197972,-0.008499343756840774,0.5249075068587874,-0.00036712599469985487,0.6238629408784088,-0.00044330576333890013,0.3254769975418098,-0.001237771546379702,0.5302449381431728,0.024889066962530335,0.23256334721716557,0.010848716508347267,0.3500332618748007,-0.0012428278553521287,0.8064909694371672,0.0028542209889822158,0.21816778487354144,0.002798990060065485,0.3052708675226996,0.006883277306005116,0.3678903464574306,0.0019477467710733855,0.143175958561687,-0.003512223548831273,0.5218599863586119,0.0016597876332250278,0.3669225198103983,0.005399120116301706,0.5270902997991975,-0.001835313801133026,0.5020609736786588,-0.004797360241190933,0.5718750728969043,0.0072962066224091324,0.42070329572533277,-0.0024384685277888435,0.6476664526803216,0.016870899646168534,0.30105590649837033,-0.0034700071083466465,0.36587881246039866,0.009367596216941398,0.4000367370892965,0.005111276384715379,0.19040978213788035,-0.0009124565849319735,0.504539330706646,0.004094427152961585,0.38266882640901473,0.0021550259764448795,0.12676527941923163,-0.006639114084844324,0.6284754376612592,-0.0010880676374544773,0.22205755819347386,0.0033969144662111357,0.35502574602490855,0.010471760681024747,0.04610660082268504,0.002923793691927079,0.3953576848473216,-0.01102851220270251,0.5585440274570067,-0.00011834546504228927,0.3269936515949501
PFI,2000,3.058051603534888,7.742516952340567e-90,2.7268824920689587,9.300044039861917e-76,0.1697743040531506,3.7719929261130746e-16,0.08083453685094791,1.7851611979542007e-13,0.051907209981153536,4.2420342476638353e-07,0.004335859722110359,0.12785890208706896,0.0020435238935313277,0.22570362835172192,0.0016996538607868597,0.4729383554453571,-0.0005276349764665188,0.4606937647668927,0.0023758541306202127,0.43160061769085944,-0.0010704431611775098,0.5839567652149038,0.000533753581196892,0.35922147712047003,0.005219721958414489,0.5034276956052374,-0.0013333210128669592,0.4788724450776757,-0.003132231246640047,0.5086794417304682,-0.0006495142056391683,0.29466303290481294,0.0009043610978969315,0.22063299598695318,0.010526148955658432,0.1506087643127657,0.0009066026297290839,0.3684813482398738,7.520293251713639e-05,0.5424767478500678,-0.0022931284675034385,0.5732436353788941,0.0008664819865689255,0.560563994841009,-0.0019486092029855507,0.5046221085954006,0.004302942098918186,0.12911747189425773,-0.0023796975068271805,0.4342500439246642,-0.004254079174667904,0.6484716352986856,-0.004058284021484384,0.6260264464059674,0.0036070204842022545,0.3707717242052513,0.0002901984236871118,0.2632072065165435,0.0002522711656764837,0.4718986902615213,0.003341412715913898,0.5772796011835739,0.005968310508776703,0.08584092850724576,-0.00048228363077902224,0.31963263574811074,0.002468243641537275,0.5939715518581374,0.004240549380164949,0.5864106040622548,0.0014674686592580008,0.5966888843560596,0.006932839454877339,0.3442339043725959,-0.0006818550092981571,0.4468979483697735,0.007079649108505202,0.5757742442047176,0.0036189751545584823,0.18706562504226404,0.002093902388606331,0.3138091980858595,-0.0023931641118978657,0.7272785350837322,0.002874567743991833,0.14799662448445644,0.0004902984242572133,0.44612704717790375,0.001278494943883084,0.44790760614999053,0.0011591856330715594,0.2242770440513019,-0.0023506083838286183,0.594369239123155,-0.0017728713966788715,0.8103746212735295,0.0012861665461923427,0.42675787649462854,-0.0025172415665501314,0.344142176464459
LOCO,50,0.42784595433113676,0.5855764801963842,-0.5304343493822968,0.6666994186739663,-1.7127241718939001,0.9988598369568934,-0.22155611631676522,0.33808269935026164,-1.7378705870780353,0.6653073800804647,-0.8816887200980985,0.9996668039526937,1.0241761848463422,1.9964180579960338e-05,0.31858444572725314,0.31407494024556376,0.5158351163198621,0.6664976251371822,-0.20807848815257526,0.665709829796417,0.12548299285620992,0.3706526376689896,-0.00454534840211447,0.6611110680215113,0.22340979931775712,0.33902773332074704,0.017679995342965438,0.34378386066032873,-1.339797231345026,0.9992091540326498,1.759162648342223,0.666613040055804,-0.18464602656800325,0.7702648229688571,-0.14584004304082027,0.3328585394468682,-0.0002808484067170534,0.6292379270297392,0.08654923119924361,0.4427200022241252,1.0538407885283925,0.333698538254238,-1.3150093265476657,0.9999999999993578,0.18554093993457296,0.12062996888658986,-1.206677598436634,0.7200141672986983,-1.4542405243672,0.6666667428748869,-0.38660706252177585,0.333599242614963,0.1656056120371249,0.3367263822614709,-0.01395599867674055,0.33406824267722285,0.50797718938799,0.33362917933560454,0.26806304086720717,0.324437932366907,1.3036915376901714,8.584266277285775e-05,0.4545995157682463,0.3372560434239407,0.5917666866881504,0.3349510204940898,-0.03135713843894906,0.3900250986982076,-1.0032461431709752,0.33674733175734395,-0.12970386285511282,0.7768295959724292,0.3791421716362328,0.10299137351346888,0.3741368595515785,0.3335767196476944,-0.00044388299077043595,0.9979942268966238,-0.0002124632338245135,0.9554369554788118,-0.019900405434899033,0.6663757482554842,1.7096950952382146,0.33332820568448907,-0.7067666299688582,0.7740047319679546,-0.39408319846352546,0.6756618423517331,0.3777128866243706,0.6666678646375708,-0.4690165435202532,0.5787920432844381,0.15921110747767286,0.3591432260363066,0.5499259873393801,0.0336793614561545,0.026907749898255635,0.7322501497775872,-0.5565455440570911,0.9952512843262831
LOCO,100,3.6534124556298493,0.3291861430433825,0.5107191640308871,0.333583350765195,-0.1801837628318625,0.5022510720189975,0.09280461573589804,0.6337672289024946,0.08935247104577829,0.11072321795450885,-0.20165781268009408,0.3324966156935862,0.6690822578091769,0.6210874771412982,0.0011211687551015586,0.44746023923573036,-0.38636815204922437,0.6925795480544239,0.010370895643571016,0.6664282500940621,-0.646964002150163,0.667026116788143,-0.2396077690698372,0.6476616808581942,2.008923993398179,7.504923048203456e-07,-0.2332104477791211,0.3332901530195424,-0.18947160110748984,0.6643529003584471,3.5790833435782234,0.47248282425171384,0.02654070689807575,0.32297846185531054,-0.5375810061869416,0.6664716560979379,-0.371342531214793,0.3559342074162675,0.6517927770423547,0.334362296894419,0.04455584121588752,0.6662728078504913,0.2686688277679683,0.03556823769526011,0.20709070715317243,0.4838022328779455,2.1449086083543083,0.3331971704911433,0.9694323542220962,0.012541772641025592,-0.21445579248668795,0.33232994471466015,-0.9145820790366787,0.5327760608355366,-0.2863774772775507,0.6659419106968008,1.7336855240894984,0.33333530575395476,-0.34679559117193387,0.6606299193341183,-0.20067275539739893,0.9976595954852567,1.0570350062549254,0.014506137438127082,0.07976300989594806,0.6173752023179881,-3.870982930456532,0.9864294412261363,-0.06336037445851418,0.28127945122030407,-1.304113445585735,0.6667009549127934,-0.923514572430709,0.4035565370414447,0.08361418634953652,0.6679349871513274,-0.1679067572308395,0.6613865166503268,0.44372554852672563,0.0267324369167314,0.30044713863156175,0.0019748529867583686,0.6058335240817532,0.3333815522529068,0.029235188620914128,0.33263177536905497,3.7096326328991807,0.665940706976273,0.0428046835609913,0.00033004312356965654,-0.05708174467807333,0.4021062023705298,-0.34411538464949365,0.3780513557628064,-0.07959249622897438,0.8806659954595855,-0.8471093527451558,0.655521175458744,-0.021707200178118634,0.6577014974066265
LOCO,200,0.7217744455522299,6.850562578430974e-06,0.10142182588761953,0.0022949243612718773,-0.5717723573598679,0.7781784004847847,0.23702931108247108,0.2670203549562606,0.5224957854358893,0.3218203234194793,-0.15359407001754383,0.32660188902629267,0.3622201134820263,0.34110973367743247,0.1447227414004282,0.6399495784417056,0.34640758709504377,0.5951637969686581,-0.4566861714984396,0.6434272524687539,-0.1284676547022125,0.683866129644318,0.6006179177404648,0.6420007298588069,0.3728312412678485,0.2923887875310595,0.4614255557551282,0.07853462137960421,-0.15466308440205334,0.465515818873648,-0.32879368217225663,0.6693390999772948,-0.4619019791113588,0.650142863835203,0.1140982618489357,0.39478659594204396,0.529928432374307,0.3366141349879657,-0.4627540496340506,0.6412141532332485,0.5593140220208398,0.3396835946009972,0.5043989893054236,0.3679870749011017,0.13998322759708873,0.44921300553371346,0.06652979667700175,0.17125053543938012,0.5961021005110405,0.2657917838907466,-0.28939498616721904,0.3590837521796949,0.5906085763612146,0.6663818052081381,0.06924675483036713,0.2965447876090484,-0.3294789091986877,0.5990445493277448,0.06401312701462859,0.6604979179397845,-0.04978375221130616,0.5337598243435897,0.04007971218919414,0.14596968961405024,0.047498212098287744,0.26946434922128804,0.04069954044083348,0.3753116268292494,0.7509214979214207,0.20805293486594423,0.025116693885849528,0.388930542392073,-0.1271880941094187,0.6891331776485812,0.6829826707414588,0.36271622245292373,0.08539037133897451,0.04547312384160603,-0.25393798903992243,0.6215100301323978,-0.004449688583990409,0.5044994547117074,0.7194920841314255,0.03256092702815131,0.4333819355720739,0.6462327187315138,0.21035797794579497,0.3379447736430796,-0.7390846288296891,0.9583102354125947,0.2085194410116076,0.2453549258671,0.2971572710285112,0.04602644937527215,-0.42381964993395593,0.37102617801141136,-0.5465568285938515,0.5266719346271128,0.2731461502924714,0.34548106898971076
LOCO,500,1.9497440844542415,1.285908022656083e-05,0.6507909916532406,0.2592808667294304,-0.2938743544890578,0.9513307707611653,0.49727249792818334,0.3337876929997205,-0.3686594773889044,0.29578932789638884,0.12410975750943622,0.286250433089981,-0.6524599925166288,0.6091718055602113,0.3820656524083244,0.3258465581055244,0.07682445524947427,0.12830588914405053,-0.3598347749173488,0.6352825996673461,0.9117706900054686,0.3314248939095916,-0.3379040921125649,0.658480566158341,0.6102169187773396,0.3007991096030052,0.11101786185865116,0.7594780432109758,-0.32614875911855745,0.9678696482184628,0.5341392094693518,0.47511049892870044,-0.5515701897049943,0.3415360476798011,0.5275659634221581,0.33385797923444266,0.17030654920679372,0.37896199522457186,-0.13342504283857237,0.8062792076753913,0.6180133793489657,0.3159925447635026,-0.21572334160102588,0.7107926639451195,-0.43553673461325076,0.5563297271993177,-0.8125778818021936,0.5773274847476074,0.23876832507623402,0.3729382899988155,0.6491486775540605,0.3176367859483971,0.5143989671169621,0.5859439640081996,-0.32612740908839755,0.6605739415812772,-0.27335594235491484,0.9856012195420738,-0.05650560742372874,0.858903805617599,0.19818728907763983,0.130948044169004,-0.027334903119540798,0.2721127897394102,0.08675786781481651,0.6589441714975568,0.11405929902992573,0.5307597457410206,-0.3323226419220364,0.6475538001223221,-0.669565367715262,0.6694275605201293,-0.7537108141859544,0.4845200779937042,-0.33971474390743867,0.6547718350138094,-1.05851696391345,0.49992990892612926,0.5957580138754812,0.2970096520128275,0.10016277771732701,0.47089327725864094,-0.10792928459382421,0.8583883251708326,0.24505143993198242,0.6723149383089257,0.12295770264353888,0.09877630333376242,-0.39298803719882974,0.6441265110404986,0.20757895079962022,0.04854095381615627,0.6448722436322228,0.33141409989834225,0.03960435880310364,0.14757441514809333,0.8794369918338472,0.05526357560977239,0.23874012068024691,0.6619976566048825
LOCO,1000,1.1965805047120999,0.0001852615076154418,0.9773683595669674,0.10857068638643161,-0.20738839084539193,0.4186275490901335,0.6141034939761241,0.4202155165170922,-0.32109834054773045,0.828834483982243,0.2853663355109604,0.6628387562856658,-0.4957034312988097,0.6553557284672424,-0.1633148212904666,0.651340616488703,-0.07580650316985252,0.5860435464001368,0.1212219542548182,0.4893002691403071,-0.4037253103953552,0.6776317782545268,0.6006321665929439,0.28739168175843527,0.2879493796151542,0.10913137538385335,-0.07383691652301393,0.6824233864320388,-0.07827042793988176,0.5050557404027411,0.14493437869569242,0.45980966985485405,-0.171556619251137,0.7272668661742367,0.5518914292096466,0.3628541412161028,0.24025842841677206,0.09552342239462278,0.17846394045838068,0.13588024880834115,0.5232591865497359,0.13935048290649127,0.33844052454493373,0.5256395815834318,0.3651042458020935,0.40130990027701363,-0.10111330186558865,0.35731754941811883,0.30998332679994156,0.024138179656498226,0.5916749047988338,0.49736109958446656,0.2214231300933659,0.3688425816581788,-0.5267606730066513,0.6703306949380882,-0.5512077629203995,0.3874369787053669,-0.28625120704679397,0.5522260160491971,0.2746773090488975,0.10433692144918282,0.07156860585773119,0.43985214932121774,0.12375405989238436,0.6759548876914552,0.5436027218233676,0.318129952775357,-0.35054909459949163,0.845181151039413,0.05132260814842963,0.6804139633541838,-0.03803343203269702,0.46897179090436597,0.3529197597113197,0.45277049744427583,0.1633613180986817,0.4042397935317655,-0.07935514060559799,0.7555205824577093,-0.4065431849931828,0.8107220585370267,0.005779328341894424,0.7949313369128728,0.2910553066264041,0.47310616682619944,-0.41013496369532937,0.6218327203238125,0.48288025168897436,0.574285131753238,0.05471777780271258,0.6986267143278266,0.2999061078504294,0.48713247787881536,0.1048059123254195,0.5385100502848172,-0.470165237820375,0.4834971956592505,0.10005148265829947,0.6958811234615715
LOCO,2000,1.0380006295223985,8.668074613453015e-06,0.717889166750453,2.4688868901982332e-05,-0.21803676656272716,0.6459223329290793,0.05688911357358723,0.2906024549814877,0.1445537074397693,0.37670033190799046,-0.19130957403974977,0.31829991140015534,0.08237459573712766,0.41446009629871644,-0.04481233473208393,0.37055122205804236,-0.027705383669000338,0.527512283904729,0.10928598122785688,0.3342019913862039,-0.10645140494103733,0.5035981750297074,0.10733299787118343,0.41653956191975017,-0.412159602768834,0.8797720746540352,0.1327557839832041,0.6656757443539112,0.07897117396011352,0.3956866013487814,-0.1448099229270928,0.46534427416122426,-0.014605227626181421,0.5204956364497992,-0.024022758939316595,0.5399059443211596,0.08081766939760547,0.0946224292143739,0.08397306723783317,0.5794247700237932,0.11284661697947132,0.5884396930747146,-0.07220936357472725,0.6276728993524513,0.03240428677441325,0.6242676052753594,0.006283089791985442,0.6507895364966209,0.1965974755506956,0.3961429498560643,0.044435334977755814,0.4629511902817372,0.10128000744029737,0.37031621480071897,0.19671743221912577,0.34948866137705437,-0.32904601568834335,0.735918386409453,-0.08853112560091145,0.6313217594602383,-0.0007588693785210992,0.4225162231716541,-0.07881085803696465,0.7218436747941871,0.17862825334876342,0.13745449842350638,-0.34762455925029195,0.40487574534428605,0.10313763959928271,0.7036879203378369,0.10044767054698846,0.11793519517891293,0.01811093465236217,0.5829648507754596,0.17288323084176532,0.3222476602189519,-0.29999614051960216,0.6791338759501218,0.242117385686032,0.43349635733405534,0.16584430111542126,0.1914236830701696,0.31083168774532577,0.20930377337085018,-0.05915250376413452,0.8381811196746636,0.1248623201785256,0.5985489117130373,-0.06353612740094505,0.591211624421318,-0.08133773425700705,0.24535577725732147,0.11153502901147307,0.719143843775443,-0.1296679811102054,0.36254853786509994,-0.27680218854666844,0.630570776214922,0.12032416494337003,0.32803426493269133
Robust-CPI,50,0.1907527059036492,0.0004937812260412221,0.2317318235941646,0.011488355210416648,0.06222577897915488,0.0678674059198891,0.0004117678329751445,0.4688407793581397,-0.004162383022961718,0.5154630935248439,-0.0241571034039819,0.6978533216544662,0.005331117668074687,0.25101367660781376,0.008222302659423865,0.4764424224025771,-0.00843879712032185,0.8019399293146652,0.0029279301210511526,0.607806040632197,-0.01625429663343349,0.5683705321845469,-0.02579663754117857,0.8087970944226923,-0.04535337121284029,0.5342277662586047,-0.00992008869657005,0.5048513188475704,0.0008580896847482695,0.6645114001289086,-0.0049974371171427,0.36301407228353916,-0.0026455141320873457,0.7371087379326761,-0.013406259337034137,0.7432046053108389,0.015990566865153127,0.28832355362715834,-0.00688031020875028,0.7492795238558472,0.01142483108046179,0.39872917454614193,-0.007243023268042003,0.37448650303733727,0.01084741945233735,0.19855592435356195,-0.01848679970121696,0.9551640314456966,-0.004542750179454282,0.8334785192612222,0.010344079396114664,0.16548935673197654,-0.002312476725488054,0.5437902371116612,0.03432231467169686,0.4259529595421217,0.006104084402417167,0.5134596785986932,-0.004721138896691931,0.604894602347525,-0.005066506622363618,0.42832032004094517,-0.0045564051722258225,0.6071095187976728,0.010362646080827303,0.40745668799308643,-0.006052131289750643,0.6309118314634861,-0.012725290200797277,0.41567381267402614,-0.008818009412999839,0.7347858954549298,-0.006942153854489394,0.4554748760730087,0.001298555844364654,0.57948452978579,-0.002469266866761681,0.38127586664948554,-0.014837378604391646,0.5181064396343802,-0.01360097973444061,0.5711861241053566,-0.011761670537771217,0.5157925028376844,0.0002565370608717601,0.7023811975576986,0.0012893989952997044,0.5149076971409715,0.03759460922988389,0.12607108098328548,-0.025146126803795146,0.5372390742787079,-0.03189247876407827,0.49793109378758693,0.020714151651327888,0.5126991403969344,0.036312812459773365,0.21353673881095292,-0.00860496197052175,0.8470713822109313
Robust-CPI,100,0.2602614226993582,0.08393741207155674,0.21939294049132657,0.0077840733981999095,0.007086966820749607,0.4519787454737989,0.02521678739800817,0.5540765947052722,-0.010351156230203136,0.8808684097463297,-0.009645943237935984,0.534833182061974,0.00936063777287356,0.20863460601509265,-0.007122180427256902,0.5324629167253143,-0.07948164376514238,0.49724518956599284,-0.02727329531451479,0.8467521581199458,0.0028179093862916527,0.252442203300557,-0.012135458492339312,0.5357107183260722,9.395235728992757e-05,0.6030221950112705,0.040857010282931865,0.21423212825063426,0.016823322247619475,0.44548450151591024,-0.03427186342617296,0.5960396336045498,-0.02802148756041168,0.7849816846243942,-0.0060490335617056174,0.4874287480458466,-0.018340666113422957,0.5210566183248613,0.0034272430266524254,0.5205135717864576,0.0014097394038729686,0.5131950906295113,-0.0006007995475042911,0.29414537026059095,0.0034329768029311303,0.3748901035882387,-0.02704962967116754,0.6607454427888431,-0.015968135528072323,0.9251416774517704,-0.004142815675291211,0.5368013375535224,-0.015833366861824134,0.7337141867016806,-0.01307565632219362,0.6361432295193101,-0.01969013297829004,0.7132361510248452,-0.0795925097576679,0.9222010630728643,0.008702568574970202,0.4917885409362808,0.004896904871812321,0.5541192539696053,0.013647969795569323,0.321865234441919,-0.00870821477325621,0.6711317044404598,0.008337075978854578,0.16628847175798456,-0.031524641638275876,0.6197377590665671,0.015657161121528755,0.16785715161205422,-0.05733568164650332,0.7183208982263772,0.0009770232084864556,0.7273550732056739,0.0009896318851425085,0.5086809576266843,0.003020489957328927,0.4599710567064836,0.006843135204711845,0.6422641466893408,-0.021607696548866573,0.6206202661500833,-0.015647615270363888,0.8034255140508005,0.010844114696737689,0.5325528319418589,-0.04171515547543091,0.7823509388153973,-0.0016007833279029953,0.7171610270449409,0.008619265804628854,0.32837858611354687,0.00685757146315748,0.5751392853373991,-0.03931917902656894,0.7225146713936811
Robust-CPI,200,0.18456918097263308,9.581552070140722e-05,0.2267278832032031,0.0001330061395564899,0.003640248867395133,0.33305498354996316,-0.0003661713897797823,0.6832575910672796,-0.005709920512197289,0.5014877260604624,-0.0015298295370045887,0.7461609023921365,-0.002871831450727852,0.5297860098469458,-0.008329488320251828,0.8328409184649491,0.0017268993343264813,0.28343200314641354,0.00625999033336512,0.5200839959431918,-0.006195026390259022,0.6281853576769175,-0.002517367810883099,0.8036680872621886,-0.0037083272394186307,0.7758860927634762,0.0004195781975580433,0.7114529032144064,0.00931036853560224,0.4441744903721748,0.00313396278715612,0.683648667592862,-0.00531590594072515,0.46150508088232933,-0.0003969886288409987,0.6323931792272854,-0.0036653505745499406,0.8497199290823569,0.0046374278333056245,0.3651851492285125,-0.011299029109958671,0.42840583986928327,-0.013009350748252286,0.6421791497216389,-0.0014180094654143527,0.5749851684943048,-0.0033583400841471905,0.579683680390452,-0.008349541572340942,0.8067787569537501,0.0019713477744419975,0.5852740403166701,0.005728029536266671,0.4154640405291241,-0.0015244091215658134,0.7046239982412298,0.003589612320886297,0.2821232779828975,-0.010372885849659215,0.702034583019892,-0.010528327376908658,0.5052479940293594,-0.007064777658133864,0.6552223065580487,0.005581412065438351,0.2726303217517816,-0.003805019907034715,0.8034490794784418,0.0025520842862774376,0.6844247900445515,-0.010028119090257262,0.4590589684215731,0.0011101288324329283,0.34906621583476893,-0.016885598381916094,0.8813727389667216,-0.007893234956405948,0.5436615462688863,-0.010611891922827871,0.5359422226413191,0.008068981574869486,0.428313571964946,-0.0007471160083506143,0.7415049234048088,0.0011010567769541824,0.5163871595071827,0.0008073663001282728,0.326732442695883,-0.012140109793210029,0.6652700992284702,0.006780450437177104,0.2726509394372871,-0.003950676302513098,0.602830115513747,-0.026727241879448093,0.6896328095209484,-0.02126549204666972,0.7234490932051899,-0.014118177851601915,0.8697546026115103
Robust-CPI,500,0.9380821782481178,1.946918743501789e-10,0.3808039558544018,1.2957146866268417e-06,0.01939004621401905,0.06618000813946974,0.001392118159732519,0.6637192000654241,0.0014898985728095105,0.542283367266438,-0.0023422194180090384,0.8181293479666196,-0.002648498558615894,0.5354921278319265,-0.0010019549699514351,0.5956513216254355,-0.0025481118276892128,0.8325461944474931,-0.002828953310761294,0.7008987228376291,0.0011700353899727976,0.7049076323942116,-0.006056213827829232,0.9645684729161039,-0.0006246074304431717,0.60827304898902,0.003092229995717816,0.6024195698453859,-0.00017802015143496784,0.48569799645398076,-0.005276001434069227,0.9144140610193014,-0.0020086550602359575,0.6677395386733445,0.0013674509362373646,0.5957401676619882,0.018059719895004045,0.40956150044177553,0.0029100647036474432,0.7206499880090176,0.0015085553430144551,0.23024237796405886,-0.00730502722073422,0.8836231568241375,-6.508101160316776e-05,0.47994658909481885,-0.0033177031833606513,0.8870240773419398,-0.009691398776147227,0.7771190093496136,-0.0034078042013049497,0.468623154636954,0.030755802636765316,0.2729726329023704,-0.005362172290293486,0.6981401079198631,-0.0035891612201969995,0.8792760795029566,-0.01580869900740779,0.9239489297981076,-0.0008895754047227943,0.824231302900703,-0.009312692782374723,0.4661196556250433,0.006884407347141115,0.40549179503885735,-0.008602382707441878,0.6081515059358322,-0.016137919551674745,0.9663201461737652,-0.0007595788372496872,0.835049536992891,-0.0035568466667903788,0.7539899203804086,0.00216090294299568,0.45045492351241906,-0.0026028585201407213,0.8485797849958328,0.0027933002204927407,0.7315936719813021,-0.0007122207729073984,0.7613866774118556,-0.011234009771681614,0.9654819950928639,0.0005841919899681327,0.5830658778062268,0.0020650981907488907,0.6634388322338717,0.0004508804734340828,0.7595085304430671,0.0015174628162156394,0.687001657341384,-0.0008088146919473802,0.6530522015186679,0.00418784100647069,0.6254502668180381,0.003661823338017929,0.6738341781836762,-0.02274797980327468,0.515030721158848
Robust-CPI,1000,0.9636892242677427,6.375380245540818e-26,0.46689753522416,1.2109428279123206e-21,0.01270073914033918,0.04742503818739685,-0.001517866976712566,0.4708056387878251,-0.0008509961305721471,0.2896715556811881,-0.0055598997101964165,0.6821566331362741,0.0005455034333747995,0.6779920688500515,-0.0042128962481941794,0.9529926965118298,-8.485824799996202e-05,0.6143609288099097,-0.0012306326108149563,0.8430226280644125,0.0008623334122024378,0.7818356304137084,0.0037608691540362985,0.30610689546024555,-0.0004177501183570619,0.5283026950894194,-0.004667777288625724,0.7427104799893598,-0.0017713176534700998,0.5983559373040062,-0.001608675384807204,0.45746142670378354,-0.00016874781530799792,0.804896099820186,0.000828649638492949,0.332583282509192,-0.0033119938461637737,0.6427063864358992,1.1076263825553169e-05,0.7958527508077686,-0.009234359468317768,0.8864333135930328,0.0011779921305226156,0.5941896763504906,0.0008327077902738535,0.6706588746289215,0.0018400047367293712,0.7267041664061631,-0.0005002984106260103,0.804671958458548,0.0011080803637567248,0.48714771462544776,-0.0016252374329338538,0.6591455282122405,0.002536233514535826,0.5491482603198953,0.002790019179257339,0.35031226545746647,-0.0031061331387400343,0.8210692697480124,-0.00665549332693572,0.8799403736981055,-0.0006489290138484048,0.7849865667611353,-0.0025343976843294124,0.6036991340197728,-0.0025998744604301357,0.6931204082279763,-0.0021842851030705575,0.8964119097908289,-0.0034569879573855917,0.8174186635781238,0.002323097168064335,0.5164298015172117,-0.0019969582744839153,0.6001754239712236,-0.0011677953788833209,0.8333436987563898,0.001067210667339754,0.6128973185894367,-0.0015231818232518215,0.8940130893640631,-0.0011253897616784936,0.64898415004297,0.00021827518278620672,0.41948841018939104,-0.007340695981125309,0.6753160988759528,-0.0019252807757267278,0.44204355808752716,-0.006497350631836235,0.8498851375904243,0.0001706731461750894,0.49644246971957473,-0.002511953507356072,0.7373746822665675,-0.016029227082292048,0.9244203302380924,-0.0019717899156652813,0.6117223506759417
Robust-CPI,2000,1.1459169387910382,4.478599506312935e-58,0.6196561127614,7.78625667071721e-32,0.06068191519359696,0.00021568365434368746,0.00922324274582036,0.0017622886474265302,0.012021158833562477,0.002156165629660087,0.0006836040117539483,0.566944105148004,-0.0002883869715577131,0.5981752693671651,-0.0006738770194162785,0.7174079697877589,-0.0008455205216907282,0.6790109024987089,-8.757295616964764e-05,0.747141726105619,-0.0015612173175116656,0.9491632603170298,-0.0005261781790194481,0.5106409938068776,0.0001314343896587129,0.7782379217593944,-0.001738353302581725,0.9306733439822791,-0.002859948318555607,0.8573772856722659,-0.0007625210228240755,0.6015016181019864,0.000539398926175972,0.379022754070786,0.0071641111463760995,0.15356475966269467,-0.0012737319383349644,0.604117020769714,-6.33313787546576e-05,0.6651268677854589,-0.0004990061470575733,0.6573786922083953,-0.001906304301590466,0.7297841832011096,-0.0013922510447523313,0.6076186583178633,-0.0003115141454550607,0.38343248190343737,-0.00211260338221627,0.46190347912389296,-0.002852998436045261,0.7526137807683261,-0.004604561121947576,0.6587915097976271,0.0005692783902100159,0.6980655249167047,-0.00081968932187484,0.6463708211534795,-0.001951394786024275,0.8219934294913517,0.0007595397825615082,0.7153840378157136,-0.0001695623952651136,0.49707966299258627,-0.0009193987830718001,0.6228724707259665,-0.00015460121657070853,0.765230073998811,0.0008936648296030403,0.6660360304872095,-0.00013170880716538235,0.809787419849485,0.0027905195971223884,0.5682804514181077,-0.002761677735982548,0.673765973152168,0.0009911849756254114,0.6185910594834872,0.0012058140490663028,0.4889700091031358,-0.0015249209194285597,0.7556536029401897,-0.0016578712363654188,0.8597440727603674,0.001362561676365345,0.3161801191414012,-0.0013146951645051628,0.64061229906511,-0.0025792386609315744,0.6905964100696093,-0.0005761605253673226,0.4592138395860039,-0.0031019704797655315,0.9126536415669626,0.0006723698549217038,0.7348991638108361,0.0010786607634549563,0.5628149286390213,-0.0016390742356558327,0.4018682451580901
