method,cor,imp_V0,pval_V0,imp_V1,pval_V1,imp_V2,pval_V2,imp_V3,pval_V3,imp_V4,pval_V4,imp_V5,pval_V5,imp_V6,pval_V6,imp_V7,pval_V7,imp_V8,pval_V8,imp_V9,pval_V9,imp_V10,pval_V10,imp_V11,pval_V11,imp_V12,pval_V12,imp_V13,pval_V13,imp_V14,pval_V14,imp_V15,pval_V15,imp_V16,pval_V16,imp_V17,pval_V17,imp_V18,pval_V18,imp_V19,pval_V19,imp_V20,pval_V20,imp_V21,pval_V21,imp_V22,pval_V22,imp_V23,pval_V23,imp_V24,pval_V24,imp_V25,pval_V25,imp_V26,pval_V26,imp_V27,pval_V27,imp_V28,pval_V28,imp_V29,pval_V29,imp_V30,pval_V30,imp_V31,pval_V31,imp_V32,pval_V32,imp_V33,pval_V33,imp_V34,pval_V34,imp_V35,pval_V35,imp_V36,pval_V36,imp_V37,pval_V37,imp_V38,pval_V38,imp_V39,pval_V39,imp_V40,pval_V40,imp_V41,pval_V41,imp_V42,pval_V42,imp_V43,pval_V43,imp_V44,pval_V44,imp_V45,pval_V45,imp_V46,pval_V46,imp_V47,pval_V47,imp_V48,pval_V48,imp_V49,pval_V49
0.5*CPI,0.05,0.4326168371469623,1.0438765061790777e-12,0.3396710498229817,1.6458939391231308e-09,0.010863205216535866,0.06554966855582861,0.030502709601627175,0.01463029647083673,0.005164257298549515,0.037124597600270016,-0.0029130553469889583,0.26262283124444097,0.0008899679513168679,0.18384124777230088,0.001183498140023979,0.1662833014473047,-0.0010560437514254952,0.14376009077324475,-0.003242181806805758,0.2631254813749721,-0.0054284810690334905,0.30269280781628805,0.00022606074338608193,0.2989544025531441,-0.005958825605103033,0.28929568334793554,-0.0038119672555960655,0.37213606648584474,0.0010583110578158235,0.2353296494588573,0.003107160977336622,0.25152157477361536,0.004478473556851872,0.13995076839280718,0.0050332325093281815,0.2550861618069759,-0.007000602682392003,0.25733864353457747,0.010279528002545316,0.14671680748410235,-0.0017725608480596976,0.23097252785793732,-0.001722971598899191,0.41272175822223633,-0.00031158338946262143,0.17198593335062667,0.0033913639166772893,0.25424309186935173,-0.0004596947089035234,0.21161561742392052,-0.0009749363106514419,0.22181008749371284,0.0030619795454266555,0.23327886674551904,-0.001261746861041186,0.15091477569092976,-0.00103655252330432,0.22162057592720363,0.0014089541834862013,0.2279655328075303,-0.0083780129809047,0.3726807681308413,0.005052857489771505,0.24569567470130999,0.0014548109206402315,0.18074378149394726,0.008300951076871305,0.29828589807976014,0.0010032508439362963,0.3049896506505622,-0.01298088452583192,0.2109640742774668,0.0017858577124432592,0.1915049165656518,0.007928971959588903,0.15052275641426444,0.0017108521187655312,0.24551601524944594,-0.017217762519419224,0.30902046118945375,0.0007073714660179377,0.31211119302166795,-0.003065050095277771,0.1885300475280156,0.01432914626194512,0.15995572138969855,0.002579897572253145,0.3293640967006177,0.004706951037120853,0.11493479034040238,0.003463056161753911,0.20001598719552494,-0.008752087260362348,0.42953890534443534,-0.0034602739424161684,0.22629721016837467,0.002696283166890421,0.17302355470201458,-0.008128675319557254,0.3691809791858999
0.5*CPI,0.1,0.2788655752324804,2.5963961027591904e-08,0.43519916593808744,2.4173681371136725e-07,0.030141159308481172,0.035941051424047396,0.011272779897024097,0.1263251775900147,0.08610819916546344,0.029170238455975092,0.006685472777334564,0.32208054545424203,-0.007423781356414132,0.26505716343261115,0.003236869328186863,0.24018549238430983,0.019787999567933246,0.3314422421387027,0.010752401142421724,0.2098579462648978,-0.007057921243193915,0.3805175624177143,-0.004756404373047404,0.27634543412182966,0.0005466553908617441,0.12888474037319847,0.010065017156395866,0.2436403481006043,-0.00736009146519804,0.3091088980883453,-0.00138912055372761,0.3093408530737436,-0.00045860337888473676,0.24995791363499376,-0.0014927179479072513,0.42534915945525803,0.0180023557228542,0.19689230860213605,-0.0062648618999470666,0.31202290337359195,-0.010645684139688256,0.24436767213163157,-0.0038619161901798076,0.20437305246551646,0.01203317488778756,0.25464120113036004,-0.008380705489283349,0.26406642317661116,-0.002994235137703592,0.3999412756836274,-0.013256078870154923,0.4180584155053677,-0.019737507613719705,0.48290912955540577,-0.025874715921980984,0.2561386222697889,0.006992146339626882,0.2435911138459082,0.00011635319841089638,0.28107512731484646,-0.009856588642394514,0.3081503083819028,0.011744714498360741,0.13476969489508858,0.009610179732933105,0.1478166733151842,-0.01242481105356671,0.3100684192618649,-0.012383800971685411,0.34889524807984684,0.0024157009784686804,0.18175613698499632,0.035029749416271766,0.24687855582310203,-0.021377350286077183,0.43425117233587385,-0.0007651437696356021,0.21340179086257777,-0.007518614708350607,0.3444086318451131,-0.009297793438273182,0.35870375435167523,-0.01464569014262052,0.25661036535116344,-0.02322475476247755,0.31950222654546256,-0.03782484858102447,0.4775622212768167,-0.0395310062476115,0.4391160754077844,-0.006485972611856782,0.21200967385226327,-0.013362466756659645,0.39656842518224716,0.00018920718071353888,0.1616831349435066,-0.005317967573404317,0.28168359034943236,0.012659996654657394,0.18242496514537737
0.5*CPI,0.3,0.5101912562375108,4.309974065477685e-08,0.48020861077910754,7.23732693875438e-09,-0.0063501625980666625,0.14156891312955655,-0.0001548709618636024,0.13055777157269288,-0.00037513397132890553,0.1967810574417691,0.003768196895117465,0.19985613877193423,-0.0014425900757926644,0.318956954307012,0.0029440740677482867,0.33401421024325806,0.0029895706628941293,0.11107383225326632,-0.011935050003917912,0.3749029554192063,0.0034794293571165933,0.19305826670766396,-0.016876484375989747,0.47496436701321176,0.004405446697644246,0.15663797937123025,0.00015921208571715694,0.3089371047171767,0.00018311768528574032,0.28267224450466644,-0.0021791183173305905,0.2084980786291441,-0.0037547329583359373,0.22420452359601462,0.006434945087821441,0.11831231672736914,-0.00039633554904497945,0.23039055176727016,-0.0017885652323618658,0.22500786565666697,0.000468143739652619,0.2817226640018029,-0.008568401249495613,0.4239896035008971,-0.0006239871854245668,0.2065180845754363,0.002070748091936295,0.3054847434265917,-0.0022289555349151147,0.41962220236304204,0.0026661210478144664,0.27973424227670884,0.0007440632794740454,0.29832109563224385,-0.012170395489670093,0.4665671827916703,0.0010630279040532201,0.25378298158969764,-0.006521919808948783,0.3678798541555116,0.0007228028651770737,0.23869935477814808,-0.0013375023603044071,0.2716385204661191,-0.005799463768841132,0.3730046957919945,-0.0031251799748332133,0.4391968998696537,-0.010183422636731896,0.3067207504116269,-0.02603286643908235,0.2824330513800476,-0.011518556972359172,0.2681846346154213,-0.0015610346223123139,0.418071209590425,0.0006716818353335518,0.25285227432708174,0.004489622282755882,0.333149704301219,0.0003573428476324425,0.36000165044663546,-0.00221795389161116,0.3373401762997763,-0.011870471515454655,0.33074168749207483,-0.004049391047346509,0.32308991601543247,-0.008898672293080076,0.45664401308782376,-0.00760147238229278,0.361088114003798,-0.0003667186859288063,0.19649879214920907,0.008769274278573514,0.2747213134346053,0.009994962613214383,0.22107820163064879,-0.007479522377247101,0.3431351794951968
0.5*CPI,0.5,0.53932206975077,6.099476580575411e-10,0.11184903723130188,9.152213317515065e-09,0.0002961468285469926,0.21587047579081198,0.009297519421737524,0.10558153586227745,0.005378297865591088,0.1468036716742569,0.0015255070123671942,0.22307514487581565,0.007496964857016874,0.18770953563714865,-0.007938591675934708,0.34769045029763357,-0.005631720485962509,0.3751402173644847,-0.00012037337295820923,0.12161856332878745,-0.0036903746535847997,0.27475111421835163,-0.0007320996838588952,0.3229555596057341,0.000474455839682412,0.2331027783685522,-0.001027590476833019,0.3550846195296346,-0.0031246737366250163,0.3598485208180659,-0.008368949606528207,0.21395676117791743,9.404617352792448e-05,0.2859971248502414,-0.004374616270239254,0.34752604966200734,-0.0027189683625043824,0.3461850511277114,0.0006446755621262014,0.24201555646043788,-0.004797882309448861,0.3348039335902789,-0.0022094259462423988,0.3309221577110873,-0.006362647592975373,0.22754809673410462,0.002238741986653741,0.2600371872409607,-0.002157045709643828,0.25808230355836886,0.019868267712693257,0.04869107902461748,0.0009417862664007901,0.21578909681649988,0.01747872597753705,0.15786795796914233,-0.001594969683086247,0.3756273509200655,0.0031793047806346147,0.26718543754979807,-0.02268504289894308,0.43920949618736865,0.0010897774551980278,0.2723345612491953,-0.00390512081286757,0.39274619577986336,0.0018303440021437164,0.3657424801473984,-0.002413908719001291,0.1715134231816102,-0.003070471787429743,0.3865219642086948,-0.004922288079315122,0.3601451372154066,0.0043689857162710075,0.3205543111132746,-0.004281447872727624,0.3016654929094841,-0.002482444699693895,0.21370177733681317,0.000343182163487286,0.34441439546082875,0.0009139753642855264,0.31611071889694276,2.4899262923175947e-05,0.22365449486029645,-0.005217996618908542,0.28358445416034095,0.003626444211548978,0.3263870543108485,-0.0073882787151842745,0.3203953251361002,0.00687081356955813,0.1657330879863561,-0.0009217140385978684,0.3604544757414041,-0.0008594925921630155,0.3982020653952586,-0.002158303618842931,0.3889329087905869
0.5*CPI,0.8,0.2724217537611317,1.587523460698774e-08,0.09225536208992381,1.087036580014571e-07,0.006826200326708652,0.09336145218295577,5.4291906110942916e-05,0.18218663920018255,0.0007747687404225099,0.2510222824989364,0.0006248670698882462,0.21254328132782402,0.0002635871361073654,0.15830473757154895,-0.0008298129297462472,0.19699445625878614,-0.0004574026773732054,0.2925952914628458,-0.0019295135479940025,0.4224943665481643,0.000656034250749145,0.16129472774760278,-0.0025380701839451494,0.4350942820920654,-0.0004624944555348809,0.3425158045360095,0.0006691355933308148,0.37013982319534455,0.0004833304385674871,0.2913727942253615,-0.0002026916775425371,0.36131154186551473,-0.001613799211305829,0.16974940919719403,0.0014323624426334132,0.23940029559900078,-0.00041800086441074304,0.3909780703700999,-0.0018356496005841616,0.25592578725657034,-0.004385152657534054,0.41397309394416226,0.002683540428831995,0.2050577528474323,-0.0009513518119645199,0.37965304971623304,-0.0005739578101824469,0.3925895909007685,-0.0003249532011362385,0.3928254141068778,0.0010791732983605105,0.22306306665303244,-0.003423861329673213,0.1997583097086314,-0.0003802217352297458,0.31828673397839885,-0.0001985335159330783,0.24687058936150882,-0.0005934265706943748,0.3176175288436429,0.005852710507033497,0.13648466234055848,-0.002410574678844557,0.3663117772274814,-0.006663577023795671,0.439745403219706,-0.0002352701852640151,0.3807700820021239,0.0018458618671455614,0.19755223671969752,0.0015022225594502198,0.17004740873319585,-0.0005184310279463388,0.32892684089068863,9.216381001226163e-06,0.34898048120006814,-0.0012503699251068554,0.2612218532410732,0.0008767806143077102,0.24560233750745242,-0.0016405784120554767,0.3870592784238325,-0.0024220341353038215,0.3132428573089475,0.003949453378585268,0.1306221939273934,-0.00042654602780412145,0.3185510816709487,0.00018066149313608395,0.19645467867854888,-0.0011978182201004709,0.3961196692812718,-0.0016495534374116776,0.4454907763903725,-0.0003784869069294684,0.4051318754189023,-0.00016925739540131954,0.24442585543324058,-0.0007021558913102748,0.2747058989743334
PFI,0.05,1.08449610861098,7.085974175200125e-14,0.9219772286493872,1.6765875342049537e-10,0.02974638620857822,0.12386579600171857,0.10052506181400793,0.010354061849221313,0.01695889970202328,0.04702531926651839,-0.00597957677687099,0.5204393941274548,0.00046710257665013205,0.3909633955587696,-0.0005080515387018018,0.2729447057328998,-0.0019836257761156463,0.2672096967161343,-0.005436490614454476,0.5025374090091703,-0.015161956662239243,0.626184738917057,0.011403253278065871,0.5898475416065778,-0.015560547558345145,0.5516816418186113,-0.005950772099587182,0.6567262330992862,0.0006499014932308911,0.3406422991686637,0.005483611592245222,0.45435774039288557,0.013208569131827335,0.19509543846449479,0.02110215542954947,0.5067701264577307,-0.012658742735642006,0.45440698421551623,0.023819343623736357,0.24046928321599148,0.007368870941640618,0.3610621579691624,0.0005989310180719765,0.7233479682450119,0.012145127423810161,0.19436572712007016,0.010700514142668578,0.47787841621041927,-0.002471754258177891,0.44441860977521586,-0.005313040132332669,0.4826388967814692,0.00438301110952499,0.3938970433832103,-0.0020964752761822416,0.2786718942020494,0.0006845624145990503,0.39909094791654653,0.00837434019356805,0.35257204949034743,-0.025895752256614443,0.6933677493660768,0.011555517618024357,0.47705383116851996,0.004122536767581222,0.43297016810252825,0.030138252782162873,0.5479193860949539,0.006378457902635443,0.5296607542067833,-0.024202746997107873,0.4447997469164764,0.0029740918540225123,0.3675757599990302,0.03376490082051794,0.3169738616435223,0.014447972509350968,0.44577757090510994,-0.044906970047122165,0.6211212578598382,0.007177925058550727,0.5295668088653338,0.00029407448560292724,0.3353040017803053,0.0388225168414623,0.30931918930696195,0.005320046486614849,0.6082003586108089,0.014590812510977701,0.25203898155417837,0.008334826572862058,0.3629810350476739,-0.01868366765878551,0.8383919978810912,-0.018044605022565455,0.46290203442977607,0.010412186426413115,0.31619284145608706,-0.020801443153721108,0.7042247568838026
PFI,0.1,0.740507010645688,8.255535258949741e-09,1.115685695892313,2.6732576381897046e-08,0.07879270361929955,0.05614060563462723,0.07928178118208497,0.14590855068592032,0.2379013579811385,0.07274472935590698,0.03189155196088578,0.4076209639672639,-0.019932554240124876,0.5435202934808129,0.008773066291051068,0.41161333079851925,0.06826697762860699,0.6455826997115234,0.020680174767634615,0.42275154768204326,-0.01318327596042951,0.7545425961211285,0.0005100742781727816,0.49874181463023937,0.00812125471179059,0.21267427753256468,0.02682162284476055,0.4593893794253563,-0.01711737216188686,0.5806887350031102,0.0013854737062907357,0.5777755460995626,-0.0024403905627245694,0.5057925385501959,-0.013684989621574151,0.8660587984428247,0.06300997101901305,0.34677051904009154,-0.016158319024010062,0.6925448921249053,-0.02845763162698173,0.5020015900413167,-0.009255441279919467,0.34436956516590556,0.024686456240844486,0.46767492829282353,-0.014273077712880253,0.49100704609648593,-0.001277905921018789,0.7182833615715394,-0.03776855242845184,0.7707184108128797,-0.04321408660465696,0.9611215140531111,-0.06089339730839204,0.5388858626659653,0.03370443629688031,0.42048220768578254,0.0037991148196295475,0.5256836415763145,-0.015848294456951472,0.5016644912683756,0.028213993169114424,0.3292187095589827,0.043662144555322184,0.33715602905304526,-0.02507630723009541,0.6358954406792641,-0.04624993785876437,0.6800818456550269,0.007785877616045345,0.3249963271871845,0.08147228315192219,0.4418094605578854,-0.05453159417754673,0.8860802481854289,0.0016935831369737908,0.32340948655518964,-0.018515779297548017,0.5873994182266116,-0.01456047966005093,0.656668728333211,-0.036816454576039694,0.49227353623369513,-0.05461721990931269,0.5881816054675075,-0.08938432116688923,0.8892783454559969,-0.08943236159835626,0.8510863628198422,-0.0136583629861851,0.3649407303759776,-0.03416485829173516,0.820994528172219,0.003219468765742842,0.27790869603109136,-0.005932284613403061,0.49414470954927653,0.07413521754778644,0.3405338730466337
PFI,0.3,1.5435035070050613,2.0419669670952763e-11,1.3312948625121528,4.6185796077606665e-10,0.030669106492327885,0.055490174913082474,0.006462220146818901,0.15958894490059866,0.005621249693424706,0.29180281984771517,0.004413669337755222,0.466476022111392,-0.0006076769041260422,0.5179812887823102,0.0035980484015793604,0.718731580955214,0.013759616110361871,0.163060150688634,-0.029272082615475713,0.749321872864188,0.01060656072535905,0.3449650054911671,-0.032169306559280526,0.8953702416305441,0.016462578641092122,0.27794932711297426,-0.0017430283792397505,0.7369931281101918,0.00774394446642673,0.4575029597822936,0.029366390708214823,0.2328798134350353,-0.007084928983123599,0.4249554021213874,0.00539974284158207,0.18050491228734045,-0.0015851528975505574,0.3449912915074702,-0.01206938302679244,0.47120903952694937,-0.008051361800062494,0.7117786660908917,-0.019684218532649365,0.822450735980675,-0.0005841436553182544,0.3319871361874302,0.005419100337185107,0.5232230359898173,-0.001173234295762859,0.7732582096501657,0.014657109480367329,0.5226871073808748,0.012246582573942469,0.6518678046079514,-0.026887729561833502,0.8832595978692995,0.0024511747991372386,0.5509006662732092,-0.018061971925572854,0.7334917246626756,0.002203054196428817,0.4863298857587309,0.010670585831051788,0.28615032240143307,-0.03834036458926294,0.6856194552512938,-0.02796777612497438,0.8382241223222326,-0.04112456797161499,0.5928715893495684,-0.056125648445087585,0.5130334406405777,-0.038303818588824645,0.47775468862582665,0.017008675360450757,0.6809582068722502,0.00844649535012798,0.5033915117890381,0.004390809062220407,0.7461074305129558,0.010071393327082004,0.6791432693219437,-0.012398933892904805,0.6400262343300169,-0.03363386873672954,0.6205781681659477,-0.010977786371114679,0.5101482895979292,-0.02224819110950183,0.8977924868316861,-0.013086184964139639,0.7973486341874054,0.008713667183223806,0.27101918626271776,0.03178680800111557,0.3581730513768537,0.026496200809870033,0.35603175596760106,-0.013097337971225954,0.6767675488376567
PFI,0.5,1.8567599962459511,6.309615421839287e-14,1.2490177574113608,1.0798140885723914e-12,0.022644074969583306,0.28773581864339004,0.043825797133634756,0.051916765424394454,0.03272412452689135,0.138230127722076,0.0003393061781116883,0.2972930780390273,0.027578860274344703,0.23196104464000855,-0.014037620561466407,0.6907277044285567,0.0004527592089074591,0.5817191064003713,0.007758315297803726,0.1623514955151672,0.00446312298690066,0.3348845032613036,-0.011193112945265687,0.621919528960626,0.013690883679005405,0.3991973047005195,-0.0020477734901195354,0.5027732712127869,0.022808905548257923,0.4843516817491635,-0.011258386092397068,0.2639286526493952,0.016918519856771046,0.28852590774609205,-0.005348342311950672,0.7135654983782146,-0.0025377728781963375,0.6449654399538371,-0.005526075372799239,0.5827189737690174,-0.012703250656016614,0.6746137738864566,0.0005884392715524693,0.4749787290762107,0.008545088313704327,0.21176556992442147,0.016821081101373096,0.47432438150846895,-0.003610526842852119,0.4576212802473487,0.0628923047274977,0.0604498570646427,0.01212693113143145,0.15320186966905794,0.05592039587098528,0.3669179902072608,-0.0006435612488736897,0.4967863585511529,0.006151480048364888,0.33562531589656136,-0.08037647529082127,0.6608842253362734,0.008760181977327388,0.46328695561939237,-0.00858432622488261,0.7586518902676274,0.03982709198630273,0.48345838430900323,-1.8475836224354964e-05,0.23420101145780609,0.004699459812669674,0.6111745176259489,-0.012469278937900534,0.44485783027590464,-0.0004484925896629299,0.6340521693880032,-0.00818584747495574,0.47885211046809756,-0.0108213578509594,0.3072725137174552,0.02533879529386213,0.5915549725892982,-0.002278032502636601,0.7134163827365049,0.0011704926524491496,0.30648725782139274,-0.016469193804373866,0.5796100594165985,0.011348237850818002,0.6060647370760952,-0.02244421549021963,0.5558204530312434,0.0762771860262258,0.017375165311373883,-0.0001167850761027626,0.5465606176398217,-0.00969811214950143,0.799977777572232,-0.0058298011217962345,0.7592687003923582
PFI,0.8,3.0177573638490123,3.6363052591458613e-13,2.1237341947690673,3.718835674447414e-10,0.2479783829607301,0.00019886737895036114,0.02897283983476464,0.03471956848216112,0.023995657147081916,0.31851025632882923,0.004540470588211901,0.4222988892232662,-0.004497279329450591,0.42586551897342395,-0.009069360232296587,0.4177539568755493,0.00014654115179897305,0.20584844153018447,-0.004002026871335045,0.635156042363828,0.0031092716455409547,0.22709996189588136,-0.005102205365646261,0.7600479211717283,0.006898022333650876,0.12481388585500126,0.01545554515172553,0.35177360665695634,0.008763677404524101,0.6431198643152023,0.010387110546010325,0.36718719262101107,0.00739824467533853,0.2779164460045307,0.06547272356024651,0.24061379414878362,-0.002730081945983293,0.754113617869289,-0.00157636686677749,0.3012870538679013,-0.002351138851753538,0.4806341072766277,-0.00891412711433488,0.5977782782040495,0.019246085926731275,0.3578309037621307,-0.006380192765595638,0.5227563072178186,-0.010773093355400437,0.782237732998506,0.004793119117218142,0.246562371274446,0.05244037770552932,0.026621963174383936,0.011787541417204507,0.6035760682167128,-0.012091678716227471,0.6183073480378083,0.002638704818220046,0.4590454000336114,0.03220964286791462,0.07910684375985177,-0.03742198200228733,0.8205961972279134,-0.04340342591360605,0.7865612999155807,-0.017323166797208155,0.627421873493606,0.014892631216663578,0.17370750215947284,0.008993305156234723,0.33417994444302407,-0.0029916213298965587,0.40793062709533306,0.0061471885265666215,0.6502800484577516,0.015447297095541889,0.4512752137348689,0.0008456991359456675,0.22875646366783509,0.0035144271207805115,0.32128369628676623,0.0020904493751601637,0.41230477792132153,0.033453700939206195,0.24844741330909567,-0.011864309449115946,0.644064122023563,0.003940754894530693,0.4382407438677426,-0.018913080247580885,0.572101585049573,-0.010583091914406912,0.5607595984388574,-0.002595804813420806,0.3629054076940573,-0.015883012186723996,0.4774612793136983,0.0022838818911265113,0.25095669951236454
LOCO,0.05,1.0004515535113068,0.0007668061128891142,0.929333961278954,0.11324867068687886,-1.1480481639114883,0.8937732896415774,0.34156382162890503,0.4205991966044635,-0.4375454558981868,0.5554683800231661,1.7938542007339637,0.33338429257193786,-2.60790985251653,0.6699274733914182,0.41222561385453,0.24816465616111102,-0.39570317228992624,0.9139260019689335,-0.5257504012168467,0.5505693746593003,-2.263228645228608,0.38300844001803014,-0.1664368801661728,0.6367730773178408,-1.2732181112276375,0.9999805144589904,-0.09792839842113953,0.6111856574075545,-1.0281247766865553,0.6677256355532905,-0.7755299329576337,0.38209782072166004,0.4395268799418889,0.3399788426271975,-2.002683284013784,0.8217217564529182,-0.23247056458253376,0.7679002148465526,-1.3156840766007398,0.48250578510723124,-0.4697309960464078,0.665766743821036,-0.2630402889387826,0.4491382536096938,1.0242224547574061,0.3320793075183899,-1.3395024131659985,0.345504800933273,-0.17288385824455094,0.7245791112037326,-0.548460499058358,0.6443763621151092,1.0085767223019568,0.43537300101354903,-0.6583933939878606,0.7933958947363124,-1.0139539266297755,0.41181826073702194,-0.35910510262845374,0.6826810690807555,-0.07384986660501167,0.5583469916848626,1.3470943870709793,0.28545307234161504,0.7066181672914961,0.3351154546840681,-0.3987868217726458,0.9935968694115889,-0.5167718738579682,0.9142014271916851,0.9335099426079629,0.0021334182397370056,-0.02877478556962208,0.28977282228003376,-1.9358958800359765,0.3333352648905679,0.5488389998551126,0.001283200219816057,0.43857052048489276,0.2343974293360179,-0.7794735092376073,0.6042259678867495,0.051038536951075186,0.1807338403295383,1.3965949076360926,0.3313089750722283,0.22386495185224037,0.7231140569350812,-0.5767906783744885,0.6359006005821708,1.6852578060751298,0.4121135455634796,-1.1055201161826185,0.7597141487635382,-0.6646423550888605,0.9999979442475155,-0.12986287987745254,0.5603749083037034,-0.47601611568947894,0.6551785028117767
LOCO,0.1,0.6941903616036272,0.03354925435616755,-0.4795809891719055,0.6089673971206436,0.5082721569252162,0.6619809964500166,0.30871477741455716,0.39462953205773066,-0.44762601049940415,0.6190552189960912,0.7903598293560715,0.039902186732844215,-0.724514759285877,0.9671353466286947,-0.2639291109973992,0.901040018270828,0.1933642033246879,0.448139376161173,-1.1347517533541458,0.6661561300043887,-0.3898955878399396,0.5846165517423751,2.0489787858773116,0.3340037730368855,-1.3712400269080298,0.9665465463718788,0.9688308399623863,0.2740659010539784,1.274625197627939,0.049738992449972964,1.3522826576023157,0.21307399432311266,-1.0468030520397882,0.38810002451765124,1.9985788663675645,0.02485351064855571,1.0897450717655248,0.3341352004134402,-0.5172507526435896,0.9400340430500806,1.0677091353763815,0.3344608183643135,0.3119340942202665,0.09187618901391573,-2.6462298134307645,0.8113365158699296,-1.4995064650034309,0.5535068988208117,-0.5845676071146285,0.34165033720871096,-0.8974872043777891,0.662061883930195,-0.9414860012250178,0.4368012326812051,-1.0029169081581746,0.484971134191607,-2.556167189939835,0.6874014229100162,-0.17085482628466983,0.3584298894224986,0.11719606124685743,0.7397354870458637,-1.658858329507802,0.4932978411430292,-1.4273343640317135,0.5552053273636858,-0.3854224203642422,0.5804108798063434,0.8417714695188656,0.36040071959154124,-1.2780827986715446,0.993883302724323,0.3620053451016058,0.07205858080241719,-0.5517834665228502,0.957259813813663,-1.6038942904373885,0.6685929519757624,-0.8689618621571459,0.6904841548069367,0.13237948314296433,0.7268304057327815,-1.2734483175324063,0.33334327781871415,-1.1877315739905394,0.999338692258207,0.5756487918047668,0.5450403861765059,-2.0514241939167133,0.666356139643874,-2.8543979843941556,0.9999999999994718,-1.3197566256311835,0.6632676439660673,-0.514173204988949,0.6135281757146166,-1.7050723762122326,0.4832063218946643,1.5699502886869636,0.3338040401744052
LOCO,0.3,1.8957783900015184,0.018546393510133576,0.9861533607545699,0.006658578210449795,-1.4246965775360219,0.9491193340019428,0.2529077538070405,0.2502135659577155,-0.5867907885190303,0.3144657885087903,-1.1361336321669806,0.6601542898947012,1.7560977913301608,0.3490248509612396,-1.1684120393105382,0.450451063719145,-0.5564006427986475,0.6346832451480277,1.0994473930756736,0.49951534306222223,0.6017743728884192,0.030812230291620425,0.9821822463457037,0.6504641274548584,1.5420204623955471,0.5246277950698164,-1.066790249635424,0.3366117117618801,-0.3729163911843173,0.9182222348802731,-1.8305695603779395,0.7208028381783205,-0.42305719667217306,0.5234879230636246,-0.6678989145154576,0.6587399824809094,0.9129511576104028,0.14156393716204768,-1.1567726210844123,0.6715153548930025,-0.09646741064929276,0.5455543896332998,0.20469366876432005,0.20966562239031472,-0.3728755537268314,0.9904323376673296,-0.6213198581954903,0.960517839708732,-0.4657726680597899,0.7550356549674614,0.5822357155076289,0.36761524524768735,-0.16700284925686987,0.569909332401234,-0.0839639964365539,0.3922631390361118,1.5337815222686453,0.37520697115683355,2.2818092694628342,0.1871831999519642,-1.921841651431081,0.5594662738503962,-0.2531098318831262,0.6292709410776172,1.441868884642322,0.3829300031702348,-0.6551585279530908,0.9896293658963905,0.06950250438748955,0.13224276549996175,1.279978763096041,0.27229693551492823,-0.7111135265322093,0.7552032019862444,-0.3224217322692682,0.769636026761048,0.7916276464357734,0.5088757300995108,1.0219170463281142,0.32090381011677876,1.515924436939904,0.33658122489766723,0.7362824595813651,0.5899851913907498,0.8525691106760939,0.3461386904732886,1.0397349886649105,0.3410299197391816,1.2647002679823043,0.0006640521199881381,1.0336009292122583,0.5369102449719263,0.0736198875354878,0.5378753492504557,-0.38926558729768607,0.9385647717160868,-0.6641725615163458,0.3579638388702283,0.018180130298545694,0.1689208609643724
LOCO,0.5,0.7914104901672128,0.26836254628530576,-0.25791226378186877,0.5978269213892486,-0.2829623257369343,0.9230088661220222,-1.0529498460248303,0.3412088362606518,0.10172685337571642,0.32203462289034085,-0.40531083009355656,0.6747739586894589,-0.10495860739822704,0.3514935886649476,-0.1787950193182841,0.2834256781566075,0.11572419442988897,0.1419412247390599,-0.20517408521800948,0.5972055520895617,-0.02086224628667373,0.8427777265229178,-0.183322331621447,0.6014826311567765,0.558117109694206,0.5432168371439727,-0.751496914397789,0.6640319776441699,0.9101894656360354,0.1417288566021971,-1.0317198813696093,0.8825986904153099,-0.3455786867494571,0.40085901973194754,0.28774948453069765,0.3477646209689976,-0.18929607019217162,0.2933880309718469,-0.07051351012005252,0.5840169397833279,-0.3847062582319849,0.7209178394793344,-1.131077252667758,0.9997739609078453,0.2651485965226615,0.3517562818516813,-0.3293236890818766,0.5578732535130622,0.10625424002967666,0.7448961800806319,-0.18483244200998725,0.3270079967331075,0.36586910549653795,0.6684166570093855,1.3087586148358201,0.4606044262938365,0.6622244619879987,0.19024312364660156,-0.1341595833330707,0.8951089651705532,0.8134817309887766,0.2294691486757641,0.2937881654089244,0.045242845578755124,-0.7656779565315087,0.6801370622003496,0.5437193835130907,0.6283484761394038,-0.5779711937700623,0.6317496488699997,-0.9662524740415386,0.49767204102217005,0.09925755282197012,0.15771920379679724,-0.5335010167341793,0.9928083217906114,0.5249830673564906,0.33186905468562583,0.5665040967286538,0.18322462784079654,0.613059624164986,0.004428416806296465,-0.3504531113723446,0.5593736564813491,0.5752758675908879,0.40887041232265364,-0.5548696044125178,0.6605037008788307,-0.3336030061384594,0.30874616265717203,0.053729670173700554,0.3460742176464619,-0.26968326148210825,0.6494893355322309,-0.05103338164869359,0.5259912377563476,0.5176030958552914,0.46155552124225296,1.583037404046641,0.6600226917064224
LOCO,0.8,0.007705037771599015,0.157877930204338,0.05957029552748068,0.07488757336766248,-0.03687661329562528,0.2756616389536769,0.1056621193505432,0.08317229737053367,0.039040888014016215,0.19490956841199195,0.012464817427815949,0.7801325569129073,0.05509948809769206,0.3442319591117206,-0.011482498095569733,0.547668586089696,0.02183800311467097,0.6665722451672841,-0.1505821370842367,0.4812450116598785,-0.11834764526243102,0.8739786039097686,0.2369424926512503,0.00065864412693258,0.02189469090864064,0.6892742667987977,-0.07754194378091822,0.314073055902614,-0.15325408720051298,0.677705986525966,-0.19765926548695423,0.41262943323759166,-0.12741524083402656,0.6670346381596283,-0.012121585752180296,0.6138638956041083,0.011160589067070598,0.46874189685050566,-0.06114502335161217,0.7521643437271871,-0.03565736189316059,0.27926614852334863,0.054126490889817636,0.3728501017476142,-0.05575829812787595,0.9001399299110024,-0.12709194294778003,0.9873134926505871,0.11035718925984608,0.6641994105639588,-0.016884233832422896,0.8452435975952103,0.04804315592591456,0.10922068619397765,0.21427003556234683,0.3341330903355205,0.006931158265260672,0.7866712996864531,-0.20156091818253205,0.602548946059426,-0.09646971815158689,0.9780046225451614,-0.04579015065834868,0.5089043554673999,0.021047549102726805,0.2806534938726435,-0.10305404090080625,0.38204961548844457,0.007808741329504383,0.3429143086683788,-0.09558632969979262,0.34429189420173634,0.04507163366048574,0.045435579977727694,0.022210363387154573,0.4393521889273702,-0.05371863557461825,0.3075759150072525,0.048745725393929,0.3156509209039091,0.014559949503089595,0.16968529186629983,-0.10881492700260584,0.5832982349099642,-0.17653227610874622,0.9674343946740265,0.22688515856834074,0.6275401793539307,0.06398207726946083,0.07549444761687403,-0.13988657991488612,0.6565620693823484,0.10609054725572734,0.15745105836855372,-0.21449792815268565,0.680291216290804,0.1493096789667944,0.3416241738776687,0.04306035613243749,0.6331644499432233
Robust-CPI,0.05,0.6275027193251211,2.8602387603663283e-08,0.494279361412711,3.4792510110903045e-06,0.007728804119043429,0.20057206502214406,0.05016798524052937,0.06188935967672581,0.007710537242360534,0.10168718542089601,-0.0056173111989155046,0.5634633641910518,0.0004408265923192193,0.4562647018987577,0.0006154055310011757,0.4133365033938422,-0.005660628589778696,0.37063593500897085,-0.011381479286557755,0.6082759549498544,-0.015408079570103659,0.6999604882904856,-0.004567330236747295,0.6796026083980753,-0.0190597693933518,0.6333843924279934,-0.008879352325302257,0.760749589086367,-0.002154924616637512,0.5227105057811964,0.0029123457162961697,0.6227749933108335,0.0014292221462504926,0.3991715304933321,-0.006201527470092661,0.6109444969686494,-0.015328732659653805,0.5793659067173031,0.016878196929352784,0.3553332371953509,-0.013505233235271594,0.5436958621855472,-0.003565601982720837,0.8392085166057357,-0.0033611629490720284,0.4197923238418205,-0.0050564110090938206,0.5942517962783687,-0.001492315997616903,0.48441806900192214,-0.007485078151004791,0.5637773290927,0.0023955847371997557,0.5204149793033803,-0.005457000391936934,0.3639012277460807,-0.006197423085519401,0.49656161686098715,-0.001782938962012186,0.4972617049284481,-0.023531439788729857,0.8054774550920327,0.00972198749842479,0.5068335276195656,-4.454424264522757e-06,0.4539246733937067,0.002383053544950897,0.7156016688712248,0.0016274920930599325,0.6765283685363872,-0.03476524526262354,0.48378233992526565,0.0013482647870634108,0.45915242792573135,0.011925733338557102,0.38592989239269987,-0.008361296702158499,0.6126559113659248,-0.03564737579139128,0.6538026206842755,0.0003687817949236446,0.6717696078031283,-0.013357275808806518,0.4876104459418377,0.019461164686115473,0.4058391838142754,-0.004960146227354738,0.7592647823258274,0.007008322911921781,0.33880664550913764,0.0011685112247791403,0.4633314098332259,-0.01943574712054135,0.8942543442488469,-0.008310536430877933,0.5166960869247276,0.0058358369082248005,0.38364567739009875,-0.018359268653105856,0.7865912549411993
Robust-CPI,0.1,0.39782402159255553,7.929035986784506e-06,0.6474639905599747,8.258572402665781e-06,0.05167810655490434,0.08956262836334077,0.020487666618480626,0.29450623008556925,0.15488735726548508,0.11203341770205755,-0.007457051564616654,0.7501102294843227,-0.01602104189457467,0.5671114207049689,0.004356374521800628,0.5263190015023855,0.02651117405521313,0.7108754854009514,0.008776303230313878,0.5289920062301792,-0.01610532269259021,0.8355568838940148,-0.019311399815387747,0.6542357412497434,-0.0046827876364624035,0.33283145065967973,0.009789968449330777,0.5671212825644962,-0.016455346073926905,0.6522826304950141,-0.006318562549146728,0.7240538049876706,-0.003932192363699362,0.5557191028766799,-0.006455930226481404,0.8971068801835377,0.019293555215572085,0.4872955521310822,-0.016722775683185743,0.7422681091293835,-0.033110348663459174,0.5532237539940936,-0.009492652557716178,0.4559101922774102,0.015293799853478587,0.5580913683219433,-0.017588767221607616,0.5518564756536088,-0.013677937566723853,0.8683649512172984,-0.03298451912528491,0.8610261160533486,-0.04315838746793261,0.9806086686390715,-0.06240063125731138,0.5418733319321236,0.01015339135488235,0.5504661911978823,-0.0018288447124523946,0.608175484179888,-0.020788185834992944,0.6289286954579956,0.012968008213419499,0.3954852868876677,0.013358236415149737,0.4227883102881004,-0.027235998083084707,0.6948649473939803,-0.025211411539466815,0.7260638744909664,0.0010175415292333584,0.45019937199895893,0.05376011824723164,0.5315106242620657,-0.04730732516504848,0.9091871234637755,-0.003443578348596738,0.5180574423875257,-0.01812873640204678,0.7402070450413327,-0.02222647466191236,0.7641378224750146,-0.03246947081610483,0.6135410167876356,-0.0569047883503629,0.687857120938081,-0.08599525560196263,0.9798550215454532,-0.09296833975595212,0.9083153068420733,-0.01276602648994578,0.4621462033734092,-0.031788747440438456,0.8715407081192155,-0.0007547052119341933,0.3988817866858395,-0.01367782132710542,0.6252505447046063,0.025565744134055452,0.395159657855476
Robust-CPI,0.3,0.813810707989431,8.766347888472069e-06,0.7860656951868012,3.6030224548785155e-06,-0.0272038522968295,0.3565216784499886,-0.004693218738747958,0.3265644673025695,-0.0078098549370607265,0.5231387796951411,0.0019432507473284466,0.49986735387088155,-0.006735872681148909,0.7453976687266597,0.00390209606285507,0.732009056159041,0.006205101181590525,0.2588384400467867,-0.029667538912994684,0.7959822392060223,-0.0041514888835386034,0.511034982878271,-0.03941764165283666,0.9601430702123241,0.005241968354309202,0.3889310983027589,-0.0008599801217108593,0.7033650318049589,0.0001374517630040634,0.6522243867083473,-0.012208845266339486,0.5160434937669456,-0.009026536966147325,0.5031096092569378,0.0045415391658918895,0.3271316738002873,-0.0023331499429083686,0.6100058590884294,-0.004998021834140316,0.5846103528831575,-0.0007042816009405973,0.6345209798731957,-0.01895367309595486,0.8885358947979269,-0.0027966372847605214,0.5304607986518465,0.003486387903844567,0.661208271935255,-0.004743258715201282,0.8508580682725757,0.0027857237005614356,0.6114136963985728,-0.00013018738889078425,0.6333679906901185,-0.025445549119047197,0.9473142497215153,0.00013989793079277485,0.5631396427780699,-0.018624961350317604,0.8464509609071207,-0.0016821524314256115,0.5670001650358523,-0.005820354658365942,0.6086484145520301,-0.012090514661577182,0.8066849522753168,-0.01115639013245121,0.93461081054506,-0.021048601058687614,0.6337307843485576,-0.06298447837264375,0.6745462980028625,-0.02687566140697913,0.5845156137791249,-0.006469719734159387,0.8977980359980307,0.0007802654155292314,0.5425421395789298,0.005420669867827957,0.7087845813569835,-0.0018444670668037724,0.7801879023730767,-0.007186874876181105,0.7531736202715464,-0.03395219306523477,0.69712395316299,-0.014956115987196341,0.7372395907955932,-0.02304983776418455,0.9391015756942763,-0.015961809210585504,0.7949575579553212,-0.0028487488635045165,0.4857350331401987,0.009650547617558375,0.6142708797821012,0.015106035144847442,0.4591081313209056,-0.014288559468017888,0.7668202153897883
Robust-CPI,0.5,0.7685776994287945,6.216329634368612e-08,0.19125102877192554,5.49178349428732e-07,-0.0011554812421829955,0.5007645043132865,0.011114981119314239,0.3147546188733306,0.0075673321722421315,0.3567991115167382,0.0013639090516010196,0.5236001022571201,0.004414917051336565,0.4558814713113923,-0.022545078828493634,0.7706242951664379,-0.013471288089426726,0.8000111221342947,-0.001058512508190356,0.2706599673607928,-0.010098648518146219,0.6281023728191996,-0.003303937121652455,0.7090628565460476,-0.001750823948458493,0.5266983141733212,-0.002577297808179173,0.7427815177859882,-0.009612252373422635,0.8091792346898089,-0.027342073635055024,0.5163596716436011,-0.0031435265838215803,0.6764856687435578,-0.010986521036162343,0.7416312148076067,-0.005758169485445119,0.7336448530170805,-0.0008955626740286178,0.5507868083984544,-0.00820011359045372,0.690062260999988,-0.005451829639993881,0.7219139349461443,-0.028973101830585473,0.5486376433934703,-0.00044192551001701497,0.6179409946273766,-0.005882687617542256,0.5812897737423879,0.03498359259779021,0.1602129107686,0.001493062857790054,0.46617365866326316,0.027672106634515314,0.346124159019096,-0.008247877146421776,0.8096955193039059,0.005959438294036685,0.5756395699480434,-0.060367154386860966,0.9066841317240131,0.0020909976645522932,0.5863251356501258,-0.00923045995739793,0.8120513813870642,0.002506523017177058,0.7578750144958885,-0.004946580659037628,0.37587288165645094,-0.018854928229519497,0.8554302327380441,-0.01092971378840598,0.7558269364079172,0.0056680354710045115,0.6866000249447672,-0.012326619933685862,0.7082582775914262,-0.005937559059310333,0.4780204669858009,-0.0018986343911649287,0.7496500075138202,-0.001680224447634126,0.690644982897571,-0.0006212579172482173,0.4753661562678284,-0.011919657603910276,0.6196917228676244,0.0037283738178122182,0.7097559100385162,-0.022210741085695856,0.734660562728572,0.01125248388368641,0.4661218158711863,-0.0025170410226675564,0.7769917539344239,-0.004202645238668925,0.8343482514475797,-0.005017398895157707,0.8094173953350001
Robust-CPI,0.8,0.3489184464591398,3.899757073991531e-05,0.15283048495535478,1.8061444132105402e-06,0.011708448381095483,0.28102493150576147,0.0001667371716061571,0.4079316253174542,0.0018692695350150856,0.5126678490529502,0.0010799729661041936,0.4396683385640662,0.0003859690959813135,0.34158848118230634,-0.002035199836310191,0.4304533369909038,-0.0025161902503291105,0.6478241701402632,-0.004110807273879439,0.8667078399540646,0.001119954904536085,0.3690565723284057,-0.005084737923178573,0.8810870770128871,-0.0013216933099503647,0.7080312409804064,0.0007232899579120745,0.7916839512107992,0.0008322699432711366,0.5944800983642589,-0.0008630824852483196,0.7997094285621035,-0.00479477685211924,0.41483552327483775,0.000949169667563515,0.5556170685400048,-0.0010222210446112735,0.828147734861677,-0.004477013301924013,0.5194791020915036,-0.009377953531730248,0.858903902571156,0.003895501149402608,0.44032965669606877,-0.002260572003873221,0.800528168345367,-0.0014279734210314145,0.8054134856866504,-0.001961987894929142,0.8465538226078997,0.0017027076170336088,0.4730754458841475,-0.007670656060878349,0.4234933610342517,-0.0014565325776741494,0.6570399460589162,-0.0009154623897535648,0.5367376287823125,-0.0013855294092781562,0.6763031864660827,0.008193449186906121,0.31313488898690867,-0.005268759785301835,0.7322852909241642,-0.01618907459156252,0.8854934153356131,-0.0006335987324992855,0.8021867117292765,0.002804487608778301,0.4617097628413958,0.0020749821260723504,0.3876514228409732,-0.001059308568036755,0.677408919201091,-0.0007752425612886084,0.7630901176661226,-0.0021402084118620824,0.5308604178791971,0.0007309804944338773,0.559299108177846,-0.0041568847365439044,0.8054344138409719,-0.004878472002902172,0.6180298473508308,0.006080204284898185,0.31068814129605804,-0.001009279678075387,0.6782075435446399,0.0001218094032293728,0.38417762704153846,-0.0025347816080179848,0.8232417460324527,-0.0032687007825314878,0.9000306984518152,-0.0009247238725265271,0.859017493548593,-0.0004381796275080904,0.5226840944413192,-0.0026562321331909744,0.6259965605835092
0.5*CPI,0.05,0.2625041216062573,1.0438765061790777e-12,0.27691170554409494,1.6458939391231308e-09,0.006717926170141927,0.06554966855582861,0.024935942125252363,0.01463029647083673,0.023037432041200977,0.037124597600270016,-0.002718075084227903,0.26262283124444097,0.001431940144119524,0.18384124777230088,0.00161915802474721,0.1662833014473047,0.006172839769092414,0.14376009077324475,0.008095828050646202,0.2631254813749721,0.0009590910052055331,0.30269280781628805,0.0011356687293937067,0.2989544025531441,0.0027575460589622076,0.28929568334793554,-0.001142860560733053,0.37213606648584474,-0.0031289307231011578,0.2353296494588573,-0.0015947248098791512,0.25152157477361536,0.002772041461692962,0.13995076839280718,-0.008745306813735641,0.2550861618069759,-0.0028550947828798346,0.25733864353457747,0.015067398829670262,0.14671680748410235,-0.0005641144324654356,0.23097252785793732,-0.002151088046765805,0.41272175822223633,0.002211860399372521,0.17198593335062667,0.003877223148739814,0.25424309186935173,0.005922587637475423,0.21161561742392052,0.007313721446332238,0.22181008749371284,-0.001184297782015683,0.23327886674551904,0.009627139035882198,0.15091477569092976,-0.0002669482874843721,0.22162057592720363,-0.00041651301070301587,0.2279655328075303,0.0010774532753409004,0.3726807681308413,-0.0018469500253368628,0.24569567470130999,0.0009677349380158971,0.18074378149394726,-0.0010202433891242568,0.29828589807976014,-0.0008639466225083251,0.3049896506505622,0.007237475519417285,0.2109640742774668,0.004407663283295683,0.1915049165656518,0.0021478803529820954,0.15052275641426444,-0.0035783214939405367,0.24551601524944594,-0.0030939190067672145,0.30902046118945375,-0.0068474057792363985,0.31211119302166795,0.02182094997820493,0.1885300475280156,-0.0057597509016315,0.15995572138969855,-0.010489029307450956,0.3293640967006177,0.0010603964147224206,0.11493479034040238,0.003561659311650259,0.20001598719552494,-0.010182979848733108,0.42953890534443534,0.0017553155255694804,0.22629721016837467,-0.00019346395449441097,0.17302355470201458,0.0007254874474287989,0.3691809791858999
0.5*CPI,0.1,0.36961902570145044,2.5963961027591904e-08,0.3032737630950852,2.4173681371136725e-07,0.059634628642900464,0.035941051424047396,-0.005531153920791426,0.1263251775900147,0.03664636876915915,0.029170238455975092,-0.0076257509169168815,0.32208054545424203,-0.0032668976479435685,0.26505716343261115,0.000597743404222534,0.24018549238430983,-0.015514121784895704,0.3314422421387027,-0.02588624983370085,0.2098579462648978,-0.0006383976569535947,0.3805175624177143,0.005842994347213009,0.27634543412182966,0.00814298850286362,0.12888474037319847,-0.002081889371209933,0.2436403481006043,0.007436917145363718,0.3091088980883453,-0.013698984115700282,0.3093408530737436,-0.014462656923155152,0.24995791363499376,-0.04003221618284549,0.42534915945525803,-0.011333434660409996,0.19689230860213605,0.004270769051764303,0.31202290337359195,0.021412431922567227,0.24436767213163157,0.006816780455581259,0.20437305246551646,-0.02775608819392436,0.25464120113036004,-0.004021574999134598,0.26406642317661116,-0.009455669150501037,0.3999412756836274,-0.01751555873915996,0.4180584155053677,-0.02651038872755778,0.48290912955540577,0.024653370278934567,0.2561386222697889,-0.0047098594232980046,0.2435911138459082,-0.010986240902993468,0.28107512731484646,0.002348517824576519,0.3081503083819028,0.0070959210353301085,0.13476969489508858,0.0035729630758734826,0.1478166733151842,0.00753870386604864,0.3100684192618649,0.008912574990295978,0.34889524807984684,0.005080496100923314,0.18175613698499632,-0.0032755579363615245,0.24687855582310203,-0.0062794095894835745,0.43425117233587385,0.004135285492328477,0.21340179086257777,-0.006931093726902337,0.3444086318451131,0.001547115793609714,0.35870375435167523,0.03128040519711137,0.25661036535116344,0.005791279810120929,0.31950222654546256,-0.02695858715377969,0.4775622212768167,-0.0054857863487168,0.4391160754077844,0.0032526917978374895,0.21200967385226327,-0.0018113962548376805,0.39656842518224716,0.022113015278288604,0.1616831349435066,-0.010583902518187593,0.28168359034943236,-0.004154618802523472,0.18242496514537737
0.5*CPI,0.3,0.238550292469101,4.309974065477685e-08,0.3171325572770088,7.23732693875438e-09,0.051368575198197056,0.14156891312955655,0.07820261214246886,0.13055777157269288,0.043019357749993326,0.1967810574417691,-0.0002793638813393936,0.19985613877193423,0.0010227034560938845,0.318956954307012,-0.02207852563744179,0.33401421024325806,0.00670530994625296,0.11107383225326632,-0.017944682951127035,0.3749029554192063,0.005409546742323399,0.19305826670766396,-0.014645079122951942,0.47496436701321176,0.010327810321842879,0.15663797937123025,-0.021207365367745437,0.3089371047171767,-0.0010015764618402678,0.28267224450466644,0.022118068637436136,0.2084980786291441,0.0003342407919606938,0.22420452359601462,0.0037430009655351217,0.11831231672736914,0.004630317814952025,0.23039055176727016,0.007770579374357993,0.22500786565666697,-0.0012479981066591975,0.2817226640018029,-0.00294716513473631,0.4239896035008971,0.0009430961909029797,0.2065180845754363,-0.0026756939051543922,0.3054847434265917,-0.009219983092596617,0.41962220236304204,0.0024469392833565353,0.27973424227670884,-0.006850725469316103,0.29832109563224385,-0.01784037922150315,0.4665671827916703,-0.03611861627154006,0.25378298158969764,-0.004306294591794812,0.3678798541555116,0.0018021669708468446,0.23869935477814808,-0.0019084243838724845,0.2716385204661191,-0.01741332303023368,0.3730046957919945,-0.006703326144373537,0.4391968998696537,0.012725211748965036,0.3067207504116269,0.020788527756500155,0.2824330513800476,-0.002246036021918986,0.2681846346154213,-0.021406329438932458,0.418071209590425,0.0037758995891946506,0.25285227432708174,-0.006052672169573108,0.333149704301219,-0.00482815207188116,0.36000165044663546,-0.0030127819235808376,0.3373401762997763,-0.023101497889597374,0.33074168749207483,5.913911123230142e-05,0.32308991601543247,-0.03934154438109159,0.45664401308782376,-0.003939968987474063,0.361088114003798,0.014620075887876102,0.19649879214920907,-0.009888396143057981,0.2747213134346053,-0.02355574584097646,0.22107820163064879,-0.004562658976387715,0.3431351794951968
0.5*CPI,0.5,0.26120870424458825,6.099476580575411e-10,0.19063223375576233,9.152213317515065e-09,0.026007169658306597,0.21587047579081198,0.002559258223080148,0.10558153586227745,-0.0037047963212109443,0.1468036716742569,-0.0004583281884642514,0.22307514487581565,-0.004197483122473354,0.18770953563714865,0.001136278044654711,0.34769045029763357,-0.0013626206552468005,0.3751402173644847,0.0036444752390468265,0.12161856332878745,-0.0005042612800331435,0.27475111421835163,-0.0023363080751347934,0.3229555596057341,0.007736900960573001,0.2331027783685522,-0.017669971476379324,0.3550846195296346,-0.006281408581469534,0.3598485208180659,-0.00018379464189712295,0.21395676117791743,0.0012728210697101055,0.2859971248502414,-0.009516377137313953,0.34752604966200734,-0.01596940795375444,0.3461850511277114,-0.0028610290835963835,0.24201555646043788,0.00042894767875120997,0.3348039335902789,2.01771315505328e-05,0.3309221577110873,-0.0016735011713546707,0.22754809673410462,0.004662960698166502,0.2600371872409607,-0.006063746061135947,0.25808230355836886,0.008034341773499936,0.04869107902461748,-0.0024943727002718808,0.21578909681649988,0.0015836871578210577,0.15786795796914233,-0.006179727982750604,0.3756273509200655,-0.0005993162122389609,0.26718543754979807,-0.008166073500350368,0.43920949618736865,-0.02397397836223099,0.2723345612491953,-0.0068103870139451525,0.39274619577986336,-0.014824792753886727,0.3657424801473984,0.009698477328166961,0.1715134231816102,-0.00325343987064842,0.3865219642086948,-0.002048397495379725,0.3601451372154066,-0.0033347692289748807,0.3205543111132746,0.0033407804242869864,0.3016654929094841,0.0010962480230341416,0.21370177733681317,-0.003558111029373866,0.34441439546082875,-8.372563978449154e-05,0.31611071889694276,-0.0003822529338748182,0.22365449486029645,-0.002547098334268032,0.28358445416034095,-0.0020587854002922148,0.3263870543108485,-0.011549210176815376,0.3203953251361002,-0.0018733415710901747,0.1657330879863561,-0.006946124436926112,0.3604544757414041,-0.011519848354897529,0.3982020653952586,-0.00173491915069089,0.3889329087905869
0.5*CPI,0.8,0.12791880769907565,1.587523460698774e-08,0.06250207229037413,1.087036580014571e-07,0.002957720294309689,0.09336145218295577,0.0008778348563960625,0.18218663920018255,0.001416552330507737,0.2510222824989364,0.0013994879507711233,0.21254328132782402,0.00040961837816714245,0.15830473757154895,0.0002783319322159381,0.19699445625878614,-0.00015248956141036143,0.2925952914628458,-0.0002674475537754062,0.4224943665481643,-2.855524941638594e-06,0.16129472774760278,-0.0003870387740015765,0.4350942820920654,0.00017155140785066376,0.3425158045360095,-0.003067626004056769,0.37013982319534455,-0.001891046769612376,0.2913727942253615,-0.00022649382442159995,0.36131154186551473,0.0033891032455786395,0.16974940919719403,-0.002795482194059788,0.23940029559900078,-0.000792187630909306,0.3909780703700999,0.0002578061879536877,0.25592578725657034,-0.0004040866216602328,0.41397309394416226,-0.0006819412276315279,0.2050577528474323,-0.00024994949889224155,0.37965304971623304,-0.0016853033132157266,0.3925895909007685,-0.002639856070133632,0.3928254141068778,-0.0013443681758588625,0.22306306665303244,0.002176302214581345,0.1997583097086314,-0.0004749171100066942,0.31828673397839885,0.0003095058793073695,0.24687058936150882,0.0011071393773104039,0.3176175288436429,0.00011486582750805866,0.13648466234055848,0.0001340037704408261,0.3663117772274814,-0.0005678310064575439,0.439745403219706,-0.0012698172562322452,0.3807700820021239,-0.0010084367502705082,0.19755223671969752,0.003036975222284369,0.17004740873319585,0.000247729820715288,0.32892684089068863,-0.00298727321122699,0.34898048120006814,0.00027834383398883157,0.2612218532410732,-0.0007296020355101859,0.24560233750745242,-0.00010267687756181186,0.3870592784238325,0.0003616345142437849,0.3132428573089475,0.0008901950713463896,0.1306221939273934,-0.0008507542847733305,0.3185510816709487,0.0004379621129640964,0.19645467867854888,-0.0005636421917336157,0.3961196692812718,-0.0032264253238496613,0.4454907763903725,-0.003047100717275604,0.4051318754189023,-0.0002632410521966827,0.24442585543324058,0.0028704480121014794,0.2747058989743334
PFI,0.05,0.6817758205653028,7.085974175200125e-14,0.7285074967016136,1.6765875342049537e-10,0.01603029116195979,0.12386579600171857,0.05877640108060109,0.010354061849221313,0.09212323030060242,0.04702531926651839,-0.005500574150813385,0.5204393941274548,0.004294139770929997,0.3909633955587696,0.007840213823683984,0.2729447057328998,0.014916288788514817,0.2672096967161343,0.025730194149754092,0.5025374090091703,0.004146834483876149,0.626184738917057,-0.0012751992338860497,0.5898475416065778,0.009041813643520268,0.5516816418186113,-0.0017784405385950467,0.6567262330992862,0.0012751913211624252,0.3406422991686637,-0.0029892357600136634,0.45435774039288557,0.00683024929657698,0.19509543846449479,-0.02015477810368937,0.5067701264577307,-0.000874789793873069,0.45440698421551623,0.03702751324218393,0.24046928321599148,-0.002967706247856263,0.3610621579691624,-0.0050620581861041325,0.7233479682450119,0.01225074570371459,0.19436572712007016,0.011885051044166435,0.47787841621041927,0.023458572459373096,0.44441860977521586,0.017688714373162367,0.4826388967814692,-0.000758995560494821,0.3938970433832103,0.02291163505370663,0.2786718942020494,-0.0007421333110073421,0.39909094791654653,0.0010326335643149496,0.35257204949034743,0.005149205811278644,0.6933677493660768,-0.003508629908868365,0.47705383116851996,-0.0025619613161840618,0.43297016810252825,-0.0024450419439888934,0.5479193860949539,-0.003370674671679116,0.5296607542067833,0.017551956671015542,0.4447997469164764,0.013449285570665829,0.3675757599990302,0.004250635696567224,0.3169738616435223,-0.0064572479649299165,0.44577757090510994,-0.00878832558541601,0.6211212578598382,-0.007002586009370895,0.5295668088653338,0.05580322981783168,0.3353040017803053,-0.014372127379498724,0.30931918930696195,-0.026586725469996044,0.6082003586108089,0.0007177544011358964,0.25203898155417837,0.013776595881810039,0.3629810350476739,-0.02365951725998126,0.8383919978810912,0.0061625860706458,0.46290203442977607,0.010301511743832571,0.31619284145608706,0.0034379930957021934,0.7042247568838026
PFI,0.1,0.9687313287848497,8.255535258949741e-09,0.7937051944301424,2.6732576381897046e-08,0.1548279550213086,0.05614060563462723,0.009123398842867784,0.14590855068592032,0.10759072170558567,0.07274472935590698,-0.006694232648111367,0.4076209639672639,-0.011986078902970427,0.5435202934808129,0.004630170274043958,0.41161333079851925,-0.03752260091660362,0.6455826997115234,-0.06640041366774953,0.42275154768204326,-0.0015380049819004272,0.7545425961211285,0.005862488716662207,0.49874181463023937,0.014267942682971798,0.21267427753256468,-0.010452067405323711,0.4593893794253563,0.018501664273527996,0.5806887350031102,-0.03139961154572037,0.5777755460995626,-0.04224013348628639,0.5057925385501959,-0.08883152977183506,0.8660587984428247,-0.035869341841223784,0.34677051904009154,0.004339365766758815,0.6925448921249053,0.04522199302063955,0.5020015900413167,0.012087771470046384,0.34436956516590556,-0.06920394153016673,0.46767492829282353,-0.007358218712152427,0.49100704609648593,-0.01808053296384604,0.7182833615715394,-0.03992742635158775,0.7707184108128797,-0.05273907067052844,0.9611215140531111,0.060256614929807,0.5388858626659653,-0.009299524870399619,0.42048220768578254,-0.026142190758916224,0.5256836415763145,0.006878734869485797,0.5016644912683756,0.009629389631249778,0.3292187095589827,0.0043624417542295945,0.33715602905304526,0.013942339583122788,0.6358954406792641,0.022275665846480053,0.6800818456550269,0.015649270831054014,0.3249963271871845,0.005523247862337799,0.4418094605578854,-0.019857960023361217,0.8860802481854289,0.019771835611872294,0.32340948655518964,-0.00766283454504868,0.5873994182266116,0.007864110408392312,0.656668728333211,0.06461952711458302,0.49227353623369513,0.019147925565404737,0.5881816054675075,-0.03871295736860866,0.8892783454559969,-0.005600663681633536,0.8510863628198422,0.01723720457283,0.3649407303759776,-0.005561127789298746,0.820994528172219,0.04606749086463096,0.27790869603109136,-0.025508420245288186,0.49414470954927653,-0.01603211621591452,0.3405338730466337
PFI,0.3,1.1503435221902583,2.0419669670952763e-11,0.9486288374700401,4.6185796077606665e-10,0.1612369888309309,0.055490174913082474,0.2785164226053278,0.15958894490059866,0.15486939478189432,0.29180281984771517,0.0022805639310599884,0.466476022111392,0.014222209706023307,0.5179812887823102,-0.05937213788136354,0.718731580955214,0.02469364743675557,0.163060150688634,-0.04781188997744683,0.749321872864188,0.07068435863333734,0.3449650054911671,-0.04010265281944305,0.8953702416305441,0.0283606259406339,0.27794932711297426,-0.056220741128198644,0.7369931281101918,0.0036039553479328373,0.4575029597822936,0.10326402974154164,0.2328798134350353,0.001118974205734681,0.4249554021213874,0.04005260876268761,0.18050491228734045,0.021261175213104496,0.3449912915074702,0.0287483692505115,0.47120903952694937,-0.04875152471603901,0.7117786660908917,-0.008482623763654988,0.822450735980675,0.01161593031857176,0.3319871361874302,0.004895034781032097,0.5232230359898173,-0.017551480734987846,0.7732582096501657,0.0026277880568322735,0.5226871073808748,-0.020316547796389355,0.6518678046079514,-0.03450914453565193,0.8832595978692995,-0.09102651570402961,0.5509006662732092,-0.02065527935867438,0.7334917246626756,0.0019800329342520933,0.4863298857587309,0.011862836978046033,0.28615032240143307,-0.04940012951321148,0.6856194552512938,-0.008683641361950297,0.8382241223222326,0.0398448254870616,0.5928715893495684,0.09467025367532114,0.5130334406405777,0.011972437931244367,0.47775468862582665,-0.0643035684351308,0.6809582068722502,0.006744998105759053,0.5033915117890381,-0.023148711157670615,0.7461074305129558,-0.014367229719871689,0.6791432693219437,0.02409429979528691,0.6400262343300169,-0.05753498054254202,0.6205781681659477,0.012870891570378575,0.5101482895979292,-0.1354555450228297,0.8977924868316861,-0.012941328529945369,0.7973486341874054,0.050151310222037386,0.27101918626271776,-0.018289959908069184,0.3581730513768537,-0.05017315889251745,0.35603175596760106,-0.010097884697354544,0.6767675488376567
PFI,0.5,1.8575379037499966,6.309615421839287e-14,1.7551941845324284,1.0798140885723914e-12,0.19124805047292284,0.28773581864339004,0.1307070206651296,0.051916765424394454,0.005886947186580954,0.138230127722076,0.009617204358509868,0.2972930780390273,0.002934001872753344,0.23196104464000855,-0.0019443342838309959,0.6907277044285567,-0.0021009538861620418,0.5817191064003713,0.011950798745583755,0.1623514955151672,-0.0008616069322094732,0.3348845032613036,-0.0028951880900814565,0.621919528960626,0.041848804444612496,0.3991973047005195,-0.03941106265145308,0.5027732712127869,-0.015360017101029537,0.4843516817491635,0.020638682009075926,0.2639286526493952,0.01039290742683406,0.28852590774609205,-0.02766821159160368,0.7135654983782146,-0.06072520950712143,0.6449654399538371,-0.01037423776469888,0.5827189737690174,-0.0047419294255394194,0.6746137738864566,-0.00962952556769957,0.4749787290762107,0.06017898274674701,0.21176556992442147,0.007795041744612773,0.47432438150846895,-0.015227098875369969,0.4576212802473487,0.022398316756946576,0.0604498570646427,0.03266622107175799,0.15320186966905794,-0.007168743903561056,0.3669179902072608,0.0003478804554851659,0.4967863585511529,0.016005435737650293,0.33562531589656136,0.007422181615330953,0.6608842253362734,-0.06529605808957642,0.46328695561939237,-0.03517801252149347,0.7586518902676274,-0.0032626926687841736,0.48345838430900323,0.026304080425162267,0.23420101145780609,0.004004933455115492,0.6111745176259489,0.0210841718987306,0.44485783027590464,-0.0014339956756666543,0.6340521693880032,0.023072881891648328,0.47885211046809756,0.01509938500080692,0.3072725137174552,-0.015708643093204216,0.5915549725892982,-0.004830719116977198,0.7134163827365049,0.015305484732390191,0.30648725782139274,-0.007815401869910331,0.5796100594165985,-0.00768435358453769,0.6060647370760952,-0.026662797351760855,0.5558204530312434,0.05939625696192338,0.017375165311373883,-0.0074600022725473,0.5465606176398217,-0.02234252008991789,0.799977777572232,-0.0017199559770243234,0.7592687003923582
PFI,0.8,1.7287863242050143,3.6363052591458613e-13,1.4834531608865504,3.718835674447414e-10,0.3439623242578756,0.00019886737895036114,0.04362412855404884,0.03471956848216112,0.0405171577571521,0.31851025632882923,0.011866901520809211,0.4222988892232662,0.008559288996878987,0.42586551897342395,0.004195991917655182,0.4177539568755493,0.006616148041148909,0.20584844153018447,0.004699171457478373,0.635156042363828,0.005323112837394055,0.22709996189588136,-0.0038574301903931342,0.7600479211717283,0.004681362328874972,0.12481388585500126,-0.017763484726286402,0.35177360665695634,-0.017108084013005793,0.6431198643152023,0.014452115642079537,0.36718719262101107,0.022128673305428736,0.2779164460045307,-0.005987979823081957,0.24061379414878362,-0.005953924850013263,0.754113617869289,0.002668847510633647,0.3012870538679013,0.01130164414398456,0.4806341072766277,-0.005895918946175624,0.5977782782040495,-0.006171856061416228,0.3578309037621307,-0.00772589320168453,0.5227563072178186,-0.009546975769523545,0.782237732998506,0.022329517552920484,0.246562371274446,0.018895213579118893,0.026621963174383936,-0.0026542553858234764,0.6035760682167128,0.008882936899187543,0.6183073480378083,0.05073040208473136,0.4590454000336114,0.0033361536793892616,0.07910684375985177,-0.0003770601416719016,0.8205961972279134,0.0013619181143304988,0.7865612999155807,0.00233959053777514,0.627421873493606,0.013558719221644372,0.17370750215947284,0.01448032774891668,0.33417994444302407,-8.87875547915686e-05,0.40793062709533306,-0.00676426943643598,0.6502800484577516,0.0019296924625268803,0.4512752137348689,0.0073605433679466824,0.22875646366783509,0.004166711615615728,0.32128369628676623,0.012198799053484895,0.41230477792132153,0.0048234740814659645,0.24844741330909567,0.006802917564404949,0.644064122023563,-0.0005577360191444988,0.4382407438677426,-0.001073393307215459,0.572101585049573,-0.002369236480310346,0.5607595984388574,0.006382468587795153,0.3629054076940573,0.00015659391712983972,0.4774612793136983,0.01833832979529429,0.25095669951236454
LOCO,0.05,0.6589805768305996,0.0007668061128891142,1.2106305697767397,0.11324867068687886,-0.1075685282189716,0.8937732896415774,-0.6379898564305915,0.4205991966044635,-0.13202101574165034,0.5554683800231661,-1.6427332745174827,0.33338429257193786,-0.404093103276386,0.6699274733914182,-0.10979342941974572,0.24816465616111102,-0.7652300426981022,0.9139260019689335,-0.12878501991144042,0.5505693746593003,1.1933918657361275,0.38300844001803014,0.6827925552660234,0.6367730773178408,-1.4582187639709847,0.9999805144589904,0.06931112811583712,0.6111856574075545,-1.8690810468808403,0.6677256355532905,0.369311702294056,0.38209782072166004,-1.8644572979868859,0.3399788426271975,-0.4258835582055948,0.8217217564529182,0.009867789085755826,0.7679002148465526,0.24222190218666442,0.48250578510723124,0.4837783305711657,0.665766743821036,0.557837274930321,0.4491382536096938,0.4917237660653505,0.3320793075183899,0.5222251747159441,0.345504800933273,0.08053641190144097,0.7245791112037326,-0.4768407390851556,0.6443763621151092,0.09617484840044384,0.43537300101354903,-0.2363776931249174,0.7933958947363124,0.2637561211121624,0.41181826073702194,-1.021356144972877,0.6826810690807555,-0.8009538356539454,0.5583469916848626,-0.32868098709754084,0.28545307234161504,0.406512200666313,0.3351154546840681,-1.7083527716223217,0.9935968694115889,-1.1692999794437273,0.9142014271916851,0.8243352767575667,0.0021334182397370056,0.6153663322393003,0.28977282228003376,1.1269779363349912,0.3333352648905679,1.0739496212645758,0.001283200219816057,0.7188833247345965,0.2343974293360179,-0.2606589068243508,0.6042259678867495,1.6442949141695948,0.1807338403295383,-0.5823076520626189,0.3313089750722283,-1.0440015415784463,0.7231140569350812,-0.07473053900375488,0.6359006005821708,0.178850417104909,0.4121135455634796,0.09579809145103894,0.7597141487635382,-1.1455953303822268,0.9999979442475155,-1.054419513089302,0.5603749083037034,-0.6672346013749634,0.6551785028117767
LOCO,0.1,3.4190394085943927,0.03354925435616755,-0.9895811614109647,0.6089673971206436,-0.3246122476723019,0.6619809964500166,-0.9449421959684916,0.39462953205773066,-1.0314802378555834,0.6190552189960912,0.4279715234267223,0.039902186732844215,-2.5652160822822623,0.9671353466286947,-0.905115490890389,0.901040018270828,1.7880786539949765,0.448139376161173,-1.8735761867435883,0.6661561300043887,-0.36205265561283895,0.5846165517423751,-1.4024173170060306,0.3340037730368855,-0.46160446679170725,0.9665465463718788,-0.3142753032461458,0.2740659010539784,0.25997157567592066,0.049738992449972964,-0.11677894338549057,0.21307399432311266,0.5678849963243301,0.38810002451765124,1.335678535770407,0.02485351064855571,-3.004980640288924,0.3341352004134402,-2.1758297441784937,0.9400340430500806,-1.5403801338839807,0.3344608183643135,1.3305916696095397,0.09187618901391573,-1.5079523453984824,0.8113365158699296,-0.02463944077547992,0.5535068988208117,0.33171088401380694,0.34165033720871096,-1.1176159945329809,0.662061883930195,1.8857011656879552,0.4368012326812051,0.026733232556869994,0.484971134191607,0.4594067924917302,0.6874014229100162,0.11361432202570708,0.3584298894224986,-0.28196158560367107,0.7397354870458637,0.011524922975184433,0.4932978411430292,-0.15111831091915776,0.5552053273636858,0.8916807548382474,0.5804108798063434,0.5101714889388822,0.36040071959154124,-1.6714157494000308,0.993883302724323,1.1216201846151854,0.07205858080241719,-1.2454500474527497,0.957259813813663,0.8887608185949167,0.6685929519757624,0.5426206514851881,0.6904841548069367,-0.1957911754182863,0.7268304057327815,2.490591451811234,0.33334327781871415,-1.8410035171755896,0.999338692258207,-0.2756335359470193,0.5450403861765059,2.6254915759895865,0.666356139643874,-2.502743062239163,0.9999999999994718,-0.7555523573102682,0.6632676439660673,-1.484237390597946,0.6135281757146166,0.18760300058116183,0.4832063218946643,-2.05659371620472,0.3338040401744052
LOCO,0.3,1.8398278470296794,0.018546393510133576,2.5537333001427265,0.006658578210449795,-0.7067984311271513,0.9491193340019428,1.4593919960475785,0.2502135659577155,1.0562380501976998,0.3144657885087903,3.662348432041875,0.6601542898947012,-4.0387810753048905,0.3490248509612396,2.071293946261012,0.450451063719145,-1.045628172391772,0.6346832451480277,-0.26728494567684885,0.49951534306222223,0.7180032075098207,0.030812230291620425,-2.936211529396023,0.6504641274548584,-1.714268475422698,0.5246277950698164,0.8965868938895931,0.3366117117618801,-3.238180903276098,0.9182222348802731,-3.524763516297935,0.7208028381783205,-0.13804574847306136,0.5234879230636246,-3.787968800562101,0.6587399824809094,2.557387127867152,0.14156393716204768,-1.6896073242003764,0.6715153548930025,0.8787115690600384,0.5455543896332998,0.16417020613278702,0.20966562239031472,-3.0523308456317353,0.9904323376673296,-0.7296148656804557,0.960517839708732,0.15458509885954316,0.7550356549674614,-1.4611552053400696,0.36761524524768735,2.1313503878956737,0.569909332401234,0.07290227727523801,0.3922631390361118,-2.018163959605656,0.37520697115683355,0.6502840950826994,0.1871831999519642,1.0677493374123412,0.5594662738503962,0.3930837056414859,0.6292709410776172,-0.8477529395746184,0.3829300031702348,-0.9658689735273613,0.9896293658963905,1.8328006439833222,0.13224276549996175,-0.2307250794402195,0.27229693551492823,-4.031303426362454,0.7552032019862444,0.17231019843609086,0.769636026761048,-1.5021237812136918,0.5088757300995108,0.40772189855458424,0.32090381011677876,-3.584581735760775,0.33658122489766723,-2.3911787361284342,0.5899851913907498,0.8770600821646358,0.3461386904732886,-1.6158962187483736,0.3410299197391816,1.52086577826054,0.0006640521199881381,-0.1011987992442435,0.5369102449719263,0.575196601000174,0.5378753492504557,-0.8442272578269002,0.9385647717160868,0.8532910671366207,0.3579638388702283,1.7908405044130309,0.1689208609643724
LOCO,0.5,-0.1308130555188971,0.26836254628530576,1.364169526554556,0.5978269213892486,-0.8554594957643162,0.9230088661220222,1.425295163734951,0.3412088362606518,0.914883806560109,0.32203462289034085,-0.07406780967630615,0.6747739586894589,1.1970284803973184,0.3514935886649476,0.6172181172434795,0.2834256781566075,0.535196542570187,0.1419412247390599,-0.6271656912188587,0.5972055520895617,-1.0705119130350198,0.8427777265229178,0.7063176118517851,0.6014826311567765,-0.5021438118007152,0.5432168371439727,-1.305407395783493,0.6640319776441699,1.2748032607823374,0.1417288566021971,-0.36665383539183716,0.8825986904153099,0.28587196478304117,0.40085901973194754,-1.192410749101379,0.3477646209689976,1.1268897107685074,0.2933880309718469,-1.8211124538380077,0.5840169397833279,0.291220842131184,0.7209178394793344,-1.2291725797368729,0.9997739609078453,0.98944044943439,0.3517562818516813,0.7884828092352718,0.5578732535130622,-1.1553538350423462,0.7448961800806319,1.228495538802424,0.3270079967331075,-1.566106890091175,0.6684166570093855,0.07511339976681104,0.4606044262938365,0.12576208238773856,0.19024312364660156,-0.7650020529284787,0.8951089651705532,0.6387416036420421,0.2294691486757641,0.6793918938505996,0.045242845578755124,-0.7244252453278607,0.6801370622003496,-0.7018376899938582,0.6283484761394038,0.20141955729905314,0.6317496488699997,0.05163433430121766,0.49767204102217005,0.7754801358502085,0.15771920379679724,-1.1705522267632136,0.9928083217906114,0.5249496161892635,0.33186905468562583,0.828143704855348,0.18322462784079654,1.5280676025024693,0.004428416806296465,0.2883295172918743,0.5593736564813491,-0.9623120780466908,0.40887041232265364,-0.941193230802549,0.6605037008788307,1.7281886380397875,0.30874616265717203,-0.10739085024667672,0.3460742176464619,1.5797581026321006,0.6494893355322309,0.24076447924219918,0.5259912377563476,-1.233385257295969,0.46155552124225296,-1.1280364350495853,0.6600226917064224
LOCO,0.8,0.18659140318920828,0.157877930204338,0.640297120146236,0.07488757336766248,0.283094010615592,0.2756616389536769,0.11383000093849785,0.08317229737053367,0.02227738946084696,0.19490956841199195,-0.36753566438670504,0.7801325569129073,-0.4488848959314624,0.3442319591117206,-0.3077820761465651,0.547668586089696,-0.2505423863582874,0.6665722451672841,0.0191605741071248,0.4812450116598785,-0.1349799272374661,0.8739786039097686,0.3100045570694946,0.00065864412693258,-0.09719326766746968,0.6892742667987977,0.30156012688616896,0.314073055902614,0.04700912320547406,0.677705986525966,0.2096730778753908,0.41262943323759166,-0.30825308410901775,0.6670346381596283,-0.18549613433735332,0.6138638956041083,-0.33698906277113966,0.46874189685050566,-0.05633798111646176,0.7521643437271871,0.19639109409660852,0.27926614852334863,-0.06987361982809037,0.3728501017476142,-0.10290866642906846,0.9001399299110024,-0.2247712117406361,0.9873134926505871,-0.3014312799876819,0.6641994105639588,-0.3524095673119992,0.8452435975952103,0.5495951691732007,0.10922068619397765,0.16989292452285293,0.3341330903355205,-0.32370566969940956,0.7866712996864531,0.2056848999793784,0.602548946059426,-0.20609857047597782,0.9780046225451614,0.1868379115713661,0.5089043554673999,0.2927042094262347,0.2806534938726435,0.1401964934677783,0.38204961548844457,0.11222684803277058,0.3429143086683788,0.04477041125628307,0.34429189420173634,0.22411955196554234,0.045435579977727694,0.21057737114918,0.4393521889273702,0.20942071408138993,0.3075759150072525,0.6392124747409321,0.3156509209039091,0.06414473964733543,0.16968529186629983,0.07377336467925247,0.5832982349099642,-0.13272520717023722,0.9674343946740265,-0.1620529607021251,0.6275401793539307,0.24687019088301662,0.07549444761687403,0.1921613471104631,0.6565620693823484,0.10803177927665064,0.15745105836855372,-0.28657112655265715,0.680291216290804,0.16684921829800517,0.3416241738776687,-0.2566660588949606,0.6331644499432233
Robust-CPI,0.05,0.4211917919346246,2.8602387603663283e-08,0.4477127163873817,3.4792510110903045e-06,0.010365906704378196,0.20057206502214406,0.03589516962503366,0.06188935967672581,0.03603324428007715,0.10168718542089601,-0.0064964574385651085,0.5634633641910518,0.0017799411239502007,0.4562647018987577,0.0009256126171975235,0.4133365033938422,0.01108561712572793,0.37063593500897085,0.010772456805873586,0.6082759549498544,-0.001139598361776103,0.6999604882904856,0.0004019847364527564,0.6796026083980753,0.0038785239040867335,0.6333843924279934,-0.0019321265259388963,0.760749589086367,-0.006801220880608446,0.5227105057811964,-0.004921146160678158,0.6227749933108335,0.0037419749168320234,0.3991715304933321,-0.019869154277258896,0.6109444969686494,-0.011015239329874539,0.5793659067173031,0.016435704675383227,0.3553332371953509,-0.0038682433460003438,0.5436958621855472,-0.004617365180753809,0.8392085166057357,0.0016821774569561725,0.4197923238418205,0.007272621215013084,0.5942517962783687,0.007982328636525697,0.48441806900192214,0.007238491055332166,0.5637773290927,-0.0024573081186575673,0.5204149793033803,0.015158276619631591,0.3639012277460807,-0.0005392876199321499,0.49656161686098715,-0.0012818044588385543,0.4972617049284481,0.00041943963520368606,0.8054774550920327,-0.00446938003437912,0.5068335276195656,0.0005370242392080289,0.4539246733937067,-0.0022191107280457225,0.7156016688712248,-0.0024449369297374194,0.6765283685363872,0.010905751132160373,0.48378233992526565,0.006683130446199169,0.45915242792573135,0.001719201398640709,0.38592989239269987,-0.01011539234462643,0.6126559113659248,-0.007996862947857411,0.6538026206842755,-0.01683358529220929,0.6717696078031283,0.03400963755453036,0.4876104459418377,-0.017886794025113957,0.4058391838142754,-0.023755005075184008,0.7592647823258274,0.00032335013723745445,0.33880664550913764,0.005037300586474282,0.4633314098332259,-0.02087315381286511,0.8942543442488469,0.002026977627170211,0.5166960869247276,-0.00016545187792009158,0.38364567739009875,0.00046643480138327674,0.7865912549411993
Robust-CPI,0.1,0.6039212105050966,7.929035986784506e-06,0.484268503176422,8.258572402665781e-06,0.09801470700553731,0.08956262836334077,-0.019406354088058294,0.29450623008556925,0.047750850656690436,0.11203341770205755,-0.01702499249209576,0.7501102294843227,-0.009058580832049471,0.5671114207049689,0.0010144236594317835,0.5263190015023855,-0.03967809145604231,0.7108754854009514,-0.06881258384873401,0.5289920062301792,-0.00660487484405138,0.8355568838940148,0.0035932682779454403,0.6542357412497434,0.008633737909889888,0.33283145065967973,-0.006797679687518908,0.5671212825644962,0.01255227863098336,0.6522826304950141,-0.029318382293915084,0.7240538049876706,-0.033132866412253104,0.5557191028766799,-0.0926560472895716,0.8971068801835377,-0.02768374145822136,0.4872955521310822,5.115027358961428e-06,0.7422681091293835,0.037240442500519395,0.5532237539940936,0.010907314402309696,0.4559101922774102,-0.06214794986547757,0.5580913683219433,-0.00957650582930743,0.5518564756536088,-0.024218193463184684,0.8683649512172984,-0.03608925228135256,0.8610261160533486,-0.05884736049507771,0.9806086686390715,0.04296612391221309,0.5418733319321236,-0.010353023980862915,0.5504661911978823,-0.027479025757967263,0.608175484179888,0.005208390821857284,0.6289286954579956,0.008061422634802468,0.3954852868876677,-0.003290268109517744,0.4227883102881004,0.008315436214022847,0.6948649473939803,0.01321409355557107,0.7260638744909664,0.006705453218586702,0.45019937199895893,-0.007782640687790024,0.5315106242620657,-0.018337323403626753,0.9091871234637755,0.0024659235031185764,0.5180574423875257,-0.01512323983320674,0.7402070450413327,-0.002017274968819451,0.7641378224750146,0.034602966321458845,0.6135410167876356,0.006105912261272967,0.687857120938081,-0.06450817025453293,0.9798550215454532,-0.011564612208268328,0.9083153068420733,0.0013029415194667844,0.4621462033734092,-0.011182210555022536,0.8715407081192155,0.030089406849300913,0.3988817866858395,-0.029650498094326898,0.6252505447046063,-0.010489179123586658,0.395159657855476
Robust-CPI,0.3,0.3727775185917124,8.766347888472069e-06,0.5008319563078535,3.6030224548785155e-06,0.08852532999123935,0.3565216784499886,0.1306333958086044,0.3265644673025695,0.06566491687286397,0.5231387796951411,-0.0026819770921386768,0.49986735387088155,-0.00856523367736506,0.7453976687266597,-0.046245736787514855,0.732009056159041,0.01238297521725711,0.2588384400467867,-0.03664885609106236,0.7959822392060223,0.003678443873438976,0.511034982878271,-0.029646952700182343,0.9601430702123241,0.016045806121190286,0.3889310983027589,-0.06009714171972848,0.7033650318049589,-0.00800012798278153,0.6522243867083473,0.03964579178082895,0.5160434937669456,-0.0010404143922553353,0.5031096092569378,0.007187885265738311,0.3271316738002873,-0.0035406056897723972,0.6100058590884294,0.005481552651161607,0.5846103528831575,-0.005577655272199376,0.6345209798731957,-0.010581593494855141,0.8885358947979269,-0.00015552676102248493,0.5304607986518465,-0.007244647617302655,0.661208271935255,-0.01888471479620162,0.8508580682725757,0.001534112176840911,0.6114136963985728,-0.016395441516572865,0.6333679906901185,-0.03698576920984365,0.9473142497215153,-0.08256896058398945,0.5631396427780699,-0.008947890491650035,0.8464509609071207,0.0004903765729699816,0.5670001650358523,-0.0046076446961624265,0.6086484145520301,-0.03505945031793433,0.8066849522753168,-0.01359185656055359,0.93461081054506,0.024039396509430547,0.6337307843485576,0.02935125592386838,0.6745462980028625,-0.014403187253697769,0.5845156137791249,-0.047845125468604324,0.8977980359980307,0.007146590232506029,0.5425421395789298,-0.01360673597260479,0.7087845813569835,-0.01480026363789788,0.7801879023730767,-0.010822286509083151,0.7531736202715464,-0.04475734766506191,0.69712395316299,-0.0016080085033871945,0.7372395907955932,-0.07812955066021225,0.9391015756942763,-0.013478119383147847,0.7949575579553212,0.019962678103235442,0.4857350331401987,-0.02102899353533898,0.6142708797821012,-0.04783976075975109,0.4591081313209056,-0.01009784684640116,0.7668202153897883
Robust-CPI,0.5,0.43065529843045675,6.216329634368612e-08,0.3318742392053559,5.49178349428732e-07,0.0465932091817586,0.5007645043132865,0.00019143908442756236,0.3147546188733306,-0.008908523910541727,0.3567991115167382,-0.0011625886070104991,0.5236001022571201,-0.007907143295325865,0.4558814713113923,-0.0003663793689255824,0.7706242951664379,-0.003705352815071111,0.8000111221342947,0.005874708854737301,0.2706599673607928,-0.004219774009569628,0.6281023728191996,-0.005256059205962254,0.7090628565460476,0.012842940691646185,0.5266983141733212,-0.0370010017095001,0.7427815177859882,-0.02039716450952115,0.8091792346898089,-0.00452236007775791,0.5163596716436011,-6.684091870987311e-05,0.6764856687435578,-0.021401212702703634,0.7416312148076067,-0.03538240408501991,0.7336448530170805,-0.005309273899059137,0.5507868083984544,0.00044020739626900965,0.690062260999988,-0.001874195746881499,0.7219139349461443,-0.0060175935757998435,0.5486376433934703,0.0040471282563927504,0.6179409946273766,-0.015359095631912904,0.5812897737423879,0.010633483857667223,0.1602129107686,-0.005722923152727598,0.46617365866326316,0.0027362526809043427,0.346124159019096,-0.012957119486627488,0.8096955193039059,-0.0032744755072934627,0.5756395699480434,-0.019485365514764295,0.9066841317240131,-0.056292606300835824,0.5863251356501258,-0.013549354669457003,0.8120513813870642,-0.036673268192308955,0.7578750144958885,0.016125682992101247,0.37587288165645094,-0.007088383109057851,0.8554302327380441,-0.004693709709483152,0.7558269364079172,-0.007124893184894467,0.6866000249447672,0.004943874657861214,0.7082582775914262,-0.001486050776496534,0.4780204669858009,-0.008062390259584657,0.7496500075138202,-0.0008286301891894471,0.690644982897571,-0.0007034308032610712,0.4753661562678284,-0.007295608692133021,0.6196917228676244,-0.004046671175224873,0.7097559100385162,-0.02531402861572436,0.734660562728572,-0.006752185043328987,0.4661218158711863,-0.013022309637107935,0.7769917539344239,-0.02405940042422198,0.8343482514475797,-0.004774183359147196,0.8094173953350001
Robust-CPI,0.8,0.18968636593220126,3.899757073991531e-05,0.10286546667409431,1.8061444132105402e-06,0.0013724159662230717,0.28102493150576147,0.0013831794765789798,0.4079316253174542,0.002072356345175823,0.5126678490529502,0.0024089774330598008,0.4396683385640662,0.000721735736872359,0.34158848118230634,0.00044092376954428454,0.4304533369909038,-0.000424369775207904,0.6478241701402632,-0.0007273707768139045,0.8667078399540646,-0.00012660384235284327,0.3690565723284057,-0.0008798960110505998,0.8810870770128871,0.00036975776050018,0.7080312409804064,-0.009568442119071574,0.7916839512107992,-0.0036672538512264015,0.5944800983642589,-0.001234439845630561,0.7997094285621035,0.005448129803056213,0.41483552327483775,-0.006061232446808348,0.5556170685400048,-0.0025369142532359374,0.828147734861677,0.0006507461771223539,0.5194791020915036,-0.0012574274765117881,0.858903902571156,-0.0012158014286053624,0.44032965669606877,-0.00073788681482215,0.800528168345367,-0.0033567854530923975,0.8054134856866504,-0.0053812184278468666,0.8465538226078997,-0.003275575361641628,0.4730754458841475,0.0035282336965075795,0.4234933610342517,-0.0008911510763892898,0.6570399460589162,0.0005607581154215423,0.5367376287823125,0.0014514537218869056,0.6763031864660827,0.00016982735042373254,0.31313488898690867,0.0003594610519282097,0.7322852909241642,-0.0009445668029668421,0.8854934153356131,-0.003157483343331158,0.8021867117292765,-0.003200797981831015,0.4617097628413958,0.00564131871005098,0.3876514228409732,0.00035901192855848825,0.677408919201091,-0.006882738991706155,0.7630901176661226,0.0005493021906943208,0.5308604178791971,-0.0015192848419932942,0.559299108177846,-0.00023582048604280288,0.8054344138409719,0.0006328759089078915,0.6180298473508308,0.001437422502490494,0.31068814129605804,-0.0019454337445571853,0.6782075435446399,0.0008441373014368848,0.38417762704153846,-0.0013689061231210431,0.8232417460324527,-0.006399098067407519,0.9000306984518152,-0.00649578919256834,0.859017493548593,-0.0005090374619198376,0.5226840944413192,0.0027223604289358387,0.6259965605835092
0.5*CPI,0.05,0.34601659034344473,1.0438765061790777e-12,0.20526475200683403,1.6458939391231308e-09,0.017903170606479005,0.06554966855582861,0.0343890750475057,0.01463029647083673,0.028826992432821767,0.037124597600270016,0.007792056790922401,0.26262283124444097,0.0007497178382271176,0.18384124777230088,0.0057188281296509345,0.1662833014473047,0.0037552912778501123,0.14376009077324475,-0.00463890820581107,0.2631254813749721,-0.0007969710382137544,0.30269280781628805,-0.007826229315849833,0.2989544025531441,-0.012810787422854564,0.28929568334793554,-0.0049949898574176135,0.37213606648584474,0.007005428658335484,0.2353296494588573,-0.0018396704552447885,0.25152157477361536,0.0018777295914038316,0.13995076839280718,0.002890770635267861,0.2550861618069759,0.009273423328472603,0.25733864353457747,-0.002289556111342017,0.14671680748410235,0.0014053374060761154,0.23097252785793732,-0.010749032316043718,0.41272175822223633,0.0039243660789246475,0.17198593335062667,-0.010512920248557045,0.25424309186935173,2.951273722673712e-06,0.21161561742392052,-0.0028606560700921092,0.22181008749371284,0.0017119904513943688,0.23327886674551904,0.00316159111778823,0.15091477569092976,0.003178486944359612,0.22162057592720363,0.0008911838360295868,0.2279655328075303,-0.004806144226351407,0.3726807681308413,4.642142642497335e-05,0.24569567470130999,0.0012172041415966668,0.18074378149394726,-0.003959347199768928,0.29828589807976014,-0.005370202030501725,0.3049896506505622,0.0017588373352154085,0.2109640742774668,-0.0016700065121169805,0.1915049165656518,-0.0011960757895442644,0.15052275641426444,0.0060808794318828446,0.24551601524944594,0.006990272591627595,0.30902046118945375,-0.0011151984859287638,0.31211119302166795,7.450402524009432e-05,0.1885300475280156,0.009508633496000736,0.15995572138969855,-0.0013563855786864626,0.3293640967006177,0.0033604276904350082,0.11493479034040238,-0.0006555986738013016,0.20001598719552494,-0.0033018122845920686,0.42953890534443534,0.0020908083449889393,0.22629721016837467,0.0024777650080654193,0.17302355470201458,-0.017057356223851423,0.3691809791858999
0.5*CPI,0.1,0.18461313572322424,2.5963961027591904e-08,0.16110239885365543,2.4173681371136725e-07,0.0322868425236329,0.035941051424047396,0.034216552545032704,0.1263251775900147,0.009697085322126287,0.029170238455975092,-0.0012579205206990419,0.32208054545424203,0.005398593424898269,0.26505716343261115,-0.002455118092633366,0.24018549238430983,-0.024909539713347077,0.3314422421387027,0.008221217939962501,0.2098579462648978,-0.00434485978592408,0.3805175624177143,-0.0014606916348161574,0.27634543412182966,0.0023612869399380464,0.12888474037319847,-0.0018185637620725626,0.2436403481006043,-0.01756109480813676,0.3091088980883453,0.0012806987367426626,0.3093408530737436,0.017460714167981332,0.24995791363499376,-0.007502065454518583,0.42534915945525803,0.006877373574603238,0.19689230860213605,-0.002865123035895975,0.31202290337359195,-0.0006567102377373503,0.24436767213163157,0.0025629524639301455,0.20437305246551646,0.0009014977598020898,0.25464120113036004,0.011260363773103183,0.26406642317661116,-0.011384587759334744,0.3999412756836274,-0.0011718610850383457,0.4180584155053677,-0.01141052346913329,0.48290912955540577,-0.0002577879314128055,0.2561386222697889,0.00041084185202271676,0.2435911138459082,0.002196807058228443,0.28107512731484646,-0.0008997100040196789,0.3081503083819028,0.0009200792374240894,0.13476969489508858,0.0002858565326737808,0.1478166733151842,-0.002099017796078031,0.3100684192618649,-0.014048158833688186,0.34889524807984684,-0.0008709534320476775,0.18175613698499632,-0.005809489589335705,0.24687855582310203,-0.0031664901678998066,0.43425117233587385,0.0026950641642363537,0.21340179086257777,0.0006716952959316921,0.3444086318451131,-0.0008011758487616004,0.35870375435167523,-0.001404739491904604,0.25661036535116344,-0.001156976103265717,0.31950222654546256,-0.013547306027550571,0.4775622212768167,-0.006200896042523661,0.4391160754077844,0.006658461850774619,0.21200967385226327,-0.005484587213317954,0.39656842518224716,0.0011288656013826038,0.1616831349435066,0.0042574540960475206,0.28168359034943236,0.005620049034879017,0.18242496514537737
0.5*CPI,0.3,0.38342828394920647,4.309974065477685e-08,0.4311575224783659,7.23732693875438e-09,0.0114525718385383,0.14156891312955655,0.003576709126364598,0.13055777157269288,-0.0018304750306794393,0.1967810574417691,0.0032021398841461696,0.19985613877193423,-0.004701959145817111,0.318956954307012,-0.007193247539906,0.33401421024325806,0.007542965385858209,0.11107383225326632,0.0028736124266722347,0.3749029554192063,0.00033941298778200255,0.19305826670766396,-0.006547170562026723,0.47496436701321176,-0.002276372760415745,0.15663797937123025,-0.000638862470671796,0.3089371047171767,-0.0018726749849791301,0.28267224450466644,-0.001421823786574723,0.2084980786291441,0.005617924055038059,0.22420452359601462,0.005374680211173712,0.11831231672736914,0.00017462076521869484,0.23039055176727016,0.0011888044649369693,0.22500786565666697,-0.0016697637923544135,0.2817226640018029,-0.017269911975295784,0.4239896035008971,0.008252734459977458,0.2065180845754363,-0.015615200085804165,0.3054847434265917,-0.010916378737676662,0.41962220236304204,-0.035742672869708635,0.27973424227670884,-0.00038865966563843225,0.29832109563224385,-0.01215661630909812,0.4665671827916703,0.006149143053480895,0.25378298158969764,-0.0032072321698016224,0.3678798541555116,-0.0017448306344527635,0.23869935477814808,0.0015615530488137866,0.2716385204661191,0.0032734986022549453,0.3730046957919945,-0.027234244868803513,0.4391968998696537,-0.00868607309226085,0.3067207504116269,-0.0004880315022229949,0.2824330513800476,0.004581540825546226,0.2681846346154213,-0.005897518822213522,0.418071209590425,-0.013036280219502722,0.25285227432708174,-0.02707158097045363,0.333149704301219,-0.007133706370612571,0.36000165044663546,-0.00521799404637832,0.3373401762997763,0.0021548794017006963,0.33074168749207483,-0.0035910773949576263,0.32308991601543247,-0.006519289139832592,0.45664401308782376,-0.0017784966331436877,0.361088114003798,-0.00020702778743128197,0.19649879214920907,2.1271833554477776e-06,0.2747213134346053,0.0015646664583874956,0.22107820163064879,0.00473756159118287,0.3431351794951968
0.5*CPI,0.5,0.6671595746898026,6.099476580575411e-10,0.33820577274920227,9.152213317515065e-09,-0.02232267677232492,0.21587047579081198,0.002609833112401823,0.10558153586227745,0.02952062020721808,0.1468036716742569,0.0008999791464246098,0.22307514487581565,0.00945518833373792,0.18770953563714865,-0.002365720699435827,0.34769045029763357,-0.0023795448592955157,0.3751402173644847,0.001857160484581916,0.12161856332878745,0.0009591829662364831,0.27475111421835163,-0.0012097104228026056,0.3229555596057341,-0.00969270926891382,0.2331027783685522,0.00039117932298275677,0.3550846195296346,-0.0016207357102386987,0.3598485208180659,0.013355365764754929,0.21395676117791743,-0.004785308597044389,0.2859971248502414,0.0013352829911200442,0.34752604966200734,0.0012839522527996123,0.3461850511277114,0.00529042780172077,0.24201555646043788,-0.0016553956186656851,0.3348039335902789,-0.0018122760928326453,0.3309221577110873,0.004208802328722401,0.22754809673410462,-0.003989573681421988,0.2600371872409607,0.011571664556807398,0.25808230355836886,0.0047292561554682835,0.04869107902461748,0.005039162298739108,0.21578909681649988,-0.0010019333027406728,0.15786795796914233,-0.0029170938765123154,0.3756273509200655,-0.0037591468658496295,0.26718543754979807,-0.0021263639096091745,0.43920949618736865,0.000814673463879073,0.2723345612491953,-0.0005653017527047453,0.39274619577986336,-0.004125165701623843,0.3657424801473984,0.0013441525315547093,0.1715134231816102,-0.0064009687418916765,0.3865219642086948,-9.463792390598821e-05,0.3601451372154066,-0.005929683277626258,0.3205543111132746,-0.011613847115917782,0.3016654929094841,0.0036915975461766734,0.21370177733681317,-0.0016098107254304173,0.34441439546082875,-0.00518028124671596,0.31611071889694276,0.0007825973844937122,0.22365449486029645,0.0026809902759540745,0.28358445416034095,-0.003995881527713084,0.3263870543108485,0.0030765244529631854,0.3203953251361002,0.007658430373057707,0.1657330879863561,-0.0013006486679747996,0.3604544757414041,-0.006620798669800328,0.3982020653952586,-0.03747662118515876,0.3889329087905869
0.5*CPI,0.8,0.29048331581343767,1.587523460698774e-08,0.1099398325191153,1.087036580014571e-07,0.005348739243742874,0.09336145218295577,0.0017303305245517332,0.18218663920018255,-0.00219307295821333,0.2510222824989364,-0.0019330089899163639,0.21254328132782402,0.00016371533234792646,0.15830473757154895,0.002725644780617513,0.19699445625878614,-0.0004021443838205572,0.2925952914628458,-0.003401350982851993,0.4224943665481643,0.0018125401711826586,0.16129472774760278,-0.0036224284099008633,0.4350942820920654,-0.004581226171105243,0.3425158045360095,-0.003976036384769977,0.37013982319534455,-0.0003126675375303431,0.2913727942253615,-0.007127899054301077,0.36131154186551473,0.0016779374842492026,0.16974940919719403,0.0025806763018873997,0.23940029559900078,-0.01302802112955077,0.3909780703700999,0.0006888940890837177,0.25592578725657034,-0.0037150759416575783,0.41397309394416226,0.0016015701901671722,0.2050577528474323,-0.0013499745344264312,0.37965304971623304,-0.0015173906757347405,0.3925895909007685,-0.002317005438177193,0.3928254141068778,0.0004311592392563965,0.22306306665303244,0.00277227630402058,0.1997583097086314,-0.000435149608515212,0.31828673397839885,-0.0008773077274221041,0.24687058936150882,-0.010916976067545707,0.3176175288436429,0.0013314654770275873,0.13648466234055848,-0.002035737920976053,0.3663117772274814,-0.002155195995326648,0.439745403219706,-0.003583404142036132,0.3807700820021239,0.0012264563927072722,0.19755223671969752,-0.0021739778763705136,0.17004740873319585,-0.0029287722685738715,0.32892684089068863,-0.0009091679676930049,0.34898048120006814,-0.00029638821153940516,0.2612218532410732,0.0023704293520513406,0.24560233750745242,-0.007294463334085658,0.3870592784238325,-0.0001835329409896166,0.3132428573089475,-0.00032581373925395606,0.1306221939273934,0.0003512315846811407,0.3185510816709487,-0.000988049251650977,0.19645467867854888,-0.0008546070573262047,0.3961196692812718,-0.0009409142766560041,0.4454907763903725,-0.005548723665929529,0.4051318754189023,0.0022903803464673043,0.24442585543324058,-0.0021731336997319163,0.2747058989743334
PFI,0.05,0.955943139266177,7.085974175200125e-14,0.5447343658111149,1.6765875342049537e-10,0.04225830421108058,0.12386579600171857,0.11751605993764239,0.010354061849221313,0.0823812596665552,0.04702531926651839,0.016701409218781996,0.5204393941274548,0.0013544270901949236,0.3909633955587696,0.020459366870217436,0.2729447057328998,0.010594140051659066,0.2672096967161343,-0.011657449843926922,0.5025374090091703,-0.004863489661916701,0.626184738917057,-0.02095693489672114,0.5898475416065778,-0.026239738609797735,0.5516816418186113,-0.0060392317738373735,0.6567262330992862,0.021164441094476846,0.3406422991686637,0.002726352258231044,0.45435774039288557,0.013305816354258083,0.19509543846449479,0.004677518779999798,0.5067701264577307,0.02267078558914016,0.45440698421551623,-0.0019231896735531124,0.24046928321599148,0.006474211245651473,0.3610621579691624,-0.023568675036917296,0.7233479682450119,0.01553495311525051,0.19436572712007016,-0.025350937267243245,0.47787841621041927,-0.001405152844672523,0.44441860977521586,-0.011695360807310753,0.4826388967814692,0.007105946613255045,0.3938970433832103,0.008728855541961785,0.2786718942020494,0.010267212228648912,0.39909094791654653,0.0037231521083385287,0.35257204949034743,-0.013014782475934033,0.6933677493660768,0.00014279777911504717,0.47705383116851996,0.004535853774771047,0.43297016810252825,-0.010599638762203885,0.5479193860949539,-0.0019078181505078377,0.5296607542067833,0.0015442882436739248,0.4447997469164764,-0.0027629074821446022,0.3675757599990302,-0.003814223572242811,0.3169738616435223,0.011887583418541231,0.44577757090510994,0.02136446066257789,0.6211212578598382,-0.002827080992175239,0.5295668088653338,-0.00038351325438954473,0.3353040017803053,0.02696750266428717,0.30931918930696195,0.00032892708958624285,0.6082003586108089,0.010703420279811903,0.25203898155417837,-0.0016915066422871375,0.3629810350476739,-0.006025421010813224,0.8383919978810912,0.004910899900427931,0.46290203442977607,0.0010324482415948965,0.31619284145608706,-0.04148008427277433,0.7042247568838026
PFI,0.1,0.641563860592863,8.255535258949741e-09,0.42774894930006063,2.6732576381897046e-08,0.07745470148821333,0.05614060563462723,0.09398165385948988,0.14590855068592032,0.016205832090928848,0.07274472935590698,0.0009903530899652768,0.4076209639672639,0.01578370777562343,0.5435202934808129,-0.005915223641498315,0.41161333079851925,-0.05896560353845782,0.6455826997115234,0.021139290548990518,0.42275154768204326,-0.010888373936625154,0.7545425961211285,-0.001470039289225359,0.49874181463023937,0.010166340514708407,0.21267427753256468,0.0018730032765058358,0.4593893794253563,-0.029443316285632258,0.5806887350031102,0.004316584833267957,0.5777755460995626,0.04266100409303225,0.5057925385501959,-0.02955789641002581,0.8660587984428247,0.02936538911138797,0.34677051904009154,-0.009658334550185912,0.6925448921249053,-0.00146522160476077,0.5020015900413167,0.017499574425718305,0.34436956516590556,0.006832860325763897,0.46767492829282353,0.027676943353314,0.49100704609648593,-0.016775746186144327,0.7182833615715394,-0.0010101599123624246,0.7707184108128797,-0.026584104289902585,0.9611215140531111,-0.002710295826255237,0.5388858626659653,0.0017327136772525154,0.42048220768578254,0.006026615768413615,0.5256836415763145,0.004900555302150723,0.5016644912683756,0.00042536736116371434,0.3292187095589827,-0.002814205556012048,0.33715602905304526,-0.00513354035821339,0.6358954406792641,-0.035706923299349644,0.6800818456550269,-0.0020219157507861386,0.3249963271871845,-0.01723791219427583,0.4418094605578854,-0.008307649119481559,0.8860802481854289,0.01200622999402039,0.32340948655518964,0.008662894984168536,0.5873994182266116,-0.001585902657719732,0.656668728333211,-0.0010952742657811443,0.49227353623369513,-0.0016112966677419827,0.5881816054675075,-0.02348019605609374,0.8892783454559969,-0.019602957564444773,0.8510863628198422,0.018318090532474574,0.3649407303759776,-0.01673071774011066,0.820994528172219,0.004537308499269729,0.27790869603109136,0.013962534946800952,0.49414470954927653,0.01334735415741152,0.3405338730466337
PFI,0.3,1.045900298693856,2.0419669670952763e-11,1.2283147098877218,4.6185796077606665e-10,0.0535366658859688,0.055490174913082474,0.03074191932799461,0.15958894490059866,0.006293991143612822,0.29180281984771517,0.0003501525146722684,0.466476022111392,-0.0073888706615498735,0.5179812887823102,-0.02068919191438964,0.718731580955214,0.02696924788468689,0.163060150688634,0.004759057884621167,0.749321872864188,-0.0037390824399592677,0.3449650054911671,-0.01236103788915397,0.8953702416305441,-0.003281680053755942,0.27794932711297426,-0.011562673516740316,0.7369931281101918,-0.009451093324686794,0.4575029597822936,-0.00019390169661873902,0.2328798134350353,0.02261438341079568,0.4249554021213874,0.03035256362262471,0.18050491228734045,0.023206773021321646,0.3449912915074702,0.004335616870825677,0.47120903952694937,0.000648946531393941,0.7117786660908917,-0.028881634255799267,0.822450735980675,0.015463971274693655,0.3319871361874302,-0.03753159589994025,0.5232230359898173,-0.039667452269725303,0.7732582096501657,-0.09985591268869426,0.5226871073808748,-0.01979159093822397,0.6518678046079514,-0.035450523444363835,0.8832595978692995,0.008269332111548037,0.5509006662732092,-0.004417782661695948,0.7334917246626756,-0.003082742205373852,0.4863298857587309,0.018505351964611106,0.28615032240143307,0.028073486133861274,0.6856194552512938,-0.06983962120672987,0.8382241223222326,-0.01944536291311235,0.5928715893495684,0.0002909153787229031,0.5130334406405777,0.010964348843616557,0.47775468862582665,-0.020757018167698333,0.6809582068722502,-0.03895209958284673,0.5033915117890381,-0.08910615749568761,0.7461074305129558,-0.038005393501033095,0.6791432693219437,-0.020377687467351687,0.6400262343300169,0.012314197198908819,0.6205781681659477,-0.00447921532311998,0.5101482895979292,-0.015703461370328388,0.8977924868316861,-0.024159040169141336,0.7973486341874054,0.0008167025758685577,0.27101918626271776,0.01596852994838045,0.3581730513768537,0.014120258741053366,0.35603175596760106,0.002844435118628447,0.6767675488376567
PFI,0.5,2.043236442012694,6.309615421839287e-14,1.6155855705943645,1.0798140885723914e-12,-0.04392890669410255,0.28773581864339004,0.008727162353052093,0.051916765424394454,0.13433879453030703,0.138230127722076,0.020415814577818683,0.2972930780390273,0.024164686529965108,0.23196104464000855,-0.015372789153061997,0.6907277044285567,-0.01106425197054138,0.5817191064003713,0.010958620339004268,0.1623514955151672,0.024417863193690936,0.3348845032613036,-0.004035300773208786,0.621919528960626,-0.030386441743301205,0.3991973047005195,0.03540728732501275,0.5027732712127869,-0.0024131425868915064,0.4843516817491635,0.06058077671389313,0.2639286526493952,0.001849720596526959,0.28852590774609205,-0.001710588853952332,0.7135654983782146,0.004979333693817702,0.6449654399538371,0.01781441872528266,0.5827189737690174,0.00011673425367166867,0.6746137738864566,0.01172043927849854,0.4749787290762107,0.01348712556605579,0.21176556992442147,-0.014210261704398024,0.47432438150846895,0.03243755674795288,0.4576212802473487,0.030372458883557166,0.0604498570646427,0.011061300885620916,0.15320186966905794,0.0059619337606263015,0.3669179902072608,0.0004594223604786261,0.4967863585511529,0.0009903016930214682,0.33562531589656136,-0.0072942162819563,0.6608842253362734,0.012178008569773037,0.46328695561939237,-0.002588433125057978,0.7586518902676274,-0.009367602640105272,0.48345838430900323,0.008900782810493248,0.23420101145780609,-0.02951647452432758,0.6111745176259489,0.0022150099467245416,0.44485783027590464,-0.016725603407251228,0.6340521693880032,-0.028151084954871782,0.47885211046809756,0.020689190561289456,0.3072725137174552,-0.010052631547213557,0.5915549725892982,-0.0316073049506534,0.7134163827365049,0.004309447738634872,0.30648725782139274,0.008043288849949164,0.5796100594165985,-0.0036888040103871685,0.6060647370760952,0.0735569425016103,0.5558204530312434,0.049560278498367465,0.017375165311373883,0.0030660766360479912,0.5465606176398217,-0.021603323923077865,0.799977777572232,-0.11190438142028959,0.7592687003923582
PFI,0.8,2.504024906196374,3.6363052591458613e-13,1.9629800277079479,3.718835674447414e-10,0.3039833579594538,0.00019886737895036114,0.07310532080053624,0.03471956848216112,-0.018309616488587078,0.31851025632882923,-0.023033356788207785,0.4222988892232662,0.0008929413790255366,0.42586551897342395,0.006808686131635803,0.4177539568755493,0.030772342061351907,0.20584844153018447,-0.032072116573328785,0.635156042363828,0.02208725834766819,0.22709996189588136,-0.02382897551328777,0.7600479211717283,0.02105842948449539,0.12481388585500126,0.019194209788311354,0.35177360665695634,-0.025012707413993758,0.6431198643152023,-0.05444537461950368,0.36718719262101107,0.0023781138575156647,0.2779164460045307,0.06675949864242137,0.24061379414878362,-0.04378091399229468,0.754113617869289,0.02467434158456491,0.3012870538679013,-0.016572745192507465,0.4806341072766277,0.01707932011520211,0.5977782782040495,0.007972449761740968,0.3578309037621307,0.05349636900724588,0.5227563072178186,-0.00825270352408437,0.782237732998506,0.003965316903219346,0.246562371274446,0.0733538984870528,0.026621963174383936,-0.01589610151243121,0.6035760682167128,-0.03209275615944966,0.6183073480378083,-0.0438367249529001,0.4590454000336114,0.11292119401696338,0.07910684375985177,-0.015068883425600603,0.8205961972279134,-0.029883761960242824,0.7865612999155807,-0.00010905255622198388,0.627421873493606,0.006877281065394268,0.17370750215947284,-0.012726460109874337,0.33417994444302407,0.05799701199754915,0.40793062709533306,-0.013692857169688695,0.6502800484577516,-0.021436128669512212,0.4512752137348689,0.04078576312480782,0.22875646366783509,0.008502510870654737,0.32128369628676623,-0.005131459209529219,0.41230477792132153,-0.0022571760657327787,0.24844741330909567,-0.008850609708026348,0.644064122023563,0.002386112083634032,0.4382407438677426,0.03300765434439587,0.572101585049573,0.009835800138891026,0.5607595984388574,0.023127817744958465,0.3629054076940573,0.05313177869737273,0.4774612793136983,0.005179277781388126,0.25095669951236454
LOCO,0.05,2.5390973079130883,0.0007668061128891142,0.1393445063696153,0.11324867068687886,-1.2047221661294816,0.8937732896415774,0.23141191988781923,0.4205991966044635,1.4197037153257819,0.5554683800231661,1.1595266214510616,0.33338429257193786,0.6441992050169372,0.6699274733914182,0.6387286551304546,0.24816465616111102,-0.27384010691157695,0.9139260019689335,1.29909194577119,0.5505693746593003,0.32548051011049944,0.38300844001803014,-0.7708390528296313,0.6367730773178408,-1.0819750709010418,0.9999805144589904,-0.21296048584824326,0.6111856574075545,0.9384144682550477,0.6677256355532905,0.21447731940443018,0.38209782072166004,0.8526181583580071,0.3399788426271975,0.006069106475854368,0.8217217564529182,-0.9156338699333856,0.7679002148465526,0.09430515296467647,0.48250578510723124,-1.9805265808403394,0.665766743821036,0.07972685693526765,0.4491382536096938,-0.8161526212357332,0.3320793075183899,0.41731452145910525,0.345504800933273,-2.207296962426891,0.7245791112037326,1.4344802398281593,0.6443763621151092,-0.637088704432852,0.43537300101354903,-0.0558787700123929,0.7933958947363124,0.6479120555038468,0.41181826073702194,0.43351964036410046,0.6826810690807555,0.5516193967472854,0.5583469916848626,1.2745934248966966,0.28545307234161504,-1.7968759757048016,0.3351154546840681,-0.3647148151185543,0.9935968694115889,-0.2501847046042352,0.9142014271916851,1.1751766184105827,0.0021334182397370056,0.12443111627128646,0.28977282228003376,1.371144226976524,0.3333352648905679,1.3157395824543172,0.001283200219816057,-0.15583777330587123,0.2343974293360179,0.6932761992029444,0.6042259678867495,0.25178253682697466,0.1807338403295383,1.5928375596666666,0.3313089750722283,-0.9424624203394893,0.7231140569350812,0.21248686181811494,0.6359006005821708,-0.8566992010082856,0.4121135455634796,-0.4473299171288175,0.7597141487635382,-1.1052183146479406,0.9999979442475155,0.6974387494869921,0.5603749083037034,0.8845107629969177,0.6551785028117767
LOCO,0.1,0.4193233469784395,0.03354925435616755,1.15178327944736,0.6089673971206436,-0.3014945224216299,0.6619809964500166,0.5402502175543946,0.39462953205773066,0.710987666222229,0.6190552189960912,1.0834803936434225,0.039902186732844215,-1.363504212137508,0.9671353466286947,-0.4750823925740618,0.901040018270828,-0.7540374879116435,0.448139376161173,1.3670200710130114,0.6661561300043887,1.0243317539210113,0.5846165517423751,0.5934282640193533,0.3340037730368855,-1.4708759610012756,0.9665465463718788,1.0016271479959387,0.2740659010539784,2.3677322059952597,0.049738992449972964,1.291571397595919,0.21307399432311266,0.27622725771950274,0.38810002451765124,0.31716454820222095,0.02485351064855571,0.7439997196982586,0.3341352004134402,-1.709110183669611,0.9400340430500806,1.5084623558149843,0.3344608183643135,0.9288161002739587,0.09187618901391573,0.03902648304444894,0.8113365158699296,0.3181045027447315,0.5535068988208117,0.30565827157704556,0.34165033720871096,1.201286817368538,0.662061883930195,0.1004729133860672,0.4368012326812051,0.9130074860096572,0.484971134191607,-1.4122474416466264,0.6874014229100162,0.2542043939763959,0.3584298894224986,-2.3109617907304476,0.7397354870458637,0.8255914150968129,0.4932978411430292,0.8092682656247822,0.5552053273636858,-1.2632228198261117,0.5804108798063434,-0.6444319729380432,0.36040071959154124,-0.7428549815346503,0.993883302724323,1.3727218498146907,0.07205858080241719,-1.535685200999325,0.957259813813663,-1.4183056321942056,0.6685929519757624,-1.3129829144863718,0.6904841548069367,-1.481715842292263,0.7268304057327815,1.00437724139685,0.33334327781871415,-1.065979085357182,0.999338692258207,-0.1259103621022679,0.5450403861765059,-0.6632006307092382,0.666356139643874,-0.9604044251409349,0.9999999999994718,0.6740235101821417,0.6632676439660673,0.6464595232044482,0.6135281757146166,0.23126500198391894,0.4832063218946643,0.6086264496559091,0.3338040401744052
LOCO,0.3,0.4829864661161683,0.018546393510133576,0.9886056518888031,0.006658578210449795,-1.6949222267534867,0.9491193340019428,-0.1744251628661962,0.2502135659577155,1.0633203241776072,0.3144657885087903,-0.6377931741838656,0.6601542898947012,0.4913529216980911,0.3490248509612396,0.087834952240545,0.450451063719145,1.4382217039979608,0.6346832451480277,-0.2372640284225392,0.49951534306222223,0.616019106182416,0.030812230291620425,-0.5424751216939682,0.6504641274548584,-0.06578690351873032,0.5246277950698164,1.6549292772878492,0.3366117117618801,-0.32443832440435355,0.9182222348802731,0.2549542734027716,0.7208028381783205,1.3984152489290977,0.5234879230636246,1.0946863214929903,0.6587399824809094,0.04936205421660011,0.14156393716204768,0.521699529597679,0.6715153548930025,-2.161343012871069,0.5455543896332998,1.2333352894395955,0.20966562239031472,-0.6454283043665567,0.9904323376673296,-0.7974466226800079,0.960517839708732,-1.739069128081339,0.7550356549674614,0.7536499931762461,0.36761524524768735,-0.48144646719335116,0.569909332401234,0.2814309809067058,0.3922631390361118,0.3701318898956833,0.37520697115683355,0.007510319584800851,0.1871831999519642,-0.11021545055961543,0.5594662738503962,-0.9569030018401461,0.6292709410776172,0.264326129576317,0.3829300031702348,-0.33784945504864383,0.9896293658963905,1.6531454999708681,0.13224276549996175,0.2375862857710117,0.27229693551492823,0.18710455030458134,0.7552032019862444,-0.8774217463239915,0.769636026761048,-0.01952631549340483,0.5088757300995108,-0.14064106864624865,0.32090381011677876,0.6849602446300124,0.33658122489766723,-0.20702628885069344,0.5899851913907498,-0.48443364544949347,0.3461386904732886,0.33010734582543905,0.3410299197391816,0.8982343589566847,0.0006640521199881381,-2.4233508000968977,0.5369102449719263,-0.6012143384905501,0.5378753492504557,-1.291309951937783,0.9385647717160868,0.5761719669003739,0.3579638388702283,0.5778426324461078,0.1689208609643724
LOCO,0.5,0.2883807267447643,0.26836254628530576,-0.43876246875812075,0.5978269213892486,-0.3956881733702001,0.9230088661220222,0.5151343067549013,0.3412088362606518,-0.3108836507840556,0.32203462289034085,0.03198355519963862,0.6747739586894589,0.06994938991349448,0.3514935886649476,0.3416805351844077,0.2834256781566075,0.6993691515516938,0.1419412247390599,0.7004666713352191,0.5972055520895617,-0.758412534934134,0.8427777265229178,-0.26808921100739774,0.6014826311567765,-0.14384284086956012,0.5432168371439727,0.3448561873231914,0.6640319776441699,0.05319366130492622,0.1417288566021971,-0.2577936732250508,0.8825986904153099,0.6991456379306092,0.40085901973194754,0.8665586033287691,0.3477646209689976,0.4211567999668233,0.2933880309718469,0.4472978672523482,0.5840169397833279,-0.5356889505694354,0.7209178394793344,-0.8157344332248617,0.9997739609078453,-0.7820614950225853,0.3517562818516813,-0.10034713945954733,0.5578732535130622,-0.6878870527814486,0.7448961800806319,0.8228946304329862,0.3270079967331075,-0.6743734913065805,0.6684166570093855,-0.6563815092053881,0.4606044262938365,0.2534303551891876,0.19024312364660156,-1.1311837111806948,0.8951089651705532,-0.0708180528504101,0.2294691486757641,0.8080262103293184,0.045242845578755124,0.37894203999016984,0.6801370622003496,-0.32390084127216767,0.6283484761394038,-0.09327606166867423,0.6317496488699997,0.3826112783546451,0.49767204102217005,0.4566163466468656,0.15771920379679724,-0.9377938117767649,0.9928083217906114,-0.5502392803659678,0.33186905468562583,-0.0013257915392073947,0.18322462784079654,1.0221206981070683,0.004428416806296465,-0.0038157810161436336,0.5593736564813491,0.2065436677034737,0.40887041232265364,0.7973626595707931,0.6605037008788307,0.4178346086249732,0.30874616265717203,0.27971117888387576,0.3460742176464619,-1.187218848012582,0.6494893355322309,-0.1469609679912601,0.5259912377563476,0.08585794763976574,0.46155552124225296,-0.4337929332342105,0.6600226917064224
LOCO,0.8,0.47299636002694395,0.157877930204338,0.29976104006106447,0.07488757336766248,0.1653546822616428,0.2756616389536769,0.07272117982739555,0.08317229737053367,0.15862155164760008,0.19490956841199195,-0.1476015782758652,0.7801325569129073,0.15286912247673212,0.3442319591117206,0.16543853355474952,0.547668586089696,-0.01813414552364955,0.6665722451672841,0.05077611476962603,0.4812450116598785,-0.014587578630443099,0.8739786039097686,0.37221947728214516,0.00065864412693258,-0.1644250125581868,0.6892742667987977,0.43273791672638834,0.314073055902614,-0.03475539199059509,0.677705986525966,0.0980653256403761,0.41262943323759166,0.3880900404961012,0.6670346381596283,0.031760220123195286,0.6138638956041083,0.22988002976110353,0.46874189685050566,-0.005362963281001622,0.7521643437271871,0.3639866471967104,0.27926614852334863,0.1857877210632776,0.3728501017476142,-0.0699543418971675,0.9001399299110024,-0.30277741744918335,0.9873134926505871,-0.202002207287644,0.6641994105639588,-0.07357200877483133,0.8452435975952103,0.05182825961115597,0.10922068619397765,-0.2686105711164081,0.3341330903355205,-0.15477859402205218,0.7866712996864531,-0.10919264187080378,0.602548946059426,-0.07837805637429424,0.9780046225451614,-0.021551294734363236,0.5089043554673999,-0.006259791773572028,0.2806534938726435,0.04000474317532152,0.38204961548844457,-0.009747672200669535,0.3429143086683788,0.08878501823758855,0.34429189420173634,0.252664413117002,0.045435579977727694,-0.7130904670957309,0.4393521889273702,0.3529463828469473,0.3075759150072525,-0.04896924581407727,0.3156509209039091,0.3933973677387446,0.16968529186629983,-0.021972656764368607,0.5832982349099642,-0.05507521820843719,0.9674343946740265,-0.050710628752537415,0.6275401793539307,0.04708047937013745,0.07549444761687403,-0.08644745241002962,0.6565620693823484,0.00454953741688361,0.15745105836855372,0.08503773969558097,0.680291216290804,-0.11934638604998733,0.3416241738776687,-0.04475157396016842,0.6331644499432233
Robust-CPI,0.05,0.5520586820943256,2.8602387603663283e-08,0.3272188738424756,3.4792510110903045e-06,0.030498801531992196,0.20057206502214406,0.05137191504438963,0.06188935967672581,0.048416133804311624,0.10168718542089601,0.01115644749567427,0.5634633641910518,-0.0001245012155971866,0.4562647018987577,0.007437378293991479,0.4133365033938422,0.00593795628079411,0.37063593500897085,-0.01073786400999906,0.6082759549498544,-0.003527907722516274,0.6999604882904856,-0.0174239958661352,0.6796026083980753,-0.028321322873185145,0.6333843924279934,-0.01069537670593053,0.760749589086367,0.012590174517252792,0.5227105057811964,-0.009594808879768999,0.6227749933108335,0.0004627661523443255,0.3991715304933321,0.004239794629066047,0.6109444969686494,0.015542882889050175,0.5793659067173031,-0.004986137365917198,0.3553332371953509,0.0030990074682285935,0.5436958621855472,-0.02306397880951371,0.8392085166057357,0.006053342358719883,0.4197923238418205,-0.026829158957205078,0.5942517962783687,-0.000599625036033567,0.48441806900192214,-0.008059780991644545,0.5637773290927,0.0021031273844474207,0.5204149793033803,0.005283400639275283,0.3639012277460807,0.005126131654055559,0.49656161686098715,0.0020852648705585943,0.4972617049284481,-0.010448123997719487,0.8054774550920327,0.0006367821026848811,0.5068335276195656,0.0013052012592855323,0.4539246733937067,-0.013115364805476825,0.7156016688712248,-0.01652024978306334,0.6765283685363872,0.0023566489338881502,0.48378233992526565,-0.005635606627173494,0.45915242792573135,-0.004890164917688084,0.38592989239269987,0.0071933145108361825,0.6126559113659248,0.011797652283833051,0.6538026206842755,-0.0032614956732695197,0.6717696078031283,-0.007797696565187272,0.4876104459418377,0.013030231457864734,0.4058391838142754,-0.003358891678864552,0.7592647823258274,0.0039624603022708005,0.33880664550913764,-0.0012984407867022735,0.4633314098332259,-0.009284139917969654,0.8942543442488469,0.002570415025552357,0.5166960869247276,0.0022035630910532578,0.38364567739009875,-0.043460278576286565,0.7865912549411993
Robust-CPI,0.1,0.31513557138540466,7.929035986784506e-06,0.2757044637653692,8.258572402665781e-06,0.05382560756140321,0.08956262836334077,0.05763634976263736,0.29450623008556925,0.013600915827350605,0.11203341770205755,-0.0030207426169273017,0.7501102294843227,0.009141426813994057,0.5671114207049689,-0.006502922758242465,0.5263190015023855,-0.05556123550480825,0.7108754854009514,0.00994210619140089,0.5289920062301792,-0.011578541219224324,0.8355568838940148,-0.004416992932271936,0.6542357412497434,0.004681327905367353,0.33283145065967973,-0.005047809508782593,0.5671212825644962,-0.041719271536026635,0.6522826304950141,-0.0025551316860022845,0.7240538049876706,0.027392928458658868,0.5557191028766799,-0.015857732675496655,0.8971068801835377,0.008375940179279248,0.4872955521310822,-0.008967693595610974,0.7422681091293835,-0.0023573544463603388,0.5532237539940936,0.00418182126737113,0.4559101922774102,0.0011874718900913505,0.5580913683219433,0.019336903190888228,0.5518564756536088,-0.02469285180807285,0.8683649512172984,-0.002665425068710131,0.8610261160533486,-0.024874595086158406,0.9806086686390715,-0.0018321594818143138,0.5418733319321236,-0.0004344606153637124,0.5504661911978823,0.003414912776709732,0.608175484179888,-0.002552237756958616,0.6289286954579956,-0.0026566278369342484,0.3954852868876677,-0.0012297913590445769,0.4227883102881004,-0.006321952489112261,0.6948649473939803,-0.03253182035966902,0.7260638744909664,-0.002007071215657412,0.45019937199895893,-0.014946537687035466,0.5315106242620657,-0.0064445640515081865,0.9091871234637755,0.00034385262429863055,0.5180574423875257,0.00025143394612186056,0.7402070450413327,-0.001580570280788474,0.7641378224750146,-0.006447931179727787,0.6135410167876356,-0.0023607033339734292,0.687857120938081,-0.03356041552856977,0.9798550215454532,-0.015943664508807822,0.9083153068420733,0.013045477551936257,0.4621462033734092,-0.013829688381534777,0.8715407081192155,0.00031753402327632164,0.3988817866858395,0.0062722969957769185,0.6252505447046063,0.009522735125819012,0.395159657855476
Robust-CPI,0.3,0.5464519025485844,8.766347888472069e-06,0.7109492920416526,3.6030224548785155e-06,0.01964975433122277,0.3565216784499886,0.005805195390991747,0.3265644673025695,-0.014099520549111871,0.5231387796951411,0.00026837008046588095,0.49986735387088155,-0.00952210272587221,0.7453976687266597,-0.023903469923799887,0.732009056159041,0.008807537654429699,0.2588384400467867,0.0024816217740610785,0.7959822392060223,-0.0017665384105654868,0.511034982878271,-0.013580419703950842,0.9601430702123241,-0.008063660182207768,0.3889310983027589,-0.0035149139380955628,0.7033650318049589,-0.0058015751477697546,0.6522243867083473,-0.0063000644146270325,0.5160434937669456,0.00901018574300418,0.5031096092569378,0.0041215684063338745,0.3271316738002873,-0.003057634639399162,0.6100058590884294,-0.0009661653682825466,0.5846103528831575,-0.0048986277471506825,0.6345209798731957,-0.04022610288332566,0.8885358947979269,0.006870134595713309,0.5304607986518465,-0.04345559432397285,0.661208271935255,-0.02278709451766936,0.8508580682725757,-0.078071280651611,0.6114136963985728,-0.00032105923651487583,0.6333679906901185,-0.025928527034230073,0.9473142497215153,0.009455041545507989,0.5631396427780699,-0.021185064541230966,0.8464509609071207,-0.0052872840022916544,0.5670001650358523,0.00016137725528349506,0.6086484145520301,-0.0013031312084733604,0.8066849522753168,-0.0702825217637953,0.93461081054506,-0.02245852825185182,0.6337307843485576,-0.016273793872288656,0.6745462980028625,0.007916321763470704,0.5845156137791249,-0.012712577749283329,0.8977980359980307,-0.03417649006069011,0.5425421395789298,-0.06236337920152627,0.7087845813569835,-0.014944156939093137,0.7801879023730767,-0.013301852626982587,0.7531736202715464,0.0039876075408300255,0.69712395316299,-0.009948763121342434,0.7372395907955932,-0.0141283449103869,0.9391015756942763,-0.008062772713917615,0.7949575579553212,-0.0020122017007228768,0.4857350331401987,-0.0013661101017430058,0.6142708797821012,0.003037993785466065,0.4591081313209056,-0.0027637876446682404,0.7668202153897883
Robust-CPI,0.5,1.0351261586825873,6.216329634368612e-08,0.5509316695076374,5.49178349428732e-07,-0.07067554487316244,0.5007645043132865,0.0036577147638207595,0.3147546188733306,0.03809368705234912,0.3567991115167382,-0.003734294362653857,0.5236001022571201,0.013929147258064416,0.4558814713113923,-0.005095913800774322,0.7706242951664379,-0.005674193753966795,0.8000111221342947,0.0037374374600452486,0.2706599673607928,0.00021757987884748307,0.6281023728191996,-0.0033325920152360183,0.7090628565460476,-0.023489090746204304,0.5266983141733212,-0.0004936033159429964,0.7427815177859882,-0.004375664616831191,0.8091792346898089,0.02334119865076695,0.5163596716436011,-0.011384348719685133,0.6764856687435578,0.0014422875371062145,0.7416312148076067,0.001286248296767812,0.7336448530170805,0.007175114445799283,0.5507868083984544,-0.00422678420781675,0.690062260999988,-0.00445740184144613,0.7219139349461443,0.007110695291722,0.5486376433934703,-0.008488462825288541,0.6179409946273766,0.01651091311626939,0.5812897737423879,0.0056993650034168715,0.1602129107686,0.007518577532736945,0.46617365866326316,-0.0030391827387141394,0.346124159019096,-0.005705869294610109,0.8096955193039059,-0.00947571715410768,0.5756395699480434,-0.004977879745646629,0.9066841317240131,-0.00036835155090043714,0.5863251356501258,-0.0018777343642353962,0.8120513813870642,-0.007777381730304243,0.7578750144958885,0.002145322552309085,0.37587288165645094,-0.01439684520410853,0.8554302327380441,-0.001248743501043475,0.7558269364079172,-0.013125105529491771,0.6866000249447672,-0.045830264487966434,0.7082582775914262,0.007544671356294815,0.4780204669858009,-0.0035110771781562086,0.7496500075138202,-0.010901606634010285,0.690644982897571,0.001195943287355141,0.4753661562678284,0.003996545652244919,0.6196917228676244,-0.008765100107732671,0.7097559100385162,0.001933375939311186,0.734660562728572,0.001321535502945793,0.4661218158711863,-0.005935973277396833,0.7769917539344239,-0.014647758524934416,0.8343482514475797,-0.08820769857999193,0.8094173953350001
Robust-CPI,0.8,0.454023425433904,3.899757073991531e-05,0.1939679562287276,1.8061444132105402e-06,0.007554881382757529,0.28102493150576147,0.0014775638381658864,0.4079316253174542,-0.004510570085819239,0.5126678490529502,-0.0036245796075475107,0.4396683385640662,0.00024538398834849414,0.34158848118230634,0.004585564905491162,0.4304533369909038,-0.0007935121382692482,0.6478241701402632,-0.0065287181996216736,0.8667078399540646,0.002572441219848161,0.3690565723284057,-0.007553126129567348,0.8810870770128871,-0.00878657528059478,0.7080312409804064,-0.008550063961358968,0.7916839512107992,-0.0007084716527917044,0.5944800983642589,-0.014165133399094015,0.7997094285621035,0.0019366654464722936,0.41483552327483775,0.00341676189461051,0.5556170685400048,-0.026748150165844416,0.828147734861677,0.0012282456420259309,0.5194791020915036,-0.007539916486395701,0.858903902571156,0.002606817165893028,0.44032965669606877,-0.002577944716396936,0.800528168345367,-0.0033815131638888704,0.8054134856866504,-0.005405673671854183,0.8465538226078997,0.0010348996910890251,0.4730754458841475,0.005012994439273224,0.4234933610342517,-0.0007123229992452368,0.6570399460589162,-0.0026797301330370145,0.5367376287823125,-0.023796284851086993,0.6763031864660827,0.0016946344698868148,0.31313488898690867,-0.00402804688173321,0.7322852909241642,-0.004694384097659291,0.8854934153356131,-0.008393169519771447,0.8021867117292765,0.0018065107108513466,0.4617097628413958,-0.005785013253762062,0.3876514228409732,-0.006164874358091873,0.677408919201091,-0.0032192791704223718,0.7630901176661226,-0.000953726372363097,0.5308604178791971,0.0022393205512669548,0.559299108177846,-0.014984395048759182,0.8054344138409719,-0.0001746108879317544,0.6180298473508308,-0.0009610502806870288,0.31068814129605804,0.00044183724947414543,0.6782075435446399,-0.001227053938628426,0.38417762704153846,-0.0019405451511306062,0.8232417460324527,-0.001987005355855008,0.9000306984518152,-0.01626538474311194,0.859017493548593,0.0031470629243382634,0.5226840944413192,-0.004418686951511235,0.6259965605835092
