method,cor,imp_V0,pval_V0,imp_V1,pval_V1,imp_V2,pval_V2,imp_V3,pval_V3,imp_V4,pval_V4,imp_V5,pval_V5,imp_V6,pval_V6,imp_V7,pval_V7,imp_V8,pval_V8,imp_V9,pval_V9,imp_V10,pval_V10,imp_V11,pval_V11,imp_V12,pval_V12,imp_V13,pval_V13,imp_V14,pval_V14,imp_V15,pval_V15,imp_V16,pval_V16,imp_V17,pval_V17,imp_V18,pval_V18,imp_V19,pval_V19,imp_V20,pval_V20,imp_V21,pval_V21,imp_V22,pval_V22,imp_V23,pval_V23,imp_V24,pval_V24,imp_V25,pval_V25,imp_V26,pval_V26,imp_V27,pval_V27,imp_V28,pval_V28,imp_V29,pval_V29,imp_V30,pval_V30,imp_V31,pval_V31,imp_V32,pval_V32,imp_V33,pval_V33,imp_V34,pval_V34,imp_V35,pval_V35,imp_V36,pval_V36,imp_V37,pval_V37,imp_V38,pval_V38,imp_V39,pval_V39,imp_V40,pval_V40,imp_V41,pval_V41,imp_V42,pval_V42,imp_V43,pval_V43,imp_V44,pval_V44,imp_V45,pval_V45,imp_V46,pval_V46,imp_V47,pval_V47,imp_V48,pval_V48,imp_V49,pval_V49
0.5*CPI,0.05,0.005230530390077758,0.010414571616531018,0.0006053479097148231,0.13857172051990865,-0.0014333682214993588,0.24091464214844474,0.0031609085523764454,0.07522583309330068,0.016544179001618937,0.084312446262915,0.008897266223735857,0.2352471980593976,0.00264404194596764,0.23508422327130762,-0.0007123912623660212,0.2826734235166139,-0.00404702312669426,0.4260139470126705,-0.00013283727631298407,0.3252184554573301,0.0033833488696929583,0.17270264157181914,0.0008818276556515101,0.24803432884857007,-4.353983763091464e-05,0.23789906953623335,0.00044200465136467093,0.15294314521941302,0.0005169561771884225,0.23039243525350211,-0.009021041280313584,0.4053572689432551,-0.005532239470127495,0.3483480845349814,-0.00045730531528885804,0.2601272321244327,-0.001676210544510703,0.3475094642218561,0.0006580260343819085,0.21495191903747618,-0.0025495233749430503,0.41344142342178813,0.0022835327773478424,0.20227251879976343,0.0011106643199322466,0.08252453506294816,-0.00168549353174057,0.3123149267111754,-0.005010619327479627,0.26118958150823846,0.0008582585355392566,0.08931911647106078,-0.0013733958515387927,0.18130407315973646,-0.00038967773403388424,0.4019613711654488,0.0013954369854678357,0.1260785999550582,-0.0019336665352834464,0.24977856862256484,0.00019141052074116518,0.24273845043614442,-0.00424101550430711,0.30118125267683105,-0.0003996849362397973,0.1983305706383738,-0.002434842290962677,0.312394829239301,-0.0007363292034565135,0.28500043864702324,0.0010813910554882612,0.13069283406804139,-0.0013245838289998736,0.3881019066997803,-0.0015240638417817823,0.30467674365377795,8.303722425400039e-05,0.20899869014427616,0.0032581023305091935,0.2747008557241276,0.007255271502754471,0.21102006064685025,-0.0003819716850750806,0.19771991284230606,-0.0013061540280387975,0.3117224972766911,-0.0009593816050012221,0.4229106215335832,0.002348003098699449,0.26897608595924477,0.004323161198460342,0.24537177272104968,-0.0029958264657027585,0.2675348324300604,-0.002487817669849817,0.39405103447520295,0.001147038872735827,0.19447768814788174,-0.003851479680854304,0.3135049004879656
0.5*CPI,0.1,0.001396011855774015,0.25236899948485997,0.0008033848677284774,0.1303529770256763,0.0004474527228926796,0.18557315142479572,0.0009544918048456036,0.15069309129938824,0.002761374839568295,0.05955123794378162,0.00029652278939408067,0.2244460166235418,-0.0002866555383911455,0.25536372085278525,0.0028937665108210962,0.09000222230591136,-0.0005843726400307417,0.22832117057914866,-0.0019434349355555499,0.2893872943661667,-0.002338337526846842,0.32658479697788606,0.0025921184382679224,0.2002722810739634,0.0006390336443749569,0.0817632278790539,0.0014183116662009009,0.27707604309299916,-0.00036179141613563385,0.21286828033934044,-0.00013742627372799216,0.25665657165029165,0.001179353519568296,0.19341409845619018,0.00020990883626421445,0.15590119904895702,0.002630440956847564,0.1484411514315226,0.0002825856232853606,0.172184103944297,0.003854381181928943,0.15893628955962918,0.00029205583708965215,0.08560657933483673,-1.3563214887105657e-05,0.24929115180432618,7.13525838583162e-05,0.24973480927259695,0.00023029676791842333,0.21000462429635294,0.0006697387437726262,0.06076153140892314,-0.0004725655069641973,0.340727126614489,0.00029825303709170265,0.22418611331740762,0.0008552424846772938,0.28240413534526904,-0.0046264135462491494,0.20411328889775512,-2.374889428072071e-06,0.14535645800463864,0.00010417028895534056,0.2511959692486528,-2.8092386421129783e-05,0.1289853259582632,-0.00046707729988192755,0.22508613830869728,0.0017409186786392283,0.10075554461899937,0.0006610667594073912,0.2890940736685834,0.0008471448534777061,0.3008562596072827,-0.0011532587222427486,0.2050349587941903,-0.0005958027285650185,0.27063905584060477,0.0008054501989408797,0.14614384330573255,-0.00019253156345569748,0.29968031372091636,-0.00019441594690251536,0.21628748401374104,-0.004062979860160219,0.23666004095935744,0.0007876279415363613,0.19867907203851215,-0.0006625848756151,0.34385123043205673,0.0016931174832799398,0.18922644186819287,0.00016217564282000474,0.2105641353527554,-0.004142684585456132,0.2868895055451823,-0.0005703298715741537,0.2964814929538162,-0.0011042099001664692,0.35791072951326725
0.5*CPI,0.3,0.0014554202434418188,0.0970702852875146,0.0016674750373256578,0.12066069491927438,0.00029746902044506716,0.10559916946674013,0.00151983990094617,0.09350308642110322,0.014499967927032602,0.12192138555246188,-0.002234347703994303,0.17275751243192347,-0.003362640636851013,0.34056637381532745,-0.0019518708889716691,0.38059563852686373,-0.00015568524006118642,0.22354658050099452,-0.00024294344045904632,0.26921435260313986,-0.000133033092303158,0.22787505432835617,-0.0022373908476041784,0.3983443434317735,0.00036886440562163047,0.22918981412854433,-0.0031659763263104036,0.35598460069146964,0.0001517278883552788,0.1722666937684254,-0.001598409605066389,0.24162667914945804,-0.0003316370233419476,0.29236223576823606,0.0008102828852458595,0.3283627704189512,-0.0007579367617198623,0.3000000686239145,-0.0028002980434367274,0.33317087943935664,-0.0014074778652355732,0.3185779840214422,-0.0009137819378955739,0.27458540328647213,0.0006980584183946256,0.22031500254284994,0.00032779319542067167,0.2863913752735519,-0.006920117246403422,0.19329690417027007,-0.0018727839411989795,0.3713784038762359,-0.0018206512691755388,0.2413804650008524,0.002126732654568931,0.10520348330306742,-0.0018427042867448585,0.21567682201631513,0.00033893382649714126,0.25357830304549844,-0.002263609325484774,0.18281514147918398,-0.00013442794624817802,0.22105551015937605,-0.001069627211413138,0.1499791845273799,-0.001865346824045334,0.26440565359547374,-0.0005917862254722959,0.2224698435204006,3.268161549564654e-05,0.1859609622019158,-0.0007976687322887736,0.24980339503434695,0.00550505438594284,0.269928821634804,-0.0031493910884987726,0.2621917289145397,-0.0004195564584298027,0.3151862352214778,0.0009593096324879683,0.24130683608751777,-0.0020076581325236182,0.18716936791397368,0.0013650560848602823,0.10971562851396825,-0.0010552347491239297,0.3915383586934869,-0.004617332210433959,0.22956852464013675,-0.0010124738579325616,0.3196057081585686,0.001011872363541059,0.13982831416484262,0.0013683838480763023,0.16088092081603284,-0.0004433243944993215,0.18548506677642315,-0.0010223125297604567,0.3670086533947719
0.5*CPI,0.5,0.00710978221530077,0.1586747404070474,-0.0008031422208558986,0.3175545213656434,0.008337315929323736,0.0207659873212265,0.025422271645403213,0.005066573151495985,0.06306829427430571,0.0019410918577598456,0.006011263100600031,0.13055336594832895,0.0026295220549006513,0.15619614286916947,-0.0012261674016898585,0.2906006803243659,-1.5265104982066792e-05,0.3358218410967507,-0.00024352936416957506,0.2737446741475982,-0.0028279718709712733,0.3199212614810163,0.002865541561315502,0.27968169475751725,-0.010145443515575748,0.3046154845590032,0.0012385590114727554,0.18146514189252433,0.0038592540876981976,0.2983306871820718,-0.0032049029065520543,0.1616075667551897,-0.001522530137244183,0.30459545919812225,-0.007259853371214726,0.32218924151223793,-0.0009873831224831032,0.3009381840383865,-0.011508678563518383,0.34592252509849925,0.01664514664316267,0.09733800668812947,0.0033912106661658655,0.1858547933634438,-0.003479777829382069,0.2645493137887954,0.005230786076633815,0.07673778052813027,0.001264175826703604,0.19739380112529262,0.0001882114595132496,0.28026370093331965,0.0031757938218469647,0.2030525690676287,-0.00236625394793642,0.40709730305763764,0.0025072912657904977,0.2505060653438145,0.00048357176324269856,0.2756516680518404,-0.00028021101664884776,0.1519911348006953,0.0031222508620447993,0.21984763341768965,0.007552145786290332,0.17242320829282107,-0.0030836961444760786,0.3061607296628092,-0.0001421075890223584,0.20890846258838755,-0.0013109675556595354,0.19585514498571105,0.0029760711074481327,0.25096701252931763,-0.0010844189500579901,0.24172657025955888,-0.00048475664646854144,0.34333433425867627,-0.0016388228370171653,0.22326969018000023,-0.004507767417945763,0.4009916560634261,-0.00426314764466014,0.35754424123933604,-0.003359879086628347,0.3451216228289054,-0.005251750013531966,0.3749325761181127,-0.004762263272759244,0.30866822534207916,0.000646324966304265,0.2512346961734077,-0.004918572916098459,0.2920794479471094,1.366838714961238e-07,0.2883389958500803,0.0013432283723944902,0.19974880635861214,1.9341230903097417e-05,0.21917241652259636
0.5*CPI,0.8,0.06537131731147838,0.0006046146100182872,0.018083924240982818,0.006093465893698366,0.014993321420472607,0.025310901732977634,0.041190255402379534,0.0003696564467461648,0.051303200800667026,7.518226775440288e-05,0.004348610927209767,0.14657853974434146,-0.004757765188578742,0.3420880749563949,-0.0012386763411069632,0.23232302563360427,-0.00334412367686403,0.3989282070647087,-0.003259201107803926,0.3827962334035151,-0.00475525858043793,0.33225703463236445,0.0030081095308190403,0.25413934895189205,-0.0022174055387910265,0.33940256533157764,-0.0026001040720597343,0.3221352671830939,-0.001743778034837972,0.42487218944442295,0.001206212436940743,0.17209253808020966,-0.006042680770147812,0.41019299869462605,4.202242785158544e-05,0.18256333341394682,-0.0015269526099584141,0.2915208251804691,0.0007997027570138517,0.2433351396167006,0.0035336234685170915,0.21526097709702607,0.005194909397373556,0.2220742483088634,0.0022964889539833807,0.24539063169867575,-0.0061577592146571936,0.37110011878295746,-0.0025505263651617992,0.1928209273733271,-0.0022423570160468335,0.18819438473350564,-0.0034544738490013996,0.327687960317784,-0.0015649406348523798,0.3431593470187341,0.0006480306263352794,0.1368078000407494,-0.0009563308222929212,0.3007937242737542,0.0024226825578817263,0.2327104665083411,0.0011191703001259023,0.17418213320121248,-0.00484553437838798,0.293729456529393,0.0010275147178905326,0.2414133233253523,-0.0014846324632080655,0.354817681051371,0.0012976181643983725,0.23843563354618413,-0.004146032640806493,0.4245768573860682,0.0049777931582793596,0.14338603328123672,-0.0024937586586503174,0.3713820424048801,-0.0014211469384494693,0.2333531179605499,-0.00031160651790930943,0.3611039247857264,-0.003429054713687206,0.336486235119701,0.0017841725090393043,0.22322788417179615,0.0020855666525386634,0.08640731936743276,-0.00036301855857129214,0.29054211332797336,-0.0017001637566226532,0.3314248798770879,-0.005824946538171164,0.4300797324695246,0.00278736335949395,0.2270995942094186,0.0015449733136122317,0.35774569325816674,-0.020452931870074048,0.28028968064463816
PFI,0.05,0.012131838163442694,0.05449060688364196,0.0003555441222359278,0.3201092794576096,-0.008146694140252438,0.48339094639991587,0.007062359853162893,0.16308694301484644,0.04235803216848112,0.15809281709046835,0.02249654807001662,0.5254425460528421,0.007000082465470381,0.44223843565688403,-0.0017010257957382421,0.5828617955346593,-0.004225839183396678,0.8134787582949798,-0.0011951216448141382,0.6972226457336017,0.00804754619243595,0.35481754513165265,0.005351100526132057,0.4616950247030906,0.0008385152187928435,0.46331367769545556,0.002516688193762178,0.2526696976594821,0.0034225788107994926,0.42086583218307555,-0.021148823766076706,0.8622579112715543,-0.011155648835717598,0.6178139785757668,0.0008164110961364694,0.4733657655695242,-0.004375047094088104,0.7010483794061184,0.001547615227793633,0.41035870193929286,-0.006218741359792237,0.8378864251672843,0.0015685019380501004,0.46070810688596414,0.004550512167424306,0.15696510168749456,-0.002683774947204064,0.6033837120267718,-0.01179501157236315,0.56545489046117,0.001593674595844379,0.19117824671248737,-0.004095811975008157,0.41977847295117454,-0.0029345824436036957,0.8399752273736847,0.003419329069854061,0.27361605227325503,-0.00440876852814672,0.49771690784982453,0.00046456952948730477,0.5503619903104646,-0.009842642373747922,0.6181198273588708,-0.0021891745986899035,0.4473703507650039,-0.0064591686487207815,0.6255386458862935,-0.0017748727411172694,0.4808883081433444,0.001929457948972291,0.2854758869372064,-0.0017856705159886065,0.7318047263522118,-0.004179701343530719,0.6250076956928161,0.0006904498903833498,0.45829324484843176,0.010973399593065127,0.5748289958320834,0.019580494245369055,0.3686619657898217,-0.0009356619293631165,0.39503574479967724,-0.002838571077037074,0.6165322640955775,-0.0021999129640224617,0.7774050030562373,0.003694439280066669,0.5450508512861267,0.011686057559741633,0.4301306101202689,-0.00997854862465917,0.6033260459838004,-0.005778298239281022,0.7780415566094427,0.005432469882384811,0.3840514873787564,-0.008554651968680892,0.6690979494605711
PFI,0.1,0.0033340742129542166,0.5091190185811729,0.0019168684990408529,0.31915187583273624,0.0017102870070081608,0.260429836245598,0.002445063489173464,0.2984538553703008,0.008816165922725787,0.1152252496373325,0.0020980312384388817,0.3546018001072469,-0.000290787881415877,0.5010718980979736,0.005975137600729996,0.1916681917242195,-0.0011520761012268836,0.4580737706756141,-0.005458869374665305,0.5813868566558423,-0.007250577840142215,0.7599554102533278,0.006450903951132125,0.4279809297502891,0.001624728274038707,0.19776413810105542,0.006166320354640158,0.48669712589057856,-0.00047795713766888496,0.37294787157600073,8.555966431955501e-06,0.47233670206294104,0.0029830296895644844,0.3940653266433265,0.0005494616929573324,0.259935176154308,0.006579302987092141,0.29161240401452854,-0.00045771095984827417,0.3029370269940439,0.005727122328214464,0.301649435981335,0.00023885657448446775,0.20755515194140944,0.0009883063459237714,0.449493843650072,-0.0008258255830999725,0.541539392992621,0.0005422022029919275,0.41071168338809544,0.0007672114244738109,0.16335421346766163,0.00012881939555753675,0.51369334747282,0.0008932757121636797,0.4430467529641245,0.001033775285830803,0.5223982801650446,-0.01091122647673925,0.40138216482925687,0.0003383180596457467,0.24257572646169992,-8.786256259140628e-05,0.5369954938694741,-0.0005895523812919793,0.3545055154095059,-0.0022610646127636464,0.5199439040944132,0.003439796396531816,0.1834518597535687,0.002375507767514393,0.5518992470632833,0.0020210465129247832,0.5853953201843978,-0.0007398840319112184,0.40073606168473225,-0.0009994360445193698,0.5092651168122685,0.0018081239588640023,0.25200514194644313,-0.0003631408136886147,0.6539035347983397,-0.0006275091323919294,0.42218558186784794,-0.014536959293638688,0.4869741521979936,0.001927419506378738,0.44268185008419747,-0.001109374228332148,0.6655267138408568,0.004373515136503971,0.3505965159604868,-0.0010423335081909731,0.4527024279549415,-0.008524743575830987,0.48107354390745877,-0.00125509858379625,0.6030996362679477,-0.0025993541229284334,0.7536901466242585
PFI,0.3,0.008850221889951247,0.14097629015257301,0.011130956275690572,0.15775507457957813,0.007421625175437467,0.07238804690920558,0.006786202474021805,0.17469932143146774,0.04264682460327728,0.19072413709011293,-0.010457169971626134,0.29533394127539125,-0.006853793081189347,0.647177977055861,-0.005336631910307959,0.6828160364216987,-0.001097450905329485,0.482660231580187,0.0002880804661939769,0.48056212065854,-0.0016090231060818122,0.4807276232617816,-0.005998076583034244,0.7653079626370991,0.0018279616552848788,0.42701943937428727,-0.007535386221768523,0.8129345491671225,-0.0018562144585328626,0.37191431111466366,-0.006479992288376687,0.5531694467619339,-0.0010777298826337072,0.5437908778215709,0.00631563552488325,0.5646382772960874,-0.00405102849283518,0.6485745406848958,-0.007969151743441726,0.7352793567213801,-0.0032193180038381057,0.6400043719592428,-0.0019356730285761392,0.4955386802873956,0.0022780103157262516,0.533778770599146,3.085036460767146e-05,0.5690549965094612,-0.015088681048349655,0.3602562944167736,-0.0037310492484599876,0.6752454533046299,-0.002344485526322228,0.37900626653582664,0.008942727239788633,0.15298656956720444,-0.006424487402326529,0.32850098315670634,0.0005946245306339897,0.53073594147867,-0.005524673964168474,0.3199977088750078,0.0008193841913146835,0.30866582833223466,-0.0018923604279105478,0.2495678359723979,-0.003732583684570007,0.5299490671858266,-0.0019039314479916887,0.38654294181409876,0.0008093167189941639,0.30751222008183554,0.003844038314111779,0.28365913944051085,0.017212859727600914,0.5612520650839707,-0.008932344031612964,0.6955241838101249,-0.0011678719918672804,0.6288883225947405,0.0022011626384350062,0.4425156845784222,-0.004790834668802548,0.3626566544079856,0.0032087192136839894,0.21403989049350378,-0.0028392562287845686,0.7803242432219981,-0.007098099272345927,0.46386480520539275,-0.002215493555540515,0.5215405968451599,0.003282059645915808,0.17499409727575033,0.0005023288124980431,0.3451168228800203,-0.0005041201345714084,0.27463190654707365,-0.002466167079256877,0.7519674188476707
PFI,0.5,0.023079733956192162,0.44671144515261507,0.005351000262615463,0.4749536373048712,0.040659513194100196,0.01266042051395753,0.09547067560396606,0.004805407268373478,0.20438347539563662,0.002811348499090721,0.027108337906037044,0.2087820285998316,0.04196002813982147,0.25693248124549234,0.015629010217393036,0.45603000145943695,-0.002932122854109182,0.6445782363947139,-0.00023092260766592653,0.4188494235588186,-0.006980673545595451,0.6635917394990416,0.00421323078513155,0.5572106612710319,-0.03157521147805095,0.5859714252162802,0.014506080841902106,0.32706583062308464,0.037354297528093015,0.5348064722764352,-0.010619349906937147,0.31072976471852604,0.004671965589596265,0.4242948486248824,0.015084508880702759,0.6303625679351208,0.002780039704643697,0.3261549781334674,-0.025808525663954893,0.6287731849312105,0.0502599842734218,0.21646994672956316,0.021290198214803813,0.21806759034685322,-0.016011371250170648,0.4203952370845146,0.010660150396106549,0.07351949231555592,0.00288535287658007,0.3602110003034707,0.0037402092104252605,0.4227866018631147,0.01613540257575614,0.31854910350538307,-0.00340355739312494,0.6309794615345544,0.00978215646641845,0.19749542029345146,0.022318184839174506,0.15436001115297263,-0.007923580777438533,0.4297995721073649,0.00307098555600063,0.5020202426193393,0.01634498697172511,0.35694693694904633,-0.007730439053140004,0.6393602398515302,0.0047879796240683494,0.18546841732734595,-0.00597830948124674,0.48744734606989853,0.01017070101439376,0.4170639109598431,0.006061032531003141,0.45418414315983757,-0.005470240269211181,0.7008518899604192,-0.00029319765740961365,0.40316829131997023,-0.017826586252042892,0.6065575911259214,-0.012042141478726457,0.577777887361843,-0.010607299805723561,0.5846883187549541,-0.020259101614170202,0.8524111776377956,-0.018567080404038292,0.5578571842673674,0.003576486940291604,0.44219972307298505,-0.026107685493420848,0.6282924472168272,0.010602908526411662,0.35753930386690647,0.008819063773567514,0.49443376234624026,-0.0009597654243109407,0.4363971401462252
PFI,0.8,0.5963127198238715,0.0003451551223048241,0.5476877402447096,0.00016964619178302338,0.4693042751010605,8.153887503400163e-05,0.7875545876955857,0.00015112157676209218,0.76008524128141,3.1235574818316144e-05,0.22179924920692534,0.006260185999578866,0.13679470626527812,0.036354391178105114,0.03815402341363952,0.3818184236723474,-0.006801767165605899,0.34247746462025574,-0.009647470105919735,0.5454543287946377,-0.014935728867020352,0.7844817844972757,0.03812158823765869,0.5137633755162341,0.07281579444073057,0.5892643057038542,-0.009678946325151249,0.4132340720901658,-0.008627037287067651,0.6525721974743774,0.003919081295233859,0.19443649711582425,-0.021509136722762254,0.31523051884705977,0.0025482583049545792,0.1749604831988142,0.06268131706330313,0.06728813146447696,0.015574048903727938,0.3230352160070594,0.05026511301289227,0.4173298731641939,0.049123123055561074,0.4417586678225571,0.015182958345390596,0.1095560863751833,-0.044300469354341246,0.676399550529609,-0.0009971081295124754,0.3074217448418201,-0.017191738884040356,0.5104715930830783,-0.01617695697299304,0.622053323752621,-0.017294596965398874,0.5995394796781882,0.014603220709660482,0.3305702895478697,-0.018981166299058935,0.6283103640878366,-0.013296558896728443,0.6724106100977518,0.022128027685175963,0.0727430527111343,-0.0017598905976037096,0.46432026600132653,0.011655838872680006,0.2330428983300093,-0.021910666340151513,0.4458022876738646,0.021517360683530787,0.428273421901468,-0.021699042982770398,0.7301581928540039,0.006933901039081982,0.35984463682300044,-0.0158407477851387,0.4299087021363998,-0.022370266504507606,0.3472547763193184,0.023375092192822616,0.5219901523801856,-0.02161266649835632,0.6624768604913397,0.03046051302295478,0.4162003157271271,0.0071172826844943604,0.0806536265003033,-0.008350409360857706,0.40268990506464797,-0.03802652325004244,0.5260176323669373,-0.07875055909150563,0.6635132206260305,-0.025389856522088118,0.6315515199902151,0.07424369122165511,0.3803305089229576,-0.09778540424720292,0.6834886846533021
LOCO,0.05,0.030369337814676732,0.5378902572532336,0.2973367451433166,0.2278184459077325,-0.6565162451152877,0.6059386418052329,0.3753633192555793,0.24803805611042246,-0.26394533580187424,0.5701816934530676,-0.15481789614270577,0.4827841066505909,-0.1099400269017475,0.47526955895175715,0.47069744686202186,0.36656643284278334,0.18592595462559514,0.3136807331797439,0.9561296448531159,0.4105724402095008,-0.2584741628519413,0.8357800998036462,-0.44593252626394136,0.67126904515529,-0.48714291922822844,0.6165051194745644,0.0704844254851984,0.42411906393989246,-0.07782410586407568,0.46066931659982435,0.2853368949540182,0.34741992272029754,-0.6344295110531126,0.5878187269222164,-0.2685740427197596,0.6607921621774565,0.27820276586085585,0.4512672752546089,-0.398318144854233,0.6265539347659992,0.24822114455891042,0.4110192396349968,0.790653696376167,0.2605676193389634,-0.16043275966314535,0.3508501239494447,0.26562949626766813,0.36327995028964044,0.10334798208580842,0.5749548361568405,0.1092028000079963,0.6524932298642585,-0.8004625842296026,0.5147027193409558,-0.23101736596889744,0.7451873445489883,0.18402082478164652,0.29225661004100106,1.2500613827014138,0.27963815936653635,-0.36787207477060546,0.5597807335336664,-0.3874995885375518,0.6022342342070899,0.6074254541953639,0.4147238895026072,0.21300405190948832,0.5627370132428174,0.3880603679917713,0.21812395111292107,0.12060880145436906,0.23072413709784126,-0.20022292865227875,0.7455997321361851,0.1679042348582018,0.17173830921946562,-0.08542068620349327,0.47207640763956094,-0.0012467055116492268,0.5362187438402581,-0.3766216706720641,0.5120865753836881,-0.25381455196412417,0.42264095673451485,-0.2403777040039217,0.7395457582914581,0.220063856908686,0.5434956953955372,-0.11613237292516504,0.6932503159792914,0.2582645000103048,0.5088492013816794,0.10444341271157066,0.5070362876711805,-0.35252994037203267,0.39672941299117204,-0.1512512741239678,0.4297202429270718,0.013491762305333176,0.3254612660617735
LOCO,0.1,0.15635286872837792,0.3507796788227575,-0.057318213014154275,0.5753752766289091,0.3380065443593252,0.3926312965041358,-0.2008544427831598,0.7082523611929135,0.38167802305472454,0.12653366070373412,-0.24034549591611865,0.6657549879446487,-0.31935419050314523,0.7242855463317583,0.19043137757550607,0.1777796948182292,0.3402651955139389,0.430632703257475,0.03371384799410708,0.25338871210048264,-0.04677059304970572,0.43087328244977097,-0.029908867986381246,0.36602426312273934,0.13616328502616193,0.3278872055934333,0.28127775508310787,0.4841750592841051,0.14104384194744213,0.40527762592263333,0.47230280215936526,0.16557421538513975,0.07814122987847721,0.4889119315750368,-0.08507705777792485,0.7449493912427189,0.1730245724012,0.38134365502534034,0.14485010047535468,0.28408654415938406,-0.07187641648464708,0.6746330632513196,-0.01137901989193173,0.7177949242121416,0.28473182730803337,0.4658547063633956,-0.06558395059222313,0.5066363938682286,0.27792656764802615,0.4467131009900464,-0.0026465619260900835,0.5789662283366325,-0.16680945039561504,0.5245439140003952,0.061314609515016265,0.5381112910970611,0.17003341983033382,0.4454314220141453,0.24119896768441748,0.31747795580485155,0.2982135609967347,0.6048619936083223,0.1970503629578765,0.42261530179678414,0.37074837715087794,0.4035645664249905,0.031063300590374737,0.5698825466479983,-0.3149130434642619,0.7659283050438364,-0.1362911687090667,0.6098528787735201,-0.07291848329471856,0.20790698290196094,-0.26033499112624225,0.6476230141026728,0.025914366510589506,0.3552915134901914,0.1410811146265733,0.5379376931040369,0.06593052960995821,0.24257047261395676,0.013680454132408242,0.43764157654214264,-0.19969106639713258,0.5490632818829324,-0.17431259182166825,0.4618397367746149,0.11421857996560977,0.355276311814576,-0.03456534874142903,0.47703795790730735,0.27853235859656533,0.36439009750000223,0.1944707817430091,0.4154482641896762,-0.010875401225847707,0.4881113771183919,0.4364280872204746,0.5341372023191069
LOCO,0.3,1.7989222013904171,0.33320808437740995,0.8932128923709967,0.33515215242701474,0.35548917247983197,0.36814923693939194,0.9528403991583315,0.3952995614677134,0.12072939096143871,0.5482781863012214,-0.8320230714497836,0.6002211819511596,-1.1734559022086954,0.7828146090571882,-1.1892655427606849,0.37756886867563866,-0.7495163856419667,0.34944505894991806,-0.8168682504434507,0.7216627747085034,0.10027203203887641,0.7322100973806274,0.528604177618696,0.2370552365757064,-0.5074761397436042,0.6806586503858088,-0.46485813557950006,0.5166854769178901,1.4075420952711977,0.1763721283105057,0.6296177855858547,0.39154641751801433,-0.43428417987802737,0.606981262753327,0.3010908935046235,0.5469343143475087,0.4971319241165699,0.25068680722862574,0.055672154099015006,0.754668324414868,-0.7436813001432719,0.7688196143988992,0.14944520730314473,0.4715541257929049,0.07969191968914398,0.5810036228804158,0.05036208292307928,0.37459016067450784,-0.762522407455522,0.42687309703155285,-0.4536862954869346,0.4809296717806427,1.4325539916144427,0.12394151593158079,-0.6086223884171466,0.7815850820689091,0.6338510811001157,0.33557070127502503,-0.11677570728354227,0.739740806884206,0.4568744261120423,0.6160147345488538,0.6795955410178053,0.2962080146425259,0.8858769313172277,0.24635939902093332,-0.7383025690526024,0.8739344220584744,-0.4227430477275247,0.283009525248175,0.1349823709704912,0.7144340334719437,-0.5307790387537585,0.5517254815926316,0.2139751040415284,0.44783202743432027,-0.14761069680052394,0.8375694323478311,-0.29421397938037336,0.4147359702827656,-1.5151804018909991,0.3844702880558847,0.26696799956245776,0.1854152477015666,-0.01226586604177681,0.1741127137908822,0.012576919983511412,0.47901346127355854,-1.9074781330410675,0.5778412815083653,0.9724047236282969,0.2997705996425036,-0.1916138136292115,0.5488537149646456,0.4759433279585288,0.5822492481526245,-0.5581439052862199,0.44791475134704273,0.13453939930555553,0.5936714785180287
LOCO,0.5,0.6740715478669548,0.3240949543126103,-0.730843571565723,0.34680596834367416,-0.466886860454066,0.6091030491465388,-1.4184125589796668,0.33469936450131393,0.2230127133654923,0.08910838946307963,1.3810927495759608,0.2727531197951228,-1.1032454937953888,0.8419146738938973,0.5019184085635353,0.0329985365627035,-1.8739344162748626,0.6624205397130578,-1.2288327000076742,0.5693565904258927,-0.6383773010058029,0.4011793737549698,-0.7160139619318061,0.7843491848875392,-0.48403779675271746,0.6010562017870704,-0.9545747589460908,0.4845284679155089,0.4306825876497573,0.35218040460333255,0.6633296099123704,0.4257967935425651,0.668744592655783,0.33259446915430646,1.1550491374319982,0.19657489323753669,-0.5487815882166353,0.9496481063107014,1.6413427521341473,0.12386411302207316,-0.6342405558671558,0.4521418548497985,1.3772347235035662,0.3141935533067984,-0.6853433780647606,0.43152299768436814,-0.2871680758077198,0.6323764210430709,-1.7925279299078725,0.7645650144464295,0.1477201985125531,0.10491748818253997,1.707638732490025,0.6327116610844642,0.3409950666132376,0.34265738917959404,-0.24023153817978893,0.3287085998742559,-1.0802432704025307,0.9937994408184978,1.1743609312051992,0.40956016635669246,0.7408734611341221,0.49982064818199345,0.7163033659163396,0.5948058337308684,0.10879991481234563,0.7943914668838616,-0.05617202850719507,0.8553757727457515,0.42705565256871675,0.5880266733923525,-1.7580657099370345,0.33658486713142177,1.3200581459260918,0.3333455706632093,0.14402199522750025,0.4438519529724611,-0.07335267423847316,0.5587861884130013,1.0944316994893526,0.4285171438520168,0.5186228176496551,0.29007807301314464,-0.041191171639234886,0.5577467954614587,0.10007997315596312,0.24782316212790695,0.6327836852524701,0.34280356355002317,0.775529791795617,0.42813119785409415,1.4668606754961968,0.22293512492154965,0.7091824819553814,0.18576538958288566,-1.2797565370152266,0.8121108309269174,-2.2238585656482384,0.5471271321798755
LOCO,0.8,0.009678371125653907,0.6344631834385005,-0.09417499674695533,0.33253179037778163,-0.067673192866489,0.584675314173567,0.11607043122925038,0.11862246837918984,0.2851917240815328,0.17470691166693317,-0.03812002940771257,0.9665723210153765,-0.06787491177293384,0.47639018285090795,-0.013105772279932669,0.6341280252854682,-0.0017253989606502908,0.5014661624574845,-0.15868383706548908,0.41594423314376255,-0.049246734242329525,0.9576656216210189,-0.012700918189213675,0.4012837089313097,-0.018282567413744517,0.6059259487068106,0.05837523267877142,0.3129502588796186,0.004207116061884395,0.49381693945885663,-0.07391936089264742,0.5933349793570691,-0.04535295905773901,0.9783312619078278,-0.007830509182071304,0.5518144886930989,-0.009274741568091783,0.521054929535037,0.02853295135406231,0.5380218850888336,-0.03698093534502109,0.5154202381245616,0.05688837239509776,0.5791255394066719,-0.12979552582414827,0.5937617099254282,-0.019378524367720897,0.46475609130234474,-0.05378714062753065,0.5072623099745233,-0.006041707868057259,0.3673022461606623,-0.15748259049665267,0.6346598748624994,0.022810145557129367,0.6319603955702475,0.05875803566939057,0.4164250261597341,0.04127372896429548,0.1862324925620358,0.042962753902489687,0.6359812653598096,-0.04509839296869268,0.9147757084652259,-0.030090232345099957,0.5206298355924399,0.03182966715846961,0.6857300680313911,-0.04128906430251492,0.8158117861610089,-0.030940790109934453,0.31468111190906894,0.17426001552574782,0.6639264496783928,-0.008143133230287815,0.5722076030875145,0.05535340449135778,0.14274143135904507,0.09755171905529077,0.617919298721955,0.011112410186583753,0.37009575703027386,-0.009741912798827988,0.336490357718292,0.03687093440186193,0.30451412786073306,0.08665224261295378,0.3093593496206983,0.031939583187600824,0.3076063995888806,0.011485423010584144,0.2816775005193326,0.014313059021479932,0.7034200769626724,0.021062257976351674,0.20139849914307162,-0.04453688616028731,0.641816749364192,0.02971317320396101,0.47680799298705656
Robust-CPI,0.05,0.009876030062906991,0.022855996165276928,0.0009600343795209501,0.28922226494752007,-0.0031355561789828943,0.5062362499759705,0.0035099393155264627,0.18946488684870802,0.0318769362630201,0.18545418572429334,0.012014657957847497,0.46587592339157435,0.004118333596216572,0.4756040388716358,-0.001381571914842391,0.5794685590814342,-0.00860106003075362,0.866402813440565,-0.0009008893330091706,0.7012926983314346,0.005564501708181243,0.35543088750964064,0.0011883510096177112,0.4802763306849766,-0.0024675800286521853,0.5253511246371365,0.0008909537056940456,0.29559814736123446,0.00011164771976185619,0.5039446843931442,-0.018200748273676886,0.8387401321281951,-0.01192053560397811,0.7176664781990274,-0.0018131038839921487,0.5400880579789551,-0.0032861567654382195,0.7095728595238178,0.0010154132916033885,0.4820542686237766,-0.005843904700701953,0.8444930644962417,0.0005003434936595971,0.4476455366689323,0.002222669431112147,0.18481132922117383,-0.004910399620835561,0.6516754642024716,-0.01060779802044855,0.5084104589140048,0.001726077053479254,0.17761930118153677,-0.003845750791689566,0.38250679523524894,-0.0008897304875446626,0.8390525437173247,0.0029465865493065366,0.26344800512871813,-0.0041266846213380256,0.5025541439821316,0.0004304202482817995,0.49609186507225017,-0.009593654194615529,0.617644832592348,-0.0009199630693407229,0.42257976161430705,-0.005404152615763549,0.6475167640302943,-0.0012196215833715552,0.5697568298628435,0.0016552722435250191,0.27654367330177887,-0.0031842674953672517,0.7966650902285742,-0.0032505201064718507,0.6178300483454118,0.00025897301701868596,0.46186046369893724,0.006139107178381142,0.5444694538656443,0.013277490079714257,0.4505980230219657,-0.0009691713375095966,0.41970181639636195,-0.002664046740997081,0.6249374502970839,-0.0019271069686762324,0.8558953168731429,0.0037334211625129274,0.5594924744773548,0.008657051537204754,0.48580952117690884,-0.011693889338479571,0.6187167470701213,-0.005071450512667905,0.8078743998323878,0.0010881788203039072,0.40775735449444656,-0.008300775201495757,0.6339809525139012
Robust-CPI,0.1,0.0026294905770261863,0.5173698587735973,0.0016178402469068836,0.26612591136768365,0.0005007822842990453,0.40799067652999166,0.0018795106417553063,0.29275268698137724,0.00427405660909576,0.13837024359228406,0.0006296099150196349,0.4506061981621548,-0.0007198957008829634,0.5291434336454501,0.004826727011217993,0.20719045994093113,-0.001157085004274563,0.4504024279340387,-0.004836819737559066,0.6148084614449629,-0.004948466761043473,0.7244708878421456,0.005359462997107273,0.41315582120917493,0.001215639658649206,0.18625937775383047,0.0027200186166191085,0.5541259270539647,-0.0005426935664647266,0.4115422646963422,-0.0005506050077237807,0.5145353179595284,0.002242512080333363,0.3919205252639512,0.0005038264666678696,0.3101889772328571,0.005098568632529789,0.3348443357107618,0.00025266384931553357,0.3569506622743219,0.006869327748830612,0.35262588016230545,0.00047771352119825735,0.1861455117944195,0.0001551732404593042,0.4949229897331096,-0.0005594532935449707,0.5297588583560529,0.00046416172617592033,0.43361827224972377,0.0010063720977968415,0.1274766845639282,-0.002575072094401516,0.739848486416,0.0003355172134339206,0.4834441098631105,0.000984213790574885,0.5738840900822575,-0.009651666225060572,0.4221529905211191,4.839942767258091e-05,0.30027519814463915,4.883498627876715e-05,0.5063302600466434,0.00012363180012864685,0.23661521793307827,-0.0010849931537288988,0.45526888294465107,0.0033333663675438408,0.1955656918031968,0.0012491468576206813,0.5868899561888867,0.0011563377206889594,0.6342404475498701,-0.0032151138204112046,0.4413259215795829,-0.001399818155169763,0.5732302357872785,0.001683311576069131,0.2840880074702701,-0.00041123329951935826,0.6211358879539434,-0.0003964637441340376,0.4287124015203282,-0.008762062685961932,0.4915713353664674,0.001376571129863196,0.42596734215173016,-0.0011743734930315022,0.7045264686178672,0.0034746828698698886,0.3658248973402201,-0.00032692652199688485,0.4719638784841293,-0.008947288950370646,0.5585438899300648,-0.0010239198264310621,0.6057138702600806,-0.002253531085076922,0.7140858743508267
Robust-CPI,0.3,0.002452139766019157,0.22135071021416086,0.0028513576508714398,0.25772651280468345,0.00011191929580019922,0.22047000838489944,0.002541540979825558,0.20031541775936745,0.022706805143451636,0.24842838472863052,-0.004857271808516482,0.37263236530478033,-0.0064263100956774965,0.7166661439434476,-0.003925083591169104,0.7431222992444589,-0.0007267142127460017,0.467206708912047,-0.0004082358094301359,0.5304733416300826,-0.00080259394803995,0.4758889428790923,-0.0048314641674728235,0.8110328832708886,0.001063563132467407,0.4473732924479742,-0.006215884960516898,0.7569981625732778,-4.222094727605668e-06,0.3920580880392567,-0.003445013250269715,0.49275771292580745,-0.001308057379652489,0.6300460130955239,-0.0001929374243194026,0.6763632676552455,-0.001992843052270873,0.6239922068077578,-0.006496930392006249,0.7020629977926192,-0.003064305178526264,0.6674016778708987,-0.0018827404629374617,0.5238369583085067,-0.0002754638384903176,0.5048023098603479,0.00018933199916822645,0.6040411177294855,-0.014432311928569882,0.38424596215327433,-0.0038541619856667874,0.7750589660441888,-0.003994494538070922,0.478990185417522,0.002630683308714461,0.2433135497463731,-0.0038996374741269205,0.4364700948886314,0.0005035291193233292,0.5266137054882583,-0.004881233996390618,0.3907028465419152,-0.0006326889672109478,0.49316063647244673,-0.0019895935199809715,0.3077008727144108,-0.003837772499814029,0.5430093905138973,-0.0014906593169399169,0.4515489074002457,-0.0007878794479364847,0.40048795677089577,-0.00125005857224083,0.5057715277754234,0.009935687287129107,0.5391733238308379,-0.00814923110745812,0.5890644801510785,-0.0008580274403304195,0.6403942767716433,0.001548750848875997,0.5194853724901787,-0.00475084319693263,0.3696719147131565,0.0018455436354679426,0.26046300904714587,-0.0028585259326558317,0.8405075013542095,-0.009094711069295838,0.47399187940798054,-0.002129280154079511,0.626339900147398,0.001552335490188713,0.29257566379192634,0.0019156458408025425,0.3441810543040539,-0.0011343580759912008,0.3887509270388706,-0.002086342122044789,0.752922202983773
Robust-CPI,0.5,0.01168619991839505,0.38331276418554133,-0.0014338674080622582,0.6794982701549654,0.014098645823469558,0.06318622906662916,0.04850200666888729,0.012069825044317901,0.11497467015788126,0.006046625180460107,0.009173262356239841,0.32738089052375763,0.004286817588519816,0.3667133651509147,-0.0031237146792870707,0.615180154257821,-0.00167027405081511,0.6861762905682235,-0.0014486884156831275,0.6061288747657216,-0.006214351027536857,0.6977377461867724,0.005007172824442458,0.5895973379002633,-0.019728771477810863,0.6440676093278143,0.0025293442156488605,0.3674630631168918,0.0066372447920043515,0.6098767623003101,-0.0064209783887408415,0.33601678292520654,-0.0031157901160166358,0.6345806383808951,-0.01569855993062118,0.7032469792419281,-0.0024364133110009946,0.6258448895467885,-0.026868661061366247,0.7564582764109987,0.030452870275835486,0.256953500849284,0.005512772513761107,0.3971278527517379,-0.006450616207518585,0.5314559318462245,0.009085802932510965,0.19124170874424096,0.0018009588429361166,0.40584555079196116,-0.00039102169294965357,0.5732771249963124,0.005920987045548944,0.40619331401833236,-0.005565687613735402,0.8640741915880576,0.0031322419986842417,0.5363274316776991,0.0008693180775165833,0.5576129438707377,-0.0014095246133590026,0.3648793588053468,0.006407618378887279,0.4221281949740292,0.0129995124974353,0.36844228222527253,-0.010041132271851652,0.6518788490987086,-0.0009415387785741331,0.447866564368336,-0.0039046460173637167,0.3791400062544252,0.005378147582790675,0.5321923620874254,-0.0034636537257888562,0.560986741375878,-0.0008589715679131997,0.7190925161083501,-0.0036915808744563306,0.46363927246457104,-0.007927736279189896,0.8460171100533991,-0.012515219259141244,0.7365033539971072,-0.008804636355546094,0.7212291816557821,-0.01094629627377752,0.7480569669973376,-0.009777302147316168,0.6663424919947467,0.0007160277107770986,0.5825201885654206,-0.010320709606413722,0.6594916652969013,-0.0005748083432790896,0.6050978243413574,0.0026226179486511054,0.42003819022131494,-4.162507755393626e-05,0.4481928417949623
Robust-CPI,0.8,0.12049296705897818,0.003182361584709207,0.03274320079351769,0.01538894067191987,0.02564955438230076,0.07658572910229008,0.07255401556604597,0.001420921551048589,0.08964073523356286,0.0004277013223523628,0.007907925396139054,0.34845867544648473,-0.010783130519213398,0.7167390422725406,-0.002546297116247637,0.4874824719638823,-0.007535885270378646,0.8223464998579924,-0.006707835485706519,0.7833317632856323,-0.00984588176896743,0.6379058241196793,0.005430796365498267,0.5519212370641391,-0.005979755265898161,0.7168722844795603,-0.004806088101144288,0.6564023158846659,-0.00298795239855755,0.86233722626533,0.002032929678555454,0.36756550866261795,-0.013867083804463083,0.8753794145445064,0.00016926109236149788,0.3530413184291736,-0.0028562093462678,0.5653017784698247,0.0016869264081977135,0.48553802945582425,0.007453511147016469,0.43763999878014526,0.005002621562121475,0.5264598910012864,0.003096294016675268,0.5646412751332783,-0.012564999568360097,0.7290633859875294,-0.005412887193559106,0.43191669116988823,-0.005004531052457972,0.4008609438226993,-0.006959680049620733,0.678703120606,-0.003067324301824945,0.7300536368000682,0.0012211615187675117,0.267182733794337,-0.0071033974255334574,0.7243510279883714,0.0042141155028322975,0.5088865351721795,0.0014561083560930747,0.38714252520245157,-0.009647503486596185,0.6337944190849661,0.002422970388844087,0.5129913086840325,-0.0034940686877294827,0.7648076274837883,0.0020516527506785997,0.49465305554741146,-0.008124379787415936,0.9056972651824914,0.0090316762890309,0.30026180425973176,-0.004291387216861594,0.7662723084093392,-0.0025516058353897792,0.4939574520169725,-0.0014564702142213172,0.7846651807495848,-0.007015606440603247,0.6960867238271987,0.003332288583478508,0.4428935710856267,0.003772942389104963,0.20945497731416712,-0.0006210809776448079,0.5851289903293188,-0.0042126137360042675,0.7512545005854974,-0.011368590583149625,0.8674598304017541,0.0061867404211471255,0.45592764958471366,0.0020816066459828507,0.7396507714072338,-0.043051772132422304,0.592562306359981
0.5*CPI,0.05,0.0033550737384843775,0.010414571616531018,0.001593863208150603,0.13857172051990865,0.0001309711782053187,0.24091464214844474,0.0013563800112621708,0.07522583309330068,0.0005824224230621326,0.084312446262915,-0.0005843973945173872,0.2352471980593976,0.0003915008613438788,0.23508422327130762,-0.0008218784304248271,0.2826734235166139,-0.00042188130397704875,0.4260139470126705,-0.00042826800641530697,0.3252184554573301,-0.002121984884584799,0.17270264157181914,-0.0007325350055744466,0.24803432884857007,-0.0011695658030083842,0.23789906953623335,0.002150447153678926,0.15294314521941302,0.0008681617454609308,0.23039243525350211,-5.974607662602469e-05,0.4053572689432551,8.357820862395613e-05,0.3483480845349814,-0.0006754920788020281,0.2601272321244327,-0.0016213414059434619,0.3475094642218561,-0.00037827411565658766,0.21495191903747618,-0.0022704984435496993,0.41344142342178813,-0.0005073512598784758,0.20227251879976343,0.001524590215570693,0.08252453506294816,0.000994031562018546,0.3123149267111754,0.0005071409294976581,0.26118958150823846,0.002341168088778144,0.08931911647106078,0.00010141309368751589,0.18130407315973646,-0.0030599043029304316,0.4019613711654488,0.00017979760069033402,0.1260785999550582,0.0007196065977532741,0.24977856862256484,0.00019997089990312337,0.24273845043614442,-0.0005041714721157617,0.30118125267683105,0.00010061353145596678,0.1983305706383738,0.00028635799671539034,0.312394829239301,-9.020419281949482e-05,0.28500043864702324,0.0018234906356997176,0.13069283406804139,-0.000738116774902136,0.3881019066997803,-0.0005906021649555265,0.30467674365377795,0.0011193609484738667,0.20899869014427616,6.277419807826033e-05,0.2747008557241276,0.0006544023725549436,0.21102006064685025,0.00024458945238187824,0.19771991284230606,-0.0005764914583184451,0.3117224972766911,-0.0027933641466627167,0.4229106215335832,-0.0024883975073317667,0.26897608595924477,-8.419468903496515e-05,0.24537177272104968,0.000312973149111869,0.2675348324300604,-0.00017507766271353823,0.39405103447520295,-0.0003999918675656224,0.19447768814788174,-0.0009469852526335661,0.3135049004879656
0.5*CPI,0.1,-6.0359287910469706e-06,0.25236899948485997,-0.00037879560710434165,0.1303529770256763,0.00046958287478888035,0.18557315142479572,0.0029615720117698403,0.15069309129938824,0.003729379294305851,0.05955123794378162,0.00031018244903187217,0.2244460166235418,7.829520874340442e-05,0.25536372085278525,0.003087963430617478,0.09000222230591136,0.000539626639740646,0.22832117057914866,-0.0005389662839580568,0.2893872943661667,5.793900838710358e-05,0.32658479697788606,-8.00986082870867e-05,0.2002722810739634,0.00016756887508638085,0.0817632278790539,-0.000530103473958641,0.27707604309299916,0.0001919139684518247,0.21286828033934044,-0.0012545225792321456,0.25665657165029165,0.0013228078004744869,0.19341409845619018,7.43862589234139e-05,0.15590119904895702,4.824100330439359e-06,0.1484411514315226,-0.00010465770811424987,0.172184103944297,0.0016592499765186734,0.15893628955962918,0.0009029899850445048,0.08560657933483673,0.0005845235268837399,0.24929115180432618,-0.0064749015230638,0.24973480927259695,-0.0014353640428027465,0.21000462429635294,0.001904329235193305,0.06076153140892314,-0.0003285536415862837,0.340727126614489,0.0006815043973893372,0.22418611331740762,-0.0020610981179456527,0.28240413534526904,0.0012678763838366068,0.20411328889775512,0.0005544097279345791,0.14535645800463864,-0.0005645403258796069,0.2511959692486528,0.0011998915787024924,0.1289853259582632,0.001240892333187102,0.22508613830869728,0.0002626887396333702,0.10075554461899937,-0.00029661153469922084,0.2890940736685834,-0.0029291906207809357,0.3008562596072827,-0.000410804623882007,0.2050349587941903,0.0013152119894334405,0.27063905584060477,0.0015909955778922842,0.14614384330573255,-0.0004758609006041836,0.29968031372091636,0.004406944904531236,0.21628748401374104,0.0004015414176191785,0.23666004095935744,0.0001382909192197502,0.19867907203851215,-0.0007059420971702163,0.34385123043205673,0.0007172917845614659,0.18922644186819287,-0.0009005057318767233,0.2105641353527554,-0.0005500966307628864,0.2868895055451823,0.0004971888059092166,0.2964814929538162,0.00012004625989564948,0.35791072951326725
0.5*CPI,0.3,0.001901565469052105,0.0970702852875146,-0.0005503693880762551,0.12066069491927438,0.002707674027677256,0.10559916946674013,0.010663091631673215,0.09350308642110322,-0.0011191892021903175,0.12192138555246188,0.004235801614381628,0.17275751243192347,-0.0011847055595023586,0.34056637381532745,-0.002000184888820122,0.38059563852686373,0.0018186195884012898,0.22354658050099452,-0.004285769473470595,0.26921435260313986,0.006041462711281009,0.22787505432835617,-0.0006485342186630412,0.3983443434317735,-0.004790699524867635,0.22918981412854433,-0.00045005377067056394,0.35598460069146964,0.005048046800059704,0.1722666937684254,0.0016398586719911005,0.24162667914945804,-0.0034675806066483644,0.29236223576823606,-0.0012062807915153625,0.3283627704189512,0.00773086385044615,0.3000000686239145,-0.00022642921175697347,0.33317087943935664,0.0014037375889025317,0.3185779840214422,0.00041202092192403443,0.27458540328647213,0.0014606429817803853,0.22031500254284994,0.00031167608405037315,0.2863913752735519,0.005137202986144314,0.19329690417027007,-0.0009422497942963874,0.3713784038762359,0.00016363428993330906,0.2413804650008524,0.0044802847109840175,0.10520348330306742,0.0013328521635818944,0.21567682201631513,0.004522074728189676,0.25357830304549844,0.002111248408311161,0.18281514147918398,-0.000481285702715755,0.22105551015937605,0.0033826755458739085,0.1499791845273799,-0.0003856537606673777,0.26440565359547374,0.0009926559132228255,0.2224698435204006,4.904926984957332e-07,0.1859609622019158,0.01095417616219659,0.24980339503434695,-0.00018586989365459595,0.269928821634804,-3.215773493317623e-05,0.2621917289145397,-0.0040413743416632154,0.3151862352214778,0.0010247494553118908,0.24130683608751777,0.000898372032499151,0.18716936791397368,0.0005608727153202336,0.10971562851396825,-0.0011202866460588096,0.3915383586934869,0.0009691613985925764,0.22956852464013675,0.0008347448076467034,0.3196057081585686,0.002951949914656205,0.13982831416484262,0.0027327913176640115,0.16088092081603284,0.0005335851263547713,0.18548506677642315,8.045900926951991e-05,0.3670086533947719
0.5*CPI,0.5,0.0009693122095380935,0.1586747404070474,-0.0015119985517355584,0.3175545213656434,0.011385728495032452,0.0207659873212265,0.014314733217406006,0.005066573151495985,0.028016617623767465,0.0019410918577598456,0.006844682790023294,0.13055336594832895,0.0034287164517531428,0.15619614286916947,-0.0014768329160125709,0.2906006803243659,-0.002146741755167662,0.3358218410967507,-0.0014253914701741017,0.2737446741475982,-0.003636497809268743,0.3199212614810163,-0.0010754107121045478,0.27968169475751725,0.0007003605261789999,0.3046154845590032,-0.0018727193499460581,0.18146514189252433,-0.00014249471564034555,0.2983306871820718,0.012404330516458418,0.1616075667551897,0.001571922999499539,0.30459545919812225,-0.0011814142015036402,0.32218924151223793,0.004090186461520199,0.3009381840383865,-0.002469840220346986,0.34592252509849925,0.004900523786447744,0.09733800668812947,0.0070457817858790035,0.1858547933634438,0.003181438465743384,0.2645493137887954,0.009372822256645508,0.07673778052813027,0.0013731700570355986,0.19739380112529262,0.0015770532337974175,0.28026370093331965,-0.001491334791667946,0.2030525690676287,-0.0034674030378339317,0.40709730305763764,-0.0004363716940374564,0.2505060653438145,-0.002228311677535048,0.2756516680518404,0.0024860346643131213,0.1519911348006953,-0.0016124765210949314,0.21984763341768965,-0.002526652193999553,0.17242320829282107,0.0073948020982560776,0.3061607296628092,0.0033415403752149295,0.20890846258838755,-0.00021619421338833026,0.19585514498571105,-0.005509179060789379,0.25096701252931763,0.0023399686218521796,0.24172657025955888,-0.008878419375081407,0.34333433425867627,0.0021394083933380516,0.22326969018000023,-0.0024127699346158877,0.4009916560634261,-0.0021830179959277042,0.35754424123933604,0.00016358030332072236,0.3451216228289054,-0.001193521887755964,0.3749325761181127,0.0022819959484985746,0.30866822534207916,0.0007754112271708303,0.2512346961734077,0.0011015066457518074,0.2920794479471094,-0.0010937250915701742,0.2883389958500803,-0.002798462242222563,0.19974880635861214,-0.0026471310863852584,0.21917241652259636
0.5*CPI,0.8,0.023486773455793787,0.0006046146100182872,0.033675019645076465,0.006093465893698366,0.028300905155628407,0.025310901732977634,0.1312969890106754,0.0003696564467461648,0.08516619341548794,7.518226775440288e-05,0.015031400654448562,0.14657853974434146,-0.0031025657925763204,0.3420880749563949,-0.0005067946921850403,0.23232302563360427,-0.0020651905916210206,0.3989282070647087,0.0011163539240899507,0.3827962334035151,-0.0008536982700239455,0.33225703463236445,-0.029907204490524347,0.25413934895189205,-0.00020644001202985152,0.33940256533157764,-0.005755129201780055,0.3221352671830939,-0.0023717756339719344,0.42487218944442295,-0.00047107311487973563,0.17209253808020966,-0.009501451090661023,0.41019299869462605,-0.0002548558147058947,0.18256333341394682,-0.0011661476961428048,0.2915208251804691,-0.004362673190286843,0.2433351396167006,-0.002146575418319876,0.21526097709702607,8.129961651182386e-05,0.2220742483088634,-0.0013476167921897696,0.24539063169867575,0.0017216812017031298,0.37110011878295746,0.01329627672295804,0.1928209273733271,0.008428152370493642,0.18819438473350564,-0.022016023385894257,0.327687960317784,-0.006518346445356136,0.3431593470187341,0.0017223666622998301,0.1368078000407494,-0.006320940726990611,0.3007937242737542,0.0012134156936825426,0.2327104665083411,0.014674906261336915,0.17418213320121248,0.0046070528153440374,0.293729456529393,-0.00587899590689576,0.2414133233253523,-0.0026580338400174507,0.354817681051371,-0.004116472622634612,0.23843563354618413,-0.007820369520403098,0.4245768573860682,0.008528212096443865,0.14338603328123672,-0.001191253383911129,0.3713820424048801,0.00039866883780856756,0.2333531179605499,-0.002820711125968811,0.3611039247857264,-0.0015296812511242793,0.336486235119701,0.0035349019875699516,0.22322788417179615,0.00469474997587672,0.08640731936743276,-0.004833757549208866,0.29054211332797336,0.00042928058181174585,0.3314248798770879,-0.005484217014194006,0.4300797324695246,-0.0130951798730473,0.2270995942094186,-0.009534642023630484,0.35774569325816674,-0.0015990030058007784,0.28028968064463816
PFI,0.05,0.009370922774927033,0.05449060688364196,0.0040502791951917685,0.3201092794576096,0.0005693849690926862,0.48339094639991587,0.002986176877567781,0.16308694301484644,0.0025289605680730355,0.15809281709046835,-0.0009055284010762328,0.5254425460528421,0.0013425126097514504,0.44223843565688403,-0.002683115251315555,0.5828617955346593,-0.0010785127248844838,0.8134787582949798,-0.0011264550883810516,0.6972226457336017,-0.007048790410798961,0.35481754513165265,-0.0012910373112325166,0.4616950247030906,-0.00588516789326016,0.46331367769545556,0.0055239315561358086,0.2526696976594821,0.0022960105811031823,0.42086583218307555,-0.0006912614818185354,0.8622579112715543,0.0005862492133835523,0.6178139785757668,-0.0015830591129473016,0.4733657655695242,-0.004271497384082443,0.7010483794061184,-0.0008903768636119793,0.41035870193929286,-0.004681412205029681,0.8378864251672843,-0.001657751965847438,0.46070810688596414,0.0037703020138849476,0.15696510168749456,0.0021749170919869868,0.6033837120267718,0.0011553323623311725,0.56545489046117,0.006307394850746216,0.19117824671248737,-1.3359092613639499e-05,0.41977847295117454,-0.007231819534988187,0.8399752273736847,0.001427050926393108,0.27361605227325503,0.0012212869415179606,0.49771690784982453,-0.0005447052125093015,0.5503619903104646,-0.0011642963269624792,0.6181198273588708,-0.0005851084983612255,0.4473703507650039,0.0007866192830237399,0.6255386458862935,0.0016167860929593913,0.4808883081433444,0.0037312917392722704,0.2854758869372064,-0.0015770372457165724,0.7318047263522118,-0.0017203418956978297,0.6250076956928161,0.001840698901980779,0.45829324484843176,-0.0006449441144646118,0.5748289958320834,0.002960334216960818,0.3686619657898217,0.0006988959590354761,0.39503574479967724,-0.0011059622118113274,0.6165322640955775,-0.005456312176598531,0.7774050030562373,-0.005552309001958474,0.5450508512861267,1.5081468485415306e-05,0.4301306101202689,0.00043551922875090465,0.6033260459838004,-0.00042808957047828434,0.7780415566094427,-0.0013137445351665306,0.3840514873787564,-0.003370244386350538,0.6690979494605711
PFI,0.1,0.00015159066033524913,0.5091190185811729,-0.0018006824093328517,0.31915187583273624,0.0016177900858779578,0.260429836245598,0.007664112082011667,0.2984538553703008,0.008229162284685222,0.1152252496373325,0.002872351584693395,0.3546018001072469,-0.0001783972524411568,0.5010718980979736,0.006608900319178242,0.1916681917242195,0.0019060725853387657,0.4580737706756141,-0.001074788312944177,0.5813868566558423,-0.00022241957797913603,0.7599554102533278,-4.124035246140236e-05,0.4279809297502891,0.00013968895864745507,0.19776413810105542,-0.001607178308813909,0.48669712589057856,0.0006208153844170335,0.37294787157600073,-0.0024488806680667526,0.47233670206294104,0.003432202256814521,0.3940653266433265,0.0010866839231297848,0.259935176154308,-0.000730144817937889,0.29161240401452854,0.0012729870545634748,0.3029370269940439,0.0033570616777003084,0.301649435981335,0.0028158146057079042,0.20755515194140944,0.0015946690800571932,0.449493843650072,-0.01484539478770124,0.541539392992621,-0.003015742251625952,0.41071168338809544,0.004534198802175758,0.16335421346766163,-0.00011511719974157028,0.51369334747282,0.0011323369397186357,0.4430467529641245,-0.004264289167467534,0.5223982801650446,0.006893492351524295,0.40138216482925687,0.0017124491562311298,0.24257572646169992,-0.0021005616872506604,0.5369954938694741,0.0015867403633593067,0.3545055154095059,0.004139022278000748,0.5199439040944132,0.001708731340564594,0.1834518597535687,-0.00010549652005487482,0.5518992470632833,-0.007657488779583118,0.5853953201843978,-0.0017020824713588655,0.40073606168473225,0.003606625056673902,0.5092651168122685,0.004352452727054501,0.25200514194644313,-0.0013493529822974095,0.6539035347983397,0.011004484615821533,0.42218558186784794,0.0004317114679740599,0.4869741521979936,-3.3497269127953085e-05,0.44268185008419747,-0.002603367110773517,0.6655267138408568,0.002595696535941778,0.3505965159604868,-0.0018556579722227957,0.4527024279549415,0.0009064274498251952,0.48107354390745877,0.0013897381599688608,0.6030996362679477,-0.00019103706178815914,0.7536901466242585
PFI,0.3,0.004756105994663231,0.14097629015257301,0.00289285107320491,0.15775507457957813,0.02596403908665561,0.07238804690920558,0.030157605626773516,0.17469932143146774,0.0007353995802936971,0.19072413709011293,0.016851920779012878,0.29533394127539125,-0.0025891271902709016,0.647177977055861,-0.0059414315488228635,0.6828160364216987,0.004423816653006696,0.482660231580187,-0.009001905808658504,0.48056212065854,0.015144268066510248,0.4807276232617816,0.0008344846758475914,0.7653079626370991,-0.010681898888208806,0.42701943937428727,-0.004335803210063612,0.8129345491671225,0.014275271085045246,0.37191431111466366,0.00947056337063187,0.5531694467619339,-0.00749581990040933,0.5437908778215709,-0.0038094597155102906,0.5646382772960874,0.024763493747576214,0.6485745406848958,-0.007014248090546422,0.7352793567213801,0.0019655405074391497,0.6400043719592428,0.0032683724829458915,0.4955386802873956,0.0019933591003631133,0.533778770599146,0.0009369610431869409,0.5690549965094612,0.01690406323014763,0.3602562944167736,-0.0028054284947795745,0.6752454533046299,0.0027584758271227603,0.37900626653582664,0.012404357405560944,0.15298656956720444,0.006368406497248373,0.32850098315670634,0.010889761135702433,0.53073594147867,0.010762046717382548,0.3199977088750078,0.0036143117396691773,0.30866582833223466,0.012779761439172324,0.2495678359723979,-0.0015272935560110767,0.5299490671858266,0.006254452410421814,0.38654294181409876,0.0016672133298483223,0.30751222008183554,0.033208979437624485,0.28365913944051085,-0.0011670395092197897,0.5612520650839707,-0.003375527499512938,0.6955241838101249,-0.01135904615833331,0.6288883225947405,0.003547914171002601,0.4425156845784222,0.002760362115601301,0.3626566544079856,0.003280018637070944,0.21403989049350378,-0.003351863995300359,0.7803242432219981,0.0026268723605743192,0.46386480520539275,0.0033616731003645,0.5215405968451599,0.012990105810872505,0.17499409727575033,0.018359661480143306,0.3451168228800203,0.006196755540183615,0.27463190654707365,-0.00074432348757239,0.7519674188476707
PFI,0.5,0.005665315073621061,0.44671144515261507,-0.003928527461440397,0.4749536373048712,0.05783906683724434,0.01266042051395753,0.13820702355051115,0.004805407268373478,0.1439335580248553,0.002811348499090721,0.03427503054175739,0.2087820285998316,0.028420351285083464,0.25693248124549234,-0.0036865383961978398,0.45603000145943695,-0.010194616776966281,0.6445782363947139,-0.0005868825414886736,0.4188494235588186,-0.018169395754761748,0.6635917394990416,0.000942025308324664,0.5572106612710319,0.007621408816938505,0.5859714252162802,-0.005576571836956948,0.32706583062308464,0.00014018565274534419,0.5348064722764352,0.03569913989359881,0.31072976471852604,0.011556950530321412,0.4242948486248824,-0.011163210587918785,0.6303625679351208,0.014656317589325927,0.3261549781334674,0.003799946311912155,0.6287731849312105,0.008691858215622073,0.21646994672956316,0.024785589045252437,0.21806759034685322,0.009723173509720108,0.4203952370845146,0.029236567370517358,0.07351949231555592,0.010499237225661049,0.3602110003034707,0.011862568829356239,0.4227866018631147,-0.004756522264649845,0.31854910350538307,-0.011442004598913506,0.6309794615345544,0.006608132475692224,0.19749542029345146,0.010974472203390779,0.15436001115297263,0.004229392961636242,0.4297995721073649,-0.015545012664457566,0.5020202426193393,-0.009012335963774846,0.35694693694904633,0.022663745745669872,0.6393602398515302,0.011084456118978535,0.18546841732734595,-0.0019365134229311562,0.48744734606989853,-0.014802997618962897,0.4170639109598431,-0.004472979499832503,0.45418414315983757,-0.03715428553559177,0.7008518899604192,0.004529641383569049,0.40316829131997023,-0.004947992703377438,0.6065575911259214,-9.704751302920108e-05,0.577777887361843,0.0026280537550412665,0.5846883187549541,-0.0047816452314328245,0.8524111776377956,0.00015500098366744099,0.5578571842673674,0.00208293830843528,0.44219972307298505,0.008759046680035387,0.6282924472168272,0.005585911718137884,0.35753930386690647,-0.005183817958165485,0.49443376234624026,-0.005212872282779066,0.4363971401462252
PFI,0.8,0.37468716061591884,0.0003451551223048241,0.38158445592563395,0.00016964619178302338,0.7302029838589446,8.153887503400163e-05,1.6303985831721173,0.00015112157676209218,1.4011472966948515,3.1235574818316144e-05,0.4342220710274491,0.006260185999578866,0.057287617893020316,0.036354391178105114,-0.004082585069756677,0.3818184236723474,0.048600777728406895,0.34247746462025574,0.10058635613693284,0.5454543287946377,-0.02323052471374921,0.7844817844972757,-0.09846512096919044,0.5137633755162341,-0.014855164190647769,0.5892643057038542,-0.00015147102305244,0.4132340720901658,-0.009789341206351427,0.6525721974743774,0.013930783526202115,0.19443649711582425,0.04420800774324648,0.31523051884705977,0.03748085800276874,0.1749604831988142,0.020533313763303123,0.06728813146447696,0.021577175338633587,0.3230352160070594,0.010400044097201022,0.4173298731641939,0.0014094521687349148,0.4417586678225571,0.07629138605355862,0.1095560863751833,0.03271616238118985,0.676399550529609,0.08932160388784305,0.3074217448418201,0.031007338643987137,0.5104715930830783,-0.1787246640495411,0.622053323752621,-0.12792847330131796,0.5995394796781882,0.0027571810602026524,0.3305702895478697,-0.08467258044057703,0.6283103640878366,-0.025224208758812306,0.6724106100977518,0.15798394904661484,0.0727430527111343,0.01708214093906851,0.46432026600132653,0.08927169572871448,0.2330428983300093,0.0036222009819850405,0.4458022876738646,0.004588543571656379,0.428273421901468,-0.04371049894069423,0.7301581928540039,0.020080791565811686,0.35984463682300044,0.0010149350294822697,0.4299087021363998,0.03275959228387547,0.3472547763193184,-0.0017217153048576176,0.5219901523801856,-0.01510531999721293,0.6624768604913397,0.010698664183277713,0.4162003157271271,0.08499552684664854,0.0806536265003033,0.01183815881466248,0.40268990506464797,-0.005235459948459235,0.5260176323669373,-0.019206315456711066,0.6635132206260305,-0.04160472023363,0.6315515199902151,0.013207818855794482,0.3803305089229576,-0.01875238554595489,0.6834886846533021
LOCO,0.05,0.048440356336921814,0.5378902572532336,0.1690864935730005,0.2278184459077325,0.5889004944426969,0.6059386418052329,-0.1008268454488778,0.24803805611042246,0.04428679978483163,0.5701816934530676,0.1671431029145001,0.4827841066505909,-0.0037164118478108144,0.47526955895175715,-0.03334400496162337,0.36656643284278334,0.0684929004909328,0.3136807331797439,0.009133496221323173,0.4105724402095008,-1.6211374820435378,0.8357800998036462,0.01932825565499714,0.67126904515529,0.09871375535684881,0.6165051194745644,0.04687755534144904,0.42411906393989246,0.009098269444744721,0.46066931659982435,0.7699534456188627,0.34741992272029754,0.21053353983421338,0.5878187269222164,-0.4156603334174213,0.6607921621774565,-0.03354876889918551,0.4512672752546089,0.049844953940814264,0.6265539347659992,0.08894498979776012,0.4110192396349968,0.10909250288664009,0.2605676193389634,0.09993093407204562,0.3508501239494447,0.02819872699611295,0.36327995028964044,-0.1871782226866311,0.5749548361568405,-0.6131251322371883,0.6524932298642585,0.014417432969739859,0.5147027193409558,-0.2961313659897941,0.7451873445489883,0.10841866979688428,0.29225661004100106,0.06603356847065615,0.27963815936653635,0.38655045563916857,0.5597807335336664,-0.14145331768470693,0.6022342342070899,-0.2535537994383815,0.4147238895026072,-0.6358561267147377,0.5627370132428174,0.2416677994061184,0.21812395111292107,0.6957267038427752,0.23072413709784126,-0.014205547641617425,0.7455997321361851,0.280900764900575,0.17173830921946562,0.16358887509827125,0.47207640763956094,0.01991181110352397,0.5362187438402581,0.8640797301886138,0.5120865753836881,0.26602926523072024,0.42264095673451485,-0.10581176026386302,0.7395457582914581,-0.1632303021181298,0.5434956953955372,-0.7275129169538902,0.6932503159792914,0.006996459363085903,0.5088492013816794,0.13470294707812058,0.5070362876711805,0.460752816841388,0.39672941299117204,0.06572084834784943,0.4297202429270718,0.2922494579073559,0.3254612660617735
LOCO,0.1,0.1515914232393437,0.3507796788227575,-0.0348206084191452,0.5753752766289091,-0.1844141372830153,0.3926312965041358,-0.4879663968437703,0.7082523611929135,0.4443515538702825,0.12653366070373412,-0.17774296930786584,0.6657549879446487,-0.2766518574984044,0.7242855463317583,0.25054181616425664,0.1777796948182292,0.14305332383445707,0.430632703257475,0.3626350255060399,0.25338871210048264,0.0511428387677474,0.43087328244977097,0.1233059330390326,0.36602426312273934,0.1220707479554166,0.3278872055934333,-0.05075929824099464,0.4841750592841051,0.12632407073931445,0.40527762592263333,0.09010175720264699,0.16557421538513975,0.06286846026909465,0.4889119315750368,-0.2998683560618252,0.7449493912427189,-0.1257419708911409,0.38134365502534034,1.1143062237496506,0.28408654415938406,-0.25534226667615834,0.6746330632513196,-0.30230475171298593,0.7177949242121416,-0.21148191904307398,0.4658547063633956,0.0696094529880165,0.5066363938682286,-0.115899176205582,0.4467131009900464,-0.12586396443269424,0.5789662283366325,-0.05387323939822492,0.5245439140003952,-0.19604037225969212,0.5381112910970611,0.05685808925658306,0.4454314220141453,0.15826697355892305,0.31747795580485155,-0.14332849802227343,0.6048619936083223,-0.15999329325232783,0.42261530179678414,0.3069374025497985,0.4035645664249905,-0.08536981023440744,0.5698825466479983,-0.14812848610278617,0.7659283050438364,-0.10968542433572459,0.6098528787735201,0.4475043514952159,0.20790698290196094,0.04807598809823605,0.6476230141026728,0.26263978268388205,0.3552915134901914,-0.0481911903135813,0.5379376931040369,0.5217019915458924,0.24257047261395676,0.3099379223150188,0.43764157654214264,0.07104009561871728,0.5490632818829324,0.033526738364876435,0.4618397367746149,0.11572300805441209,0.355276311814576,0.02810998649842163,0.47703795790730735,0.09987901825033353,0.36439009750000223,0.1622111910401031,0.4154482641896762,-0.13211364378239196,0.4881113771183919,-0.8338417124265222,0.5341372023191069
LOCO,0.3,0.873231690474751,0.33320808437740995,0.6593791340872,0.33515215242701474,-0.196385249405123,0.36814923693939194,-0.2358126891233792,0.3952995614677134,-0.13264518537039666,0.5482781863012214,-0.10332088616405034,0.6002211819511596,-0.6712817542896967,0.7828146090571882,0.3654293952120177,0.37756886867563866,0.5358999358623534,0.34944505894991806,-0.09872910147632565,0.7216627747085034,-0.2320820231345102,0.7322100973806274,0.13255549171889064,0.2370552365757064,0.022755952128668946,0.6806586503858088,0.9857893429580542,0.5166854769178901,-0.02053937168596805,0.1763721283105057,0.3762530452952233,0.39154641751801433,1.4461197774162926,0.606981262753327,-0.18582434000653988,0.5469343143475087,-0.20123696901378305,0.25068680722862574,-0.3179578613030343,0.754668324414868,-0.28492717407210444,0.7688196143988992,0.3945983160209977,0.4715541257929049,-0.4841377657858273,0.5810036228804158,0.06424893549399335,0.37459016067450784,0.17037444522167983,0.42687309703155285,0.05290443979967971,0.4809296717806427,0.32455066449415026,0.12394151593158079,0.0892670962258485,0.7815850820689091,0.8331010051367355,0.33557070127502503,-2.4908628010539853,0.739740806884206,-0.2058907555902897,0.6160147345488538,0.2031956411028306,0.2962080146425259,-0.16096019378179033,0.24635939902093332,-0.129994302345959,0.8739344220584744,1.094441100404746,0.283009525248175,-1.7723857640567675,0.7144340334719437,0.12897621855134092,0.5517254815926316,0.6029548615482626,0.44783202743432027,-0.2577073157213316,0.8375694323478311,0.7960411731460929,0.4147359702827656,1.0615680850678377,0.3844702880558847,0.15449182741257256,0.1854152477015666,1.2912496367597213,0.1741127137908822,0.8981520095470231,0.47901346127355854,1.5258859661047803,0.5778412815083653,-0.3959771510509776,0.2997705996425036,-1.9505644391263064,0.5488537149646456,-0.6536260055031817,0.5822492481526245,0.33186346683687906,0.44791475134704273,0.014827228413499722,0.5936714785180287
LOCO,0.5,-0.5325886892114479,0.3240949543126103,1.5369708632448549,0.34680596834367416,-0.1584398710086796,0.6091030491465388,0.8897285086236838,0.33469936450131393,1.6009160585683089,0.08910838946307963,0.5884867322948594,0.2727531197951228,-0.18500839309912198,0.8419146738938973,0.9518468029655623,0.0329985365627035,1.2182262741403243,0.6624205397130578,1.6364747678463287,0.5693565904258927,0.8796761073598474,0.4011793737549698,0.1243881919240538,0.7843491848875392,-0.25039806959899186,0.6010562017870704,2.2601099404761436,0.4845284679155089,-0.4344613544697059,0.35218040460333255,0.15293381861758984,0.4257967935425651,-0.4375052194641428,0.33259446915430646,1.2028330908832012,0.19657489323753669,-0.41441813452968485,0.9496481063107014,1.6907684900674398,0.12386411302207316,1.0951881666667318,0.4521418548497985,1.6273609445093447,0.3141935533067984,0.4989403381302969,0.43152299768436814,1.5143265902576442,0.6323764210430709,-0.10834299581075887,0.7645650144464295,1.2300427783222563,0.10491748818253997,-0.628902582220618,0.6327116610844642,0.42608592637431014,0.34265738917959404,0.7826750179289236,0.3287085998742559,-0.9105504995736614,0.9937994408184978,-0.2351552678338713,0.40956016635669246,-0.04766967197420845,0.49982064818199345,-0.3502658142851804,0.5948058337308684,-2.1544290059891265,0.7943914668838616,-0.9279429905164801,0.8553757727457515,-0.760697840977588,0.5880266733923525,0.6778440522217163,0.33658486713142177,2.0509148007873326,0.3333455706632093,-1.295852414694672,0.4438519529724611,0.1775589708853624,0.5587861884130013,-1.571016769977191,0.4285171438520168,0.7909048031918379,0.29007807301314464,-1.3262458141727613,0.5577467954614587,0.14226631452588734,0.24782316212790695,1.5275106084379224,0.34280356355002317,-0.6877342681102258,0.42813119785409415,0.988560244452662,0.22293512492154965,0.8082807522299271,0.18576538958288566,-0.5200866923280686,0.8121108309269174,0.43210435334193203,0.5471271321798755
LOCO,0.8,-0.28032211979208016,0.6344631834385005,0.5502068043532007,0.33253179037778163,-0.05732313168171898,0.584675314173567,0.05140147080691186,0.11862246837918984,-0.001774377812263271,0.17470691166693317,-0.293635244101762,0.9665723210153765,0.0059266811786799194,0.47639018285090795,0.008696272291546188,0.6341280252854682,0.4750562241531104,0.5014661624574845,0.07735819988995583,0.41594423314376255,-0.11891223087422803,0.9576656216210189,0.011667267754494228,0.4012837089313097,-0.04848838610952766,0.6059259487068106,-0.024131249484903982,0.3129502588796186,0.1458738757627134,0.49381693945885663,0.07592114288915892,0.5933349793570691,-0.6205872556981675,0.9783312619078278,-0.11901007455620237,0.5518144886930989,0.030635286467937048,0.521054929535037,0.04141083869856927,0.5380218850888336,0.03005533559514398,0.5154202381245616,-0.035751503603424786,0.5791255394066719,-0.03026783264457093,0.5937617099254282,0.3604012558671402,0.46475609130234474,0.2136589086413993,0.5072623099745233,0.02246218926885667,0.3673022461606623,0.1387924843943443,0.6346598748624994,-0.08304897102011934,0.6319603955702475,-0.13599735996964454,0.4164250261597341,0.17563980041745358,0.1862324925620358,-0.07189220678773861,0.6359812653598096,-0.25181659385725774,0.9147757084652259,-0.0292204172616183,0.5206298355924399,-0.0800386843569175,0.6857300680313911,-0.08006271607864146,0.8158117861610089,0.12512711282318242,0.31468111190906894,-0.3627255907494127,0.6639264496783928,0.008823008786294148,0.5722076030875145,0.2725795980883681,0.14274143135904507,-0.07407219210600365,0.617919298721955,-0.00666833100153268,0.37009575703027386,0.05802390205056763,0.336490357718292,0.05094242383910648,0.30451412786073306,0.1832523233054229,0.3093593496206983,0.1314145731548475,0.3076063995888806,0.1788875383868832,0.2816775005193326,-0.13966749387776473,0.7034200769626724,0.16790235990165736,0.20139849914307162,0.08116056692606866,0.641816749364192,0.04898547573085552,0.47680799298705656
Robust-CPI,0.05,0.006563735690217789,0.022855996165276928,0.0026545733960651823,0.28922226494752007,0.00023470113472600363,0.5062362499759705,0.002586801642218521,0.18946488684870802,0.00030859592547056406,0.18545418572429334,-0.001167192964596977,0.46587592339157435,0.0008636116815831016,0.4756040388716358,-0.0017569636500259817,0.5794685590814342,-0.0008288675191253196,0.866402813440565,-0.0008827262231816981,0.7012926983314346,-0.004143845791693883,0.35543088750964064,-0.0009111324777556593,0.4802763306849766,-0.0026192413919639973,0.5253511246371365,0.0036621210499453933,0.29559814736123446,0.001724020590761122,0.5039446843931442,-0.0003513091954462831,0.8387401321281951,0.00012815184973695236,0.7176664781990274,-0.0012476784484699288,0.5400880579789551,-0.0035850368954807002,0.7095728595238178,-0.0006425428352405888,0.4820542686237766,-0.004356089683640434,0.8444930644962417,-0.0008732959658468903,0.4476455366689323,0.002999328432702443,0.18481132922117383,0.0018680261780979531,0.6516754642024716,0.001119009953338191,0.5084104589140048,0.004297965649665672,0.17761930118153677,0.00021780003829061429,0.38250679523524894,-0.006466785131763653,0.8390525437173247,0.00014655082461755082,0.26344800512871813,0.0012625950529775102,0.5025541439821316,-0.0002963343392468705,0.49609186507225017,-0.0011093992107951563,0.617644832592348,0.00011535428931436864,0.42257976161430705,0.000511296990850165,0.6475167640302943,-0.00020559699352486888,0.5697568298628435,0.003155381194048558,0.27654367330177887,-0.0015417250381827227,0.7966650902285742,-0.0010904125599423063,0.6178300483454118,0.001654180216922666,0.46186046369893724,0.0001605998332247055,0.5444694538656443,0.000883158899450556,0.4505980230219657,0.0002893696293040995,0.41970181639636195,-0.0010098185540143587,0.6249374502970839,-0.0062050027919135975,0.8558953168731429,-0.0050505364566863714,0.5594924744773548,-0.00019556879268930644,0.48580952117690884,0.00043538699932451226,0.6187167470701213,-0.0003375772182989357,0.8078743998323878,-0.0008325651690033632,0.40775735449444656,-0.0024013372925896404,0.6339809525139012
Robust-CPI,0.1,-7.362827769422332e-05,0.5173698587735973,-0.0007922437677202218,0.26612591136768365,0.0009155424922996425,0.40799067652999166,0.006128566544799378,0.29275268698137724,0.007028613991266369,0.13837024359228406,0.0005727109353078349,0.4506061981621548,1.8382638532378408e-05,0.5291434336454501,0.004787941436807377,0.20719045994093113,0.0010372394997485716,0.4504024279340387,-0.0016777288172367337,0.6148084614449629,-0.00018019030421493427,0.7244708878421456,-0.0002767440622314968,0.41315582120917493,0.00018359328099466343,0.18625937775383047,-0.0011052835971131362,0.5541259270539647,0.0005005131946741073,0.4115422646963422,-0.002270975676292302,0.5145353179595284,0.00215362763933857,0.3919205252639512,0.00016888273006670728,0.3101889772328571,-0.0013627416062800678,0.3348443357107618,-0.00027881214322754015,0.3569506622743219,0.002520694149346019,0.35262588016230545,0.0016184047609971602,0.1861455117944195,0.0011729305960667433,0.4949229897331096,-0.01295916225333577,0.5297588583560529,-0.0032415641094012586,0.43361827224972377,0.004096804563754822,0.1274766845639282,-0.0007618614653433463,0.739848486416,0.0013495986549992341,0.4834441098631105,-0.00403119702718914,0.5738840900822575,0.00202803914775526,0.4221529905211191,0.0008465330770730363,0.30027519814463915,-0.0010435935619525427,0.5063302600466434,0.0024288005122851284,0.23661521793307827,0.002202390383050037,0.45526888294465107,0.0007714403121169358,0.1955656918031968,-0.0006487761202223036,0.5868899561888867,-0.00609133944569326,0.6342404475498701,-0.0010903934319881439,0.4413259215795829,0.002114143771228954,0.5732302357872785,0.002863963345614081,0.2840880074702701,-0.0011141047109471476,0.6211358879539434,0.00800476205643003,0.4287124015203282,0.0005704492231969062,0.4915713353664674,-0.00011044110237025144,0.42596734215173016,-0.0015849661550318872,0.7045264686178672,0.001681934087030764,0.3658248973402201,-0.002693087164354481,0.4719638784841293,-0.0008177582158059171,0.5585438899300648,0.0007985064239210662,0.6057138702600806,-1.4589390308763803e-05,0.7140858743508267
Robust-CPI,0.3,0.0030041598747806144,0.22135071021416086,-0.0011441151471893109,0.25772651280468345,0.005787131607207133,0.22047000838489944,0.01950814848828409,0.20031541775936745,-0.0020774615301281762,0.24842838472863052,0.0072641127626561245,0.37263236530478033,-0.0035781307319855877,0.7166661439434476,-0.003749330638088584,0.7431222992444589,0.0030177754015990213,0.467206708912047,-0.007885648294700606,0.5304733416300826,0.011236939376319453,0.4758889428790923,-0.0013386795806552378,0.8110328832708886,-0.009975488862572464,0.4473732924479742,-0.001021579498139856,0.7569981625732778,0.008363153867890763,0.3920580880392567,0.0030454135029341816,0.49275771292580745,-0.006371959118969481,0.6300460130955239,-0.0019218195255021762,0.6763632676552455,0.014781382865889215,0.6239922068077578,-0.00021540365976253096,0.7020629977926192,0.002162323005724661,0.6674016778708987,0.0010788844519948244,0.5238369583085067,0.002231296215492425,0.5048023098603479,0.0006181203129516957,0.6040411177294855,0.009947061927335835,0.38424596215327433,-0.002375003946351906,0.7750589660441888,0.0002626161585716194,0.478990185417522,0.008081700594363543,0.2433135497463731,0.0027884980783209846,0.4364700948886314,0.007885823723134124,0.5266137054882583,0.003540175366761741,0.3907028465419152,-0.0013187163800865629,0.49316063647244673,0.005996951342456484,0.3077008727144108,-0.0015974373330255914,0.5430093905138973,0.002416705876141943,0.4515489074002457,-0.00044595103844206327,0.40048795677089577,0.01907671363756952,0.5057715277754234,-0.00020293427461362935,0.5391733238308379,-0.0015703687332957329,0.5890644801510785,-0.008034257617268763,0.6403942767716433,0.0012318703415554306,0.5194853724901787,0.002236776583714997,0.3696719147131565,0.0008616604540338083,0.26046300904714587,-0.003375396066704353,0.8405075013542095,0.0019512832751122768,0.47399187940798054,0.0017317788481936952,0.626339900147398,0.005436008668835806,0.29257566379192634,0.005394908533763409,0.3441810543040539,0.0008295932783388366,0.3887509270388706,-0.0004369757002895505,0.752922202983773
Robust-CPI,0.5,-0.0006429454693493462,0.38331276418554133,-0.0031197931958217916,0.6794982701549654,0.0208707536975083,0.06318622906662916,0.02701335968096857,0.012069825044317901,0.052831843434605986,0.006046625180460107,0.010372338732713891,0.32738089052375763,0.005709539173981028,0.3667133651509147,-0.0028603392525657035,0.615180154257821,-0.004501351302313615,0.6861762905682235,-0.0028721328837954204,0.6061288747657216,-0.007150171652195323,0.6977377461867724,-0.0034676753186763977,0.5895973379002633,0.0012711738998973884,0.6440676093278143,-0.003642586832806006,0.3674630631168918,-0.0003490172800728919,0.6098767623003101,0.022669757722193103,0.33601678292520654,0.002341038137643465,0.6345806383808951,-0.0026788717339184024,0.7032469792419281,0.007239904502480638,0.6258448895467885,-0.006041470509622164,0.7564582764109987,0.008443555797197303,0.256953500849284,0.012958599722837468,0.3971278527517379,0.006078031510017298,0.5314559318462245,0.016046523121084726,0.19124170874424096,0.0030161028524349387,0.40584555079196116,0.0035971816039810597,0.5732771249963124,-0.003239908741473454,0.40619331401833236,-0.008501620612550147,0.8640741915880576,-0.0007283400357706219,0.5363274316776991,-0.00579405428288782,0.5576129438707377,0.0036708467735304144,0.3648793588053468,-0.0029816917498689923,0.4221281949740292,-0.00472855511840199,0.36844228222527253,0.012511523161658902,0.6518788490987086,0.0072609063015751365,0.447866564368336,0.00024242041310339343,0.3791400062544252,-0.011067019102520663,0.5321923620874254,0.003978013441250733,0.560986741375878,-0.019416996470198237,0.7190925161083501,0.0038706765313644884,0.46363927246457104,-0.0049414890220313085,0.8460171100533991,-0.004185988581460818,0.7365033539971072,0.00017547520225880608,0.7212291816557821,-0.0022660258123950055,0.7480569669973376,0.004091119538689886,0.6663424919947467,0.0004586994253063875,0.5825201885654206,0.0015734093171807524,0.6594916652969013,-0.0026996148148409767,0.6050978243413574,-0.005862569779026918,0.42003819022131494,-0.005410831674888293,0.4481928417949623
Robust-CPI,0.8,0.04028891517401995,0.003182361584709207,0.059206886050797256,0.01538894067191987,0.05025477368465271,0.07658572910229008,0.2343576429236283,0.001420921551048589,0.15260703084048746,0.0004277013223523628,0.024775446028474313,0.34845867544648473,-0.006287649214176719,0.7167390422725406,-0.0009184105341028292,0.4874824719638823,-0.0033397292317884227,0.8223464998579924,0.001169927970859415,0.7833317632856323,-0.0011736941499728049,0.6379058241196793,-0.06088129363786995,0.5519212370641391,-0.0010531677086854216,0.7168722844795603,-0.011785166823030862,0.6564023158846659,-0.005517999132136396,0.86233722626533,-0.0010104969880250264,0.36756550866261795,-0.019029197530909224,0.8753794145445064,-0.0002366858312401013,0.3530413184291736,-0.0019492056738995302,0.5653017784698247,-0.009749943242566478,0.48553802945582425,-0.00450987699450989,0.43763999878014526,-0.0002511046336826862,0.5264598910012864,-0.0037482207165263665,0.5646412751332783,0.004069560479463155,0.7290633859875294,0.026480175678758024,0.43191669116988823,0.015936956455349996,0.4008609438226993,-0.04389148455212686,0.678703120606,-0.014713187136372373,0.7300536368000682,0.0031838649151614156,0.267182733794337,-0.011533966240752471,0.7243510279883714,0.0010740293820013665,0.5088865351721795,0.026775557446626838,0.38714252520245157,0.0083009981628691,0.6337944190849661,-0.01594944788332796,0.5129913086840325,-0.005805910163574014,0.7648076274837883,-0.00980252287494827,0.49465305554741146,-0.018116863976908544,0.9056972651824914,0.014539806451332257,0.30026180425973176,-0.001986121845330551,0.7662723084093392,0.000183842220853987,0.4939574520169725,-0.009284664510950447,0.7846651807495848,-0.003099382835801778,0.6960867238271987,0.007967976197328438,0.4428935710856267,0.00767503220201517,0.20945497731416712,-0.009594548139585981,0.5851289903293188,-0.0013178651675862007,0.7512545005854974,-0.01109475525644735,0.8674598304017541,-0.02440677429050127,0.45592764958471366,-0.017224005242603424,0.7396507714072338,-0.004398493637119816,0.592562306359981
0.5*CPI,0.05,0.00033799281451247744,0.010414571616531018,0.00046235858104320374,0.13857172051990865,0.00011460937317553508,0.24091464214844474,0.0007533017390189506,0.07522583309330068,0.0017590254154441587,0.084312446262915,-3.259132233208209e-05,0.2352471980593976,-0.00016510581226267194,0.23508422327130762,0.0006673344027198072,0.2826734235166139,-0.0008399079359680573,0.4260139470126705,-7.017488802633631e-05,0.3252184554573301,0.0008500264895263247,0.17270264157181914,5.037524072508849e-05,0.24803432884857007,0.0010148834218680102,0.23789906953623335,-3.4429317191123293e-05,0.15294314521941302,-0.0007646235371271734,0.23039243525350211,-0.0011099089887964318,0.4053572689432551,-0.00021437682392265247,0.3483480845349814,0.0008200328473361853,0.2601272321244327,5.0288494684999964e-05,0.3475094642218561,8.431155158723334e-05,0.21495191903747618,-0.00013380685162859323,0.41344142342178813,0.0004563180684161668,0.20227251879976343,0.0002637596255708019,0.08252453506294816,-0.00042071722135328,0.3123149267111754,0.00018849562811165197,0.26118958150823846,0.00027399101823997893,0.08931911647106078,0.001317866764429867,0.18130407315973646,-0.00011467053754131341,0.4019613711654488,0.0002962153689512437,0.1260785999550582,8.094009502573119e-05,0.24977856862256484,-2.906950050948532e-05,0.24273845043614442,0.0003405635344274638,0.30118125267683105,0.00040683133774927735,0.1983305706383738,-0.00016155240328276293,0.312394829239301,1.0560003569792444e-05,0.28500043864702324,4.611436187313449e-05,0.13069283406804139,-0.0001710485377138121,0.3881019066997803,0.0003204566186525056,0.30467674365377795,-2.3880282643110964e-06,0.20899869014427616,-0.0012435450065268257,0.2747008557241276,-0.0004344985846631863,0.21102006064685025,0.0005530998348575843,0.19771991284230606,0.0005358891903828727,0.3117224972766911,-0.0003726122698247704,0.4229106215335832,-4.920820833787144e-05,0.26897608595924477,-0.0002994893600746601,0.24537177272104968,-3.062232286977532e-05,0.2675348324300604,-0.00014080491322695615,0.39405103447520295,0.000693347488279304,0.19447768814788174,0.00013653708896523318,0.3135049004879656
0.5*CPI,0.1,-4.854996729769766e-07,0.25236899948485997,1.899322629974664e-07,0.1303529770256763,-1.0598190080551188e-08,0.18557315142479572,-5.239567057464759e-08,0.15069309129938824,6.223763457291241e-07,0.05955123794378162,-2.263538250891375e-08,0.2244460166235418,5.4671878847276764e-09,0.25536372085278525,1.5146717632504548e-08,0.09000222230591136,1.0411447368694197e-07,0.22832117057914866,1.4136674899855513e-07,0.2893872943661667,-1.0243577812676111e-08,0.32658479697788606,-2.1174203271831683e-08,0.2002722810739634,1.3532397522475624e-07,0.0817632278790539,-3.4704443083140377e-08,0.27707604309299916,1.8264034112688288e-07,0.21286828033934044,5.4646311643465005e-08,0.25665657165029165,-1.2943597365200404e-07,0.19341409845619018,1.5766251667890622e-07,0.15590119904895702,5.035680205469905e-08,0.1484411514315226,4.37397609942888e-07,0.172184103944297,-5.983488527166994e-08,0.15893628955962918,1.0910030760648614e-07,0.08560657933483673,-7.518388363192829e-08,0.24929115180432618,2.3827709853718993e-07,0.24973480927259695,1.201808792536439e-07,0.21000462429635294,1.9006037798687582e-07,0.06076153140892314,-1.1146762335567077e-07,0.340727126614489,-7.453430791470686e-08,0.22418611331740762,6.179604838663288e-08,0.28240413534526904,1.6086159025441648e-07,0.20411328889775512,1.4965538209388517e-07,0.14535645800463864,7.160872224384533e-08,0.2511959692486528,2.264199791672523e-07,0.1289853259582632,-1.0060932402369032e-07,0.22508613830869728,9.648323499887845e-08,0.10075554461899937,-2.3429867939354307e-07,0.2890940736685834,-2.0481756628504498e-08,0.3008562596072827,2.1977979587989425e-07,0.2050349587941903,-9.805817656502906e-08,0.27063905584060477,-5.4034568053455166e-08,0.14614384330573255,2.5829680877176674e-08,0.29968031372091636,-4.2355303848653737e-08,0.21628748401374104,3.8446186572810886e-07,0.23666004095935744,2.957331034315838e-09,0.19867907203851215,-1.2285228064384697e-08,0.34385123043205673,-2.5377106935267465e-07,0.18922644186819287,1.048084542510078e-07,0.2105641353527554,3.6525070837949357e-07,0.2868895055451823,-2.296268539124942e-07,0.2964814929538162,-3.754904296764691e-08,0.35791072951326725
0.5*CPI,0.3,0.005111259528022067,0.0970702852875146,0.0036594004161357154,0.12066069491927438,0.001232300020299914,0.10559916946674013,0.0004327476485410095,0.09350308642110322,0.0029778883077115226,0.12192138555246188,0.0025921561915880327,0.17275751243192347,4.170893565085374e-05,0.34056637381532745,-0.00025617767636422196,0.38059563852686373,-0.0003218113644819454,0.22354658050099452,0.004784401482877713,0.26921435260313986,-0.0009555643200018075,0.22787505432835617,-0.0005325286573266573,0.3983443434317735,0.003534183777814257,0.22918981412854433,-0.0003268724634707081,0.35598460069146964,-1.217963330083655e-05,0.1722666937684254,-0.00047904923085934385,0.24162667914945804,0.0017721872269369698,0.29236223576823606,-0.002656624175331469,0.3283627704189512,-0.003996994362897487,0.3000000686239145,-0.00014754429830389463,0.33317087943935664,-0.0006934698654248487,0.3185779840214422,-4.692559888584862e-05,0.27458540328647213,-0.0003945677693518128,0.22031500254284994,-0.0010809016981694992,0.2863913752735519,0.0017546094698736817,0.19329690417027007,-0.0010304658854833712,0.3713784038762359,0.0013369053394450899,0.2413804650008524,0.0002713441069825257,0.10520348330306742,0.0025456114400718983,0.21567682201631513,-0.003207557434634988,0.25357830304549844,0.0012554938481947942,0.18281514147918398,0.000522940999953387,0.22105551015937605,0.002765707011666883,0.1499791845273799,0.00044754491110410354,0.26440565359547374,0.0004818822376787115,0.2224698435204006,0.00112495628943391,0.1859609622019158,-0.0002800793596305053,0.24980339503434695,-0.00377345254603179,0.269928821634804,0.0004474574872883278,0.2621917289145397,0.0006067579023480287,0.3151862352214778,-0.0011452570913585243,0.24130683608751777,0.002835810877722093,0.18716936791397368,0.0008672621307098375,0.10971562851396825,-0.0016358441124459417,0.3915383586934869,0.00047819021155436086,0.22956852464013675,-0.0003995706328504518,0.3196057081585686,-0.0002559219784769699,0.13982831416484262,-0.0004701293767051849,0.16088092081603284,0.0008051963264935527,0.18548506677642315,-0.008635296024982605,0.3670086533947719
0.5*CPI,0.5,0.003002209719861909,0.1586747404070474,0.0006594124328979064,0.3175545213656434,0.019949986449774578,0.0207659873212265,0.10476762512134467,0.005066573151495985,0.11491160417407408,0.0019410918577598456,-0.001095305084352173,0.13055336594832895,0.0002285055236631336,0.15619614286916947,0.0018990161851269235,0.2906006803243659,-0.0006205402150863124,0.3358218410967507,0.0038444990996847877,0.2737446741475982,0.002239631506287523,0.3199212614810163,-0.0025722577210563514,0.27968169475751725,-0.0007624230920915701,0.3046154845590032,0.0070128086826639225,0.18146514189252433,-0.03194135070895348,0.2983306871820718,0.009425517582145064,0.1616075667551897,-0.005665201983334339,0.30459545919812225,-0.00037143541889828177,0.32218924151223793,-0.005327417642515452,0.3009381840383865,0.0006172924181582139,0.34592252509849925,-2.3319854840751914e-05,0.09733800668812947,-0.007219723187158888,0.1858547933634438,0.0014729377554928986,0.2645493137887954,0.0025446420940787957,0.07673778052813027,-0.001238975419686316,0.19739380112529262,-0.024146753117401713,0.28026370093331965,0.0024836616677215207,0.2030525690676287,-0.002007251557584495,0.40709730305763764,-0.001469900429611702,0.2505060653438145,-0.00023702078157667358,0.2756516680518404,0.008565689735687743,0.1519911348006953,0.0008692146281412531,0.21984763341768965,0.004645838381437651,0.17242320829282107,-0.0013410255710384381,0.3061607296628092,0.0005418585704344963,0.20890846258838755,0.0014158370140878345,0.19585514498571105,0.0005370305181988177,0.25096701252931763,-0.0006692437068107723,0.24172657025955888,0.000918946254910703,0.34333433425867627,0.0018347862303027718,0.22326969018000023,-0.0013830060798466052,0.4009916560634261,0.0022915281542330926,0.35754424123933604,-0.0013119014395635842,0.3451216228289054,0.0003442057732351052,0.3749325761181127,-0.005920382594659041,0.30866822534207916,-0.013354531083262226,0.2512346961734077,-0.00033936530917362485,0.2920794479471094,-0.0009815976446273958,0.2883389958500803,0.0014254943884752865,0.19974880635861214,0.011440755311967395,0.21917241652259636
0.5*CPI,0.8,0.07679791864238018,0.0006046146100182872,0.0167190112057112,0.006093465893698366,0.005312005726477884,0.025310901732977634,0.03696850003418822,0.0003696564467461648,0.037642468733987425,7.518226775440288e-05,-0.002137698442536214,0.14657853974434146,0.0016463313213517176,0.3420880749563949,0.0026750341249818154,0.23232302563360427,-0.0014617363848635197,0.3989282070647087,-0.0028441055547776114,0.3827962334035151,0.0003120242014096862,0.33225703463236445,0.0006598628655091663,0.25413934895189205,-0.0014231325453637324,0.33940256533157764,0.008020697734484805,0.3221352671830939,-0.0036343520472589567,0.42487218944442295,0.002113454156896406,0.17209253808020966,-0.0003013155349449226,0.41019299869462605,0.0022721371968125043,0.18256333341394682,0.0006941659728350602,0.2915208251804691,0.0007150013775706961,0.2433351396167006,0.0006392557651310795,0.21526097709702607,-0.0014596658172426017,0.2220742483088634,-0.0032553504234375213,0.24539063169867575,-0.007064993261513446,0.37110011878295746,0.0005450767128320609,0.1928209273733271,0.0009768982721829337,0.18819438473350564,0.004852610024249622,0.327687960317784,0.0003581815728768073,0.3431593470187341,0.00039598250121140893,0.1368078000407494,0.003503550501110365,0.3007937242737542,-0.003234227408864094,0.2327104665083411,-0.002500646891432905,0.17418213320121248,-0.001031930053657821,0.293729456529393,0.00024762784511145526,0.2414133233253523,-0.000498609397291879,0.354817681051371,0.0007655755907409025,0.23843563354618413,-0.0006440865774891239,0.4245768573860682,-0.001634466054537283,0.14338603328123672,-0.0016522783113490287,0.3713820424048801,0.0017179459328353222,0.2333531179605499,-0.0037871236984531906,0.3611039247857264,0.005071348414832414,0.336486235119701,-0.005059015693409399,0.22322788417179615,0.00183300323198208,0.08640731936743276,0.0007514820310680833,0.29054211332797336,-0.0020937944789796484,0.3314248798770879,-0.0018984273976915351,0.4300797324695246,0.002133274942228891,0.2270995942094186,-0.003968967157951419,0.35774569325816674,0.003760003109044739,0.28028968064463816
PFI,0.05,0.0006079833033288527,0.05449060688364196,0.0007684034105415089,0.3201092794576096,0.0001958371982283789,0.48339094639991587,0.0016911640166746996,0.16308694301484644,0.004431781957225139,0.15809281709046835,-0.0007229930891034613,0.5254425460528421,-0.0007877754790784131,0.44223843565688403,0.0009620239479646423,0.5828617955346593,-0.002391728157109882,0.8134787582949798,-0.00017663535928393566,0.6972226457336017,0.0020789705209243265,0.35481754513165265,0.0001040064273957094,0.4616950247030906,0.0019403404697193117,0.46331367769545556,-3.0812294860127304e-05,0.2526696976594821,-0.002637449410318949,0.42086583218307555,-0.0027474388358805254,0.8622579112715543,-0.0005121421423494218,0.6178139785757668,0.0020912393026127794,0.4733657655695242,0.00017672358585739146,0.7010483794061184,0.0003525857340726916,0.41035870193929286,-0.0004934476330155596,0.8378864251672843,0.0013851661489858464,0.46070810688596414,0.0006807676590730274,0.15696510168749456,-0.0009674582584797116,0.6033837120267718,0.0001507594126505257,0.56545489046117,0.0006261091584576454,0.19117824671248737,0.0024538437821492744,0.41977847295117454,-0.0004139544682599564,0.8399752273736847,0.0002978617702586029,0.27361605227325503,0.0006101267429126522,0.49771690784982453,-0.0002475313877711001,0.5503619903104646,0.0006864543394414335,0.6181198273588708,0.0009347422577964592,0.4473703507650039,-0.0004037761515403656,0.6255386458862935,0.00016811788203992647,0.4808883081433444,0.00012355008889186858,0.2854758869372064,-0.0003714614164642125,0.7318047263522118,0.0007370830570093483,0.6250076956928161,-0.0003415315803664666,0.45829324484843176,-0.002878775129582041,0.5748289958320834,-0.001311584579804754,0.3686619657898217,0.001222897322095592,0.39503574479967724,0.0010487100007471333,0.6165322640955775,-0.0007798495811774629,0.7774050030562373,-6.33064610143585e-05,0.5450508512861267,-0.000507790519046025,0.4301306101202689,-0.00016067268791391623,0.6033260459838004,-0.0004335652033303557,0.7780415566094427,0.0017547581813148287,0.3840514873787564,0.00015597115140193,0.6690979494605711
PFI,0.1,-1.4890258614960834e-06,0.5091190185811729,3.845943772792512e-07,0.31915187583273624,9.223278973223595e-08,0.260429836245598,-1.3722024543410563e-07,0.2984538553703008,1.2292551843269095e-06,0.1152252496373325,-4.065688782027399e-08,0.3546018001072469,5.146749401397697e-08,0.5010718980979736,2.2935014189686406e-08,0.1916681917242195,2.1846025805899788e-07,0.4580737706756141,3.260718866646968e-07,0.5813868566558423,-7.561912449627393e-08,0.7599554102533278,-1.9495193487602277e-07,0.4279809297502891,2.9686206038449455e-07,0.19776413810105542,-4.5832014045425696e-08,0.48669712589057856,5.094424962886031e-07,0.37294787157600073,1.3557243011171035e-07,0.47233670206294104,-3.478058531150373e-07,0.3940653266433265,3.7569631217803333e-07,0.259935176154308,1.8214932743063866e-07,0.29161240401452854,1.0211183789685386e-06,0.3029370269940439,-6.188531008401568e-08,0.301649435981335,2.779588655604257e-07,0.20755515194140944,-1.5120466357166402e-07,0.449493843650072,6.168583907758547e-07,0.541539392992621,2.2935204978632106e-07,0.41071168338809544,4.481177766643828e-07,0.16335421346766163,-3.5624628374933334e-08,0.51369334747282,-2.2981383654531757e-07,0.4430467529641245,1.727512771311008e-07,0.5223982801650446,5.817487609596446e-07,0.40138216482925687,3.8381248418993624e-07,0.24257572646169992,2.1725371484001244e-07,0.5369954938694741,4.357410873278763e-07,0.3545055154095059,-3.307250816339564e-07,0.5199439040944132,2.996918521620668e-07,0.1834518597535687,-5.618354953515844e-07,0.5518992470632833,-9.427376502904704e-09,0.5853953201843978,5.673629284040067e-07,0.40073606168473225,-2.645450325000097e-07,0.5092651168122685,-2.547064891825898e-08,0.25200514194644313,-5.001185994728923e-08,0.6539035347983397,-6.639844884898891e-08,0.42218558186784794,9.277213669611763e-07,0.4869741521979936,-4.578263309926251e-08,0.44268185008419747,2.059910297530838e-08,0.6655267138408568,-6.087750298054445e-07,0.3505965159604868,2.611999814084013e-07,0.4527024279549415,7.708526990570711e-07,0.48107354390745877,-5.839644684536066e-07,0.6030996362679477,-1.470266112722779e-07,0.7536901466242585
PFI,0.3,0.023765343758354703,0.14097629015257301,0.010856489753456995,0.15775507457957813,0.003052684894271436,0.07238804690920558,0.0030189398111305976,0.17469932143146774,0.008583218277470975,0.19072413709011293,0.009408132337491791,0.29533394127539125,0.00019952595902595182,0.647177977055861,0.0005611124770781937,0.6828160364216987,-0.0010613615590800692,0.482660231580187,0.01320842121794221,0.48056212065854,-0.00194344896944414,0.4807276232617816,-0.005600871231515014,0.7653079626370991,0.006697719441598188,0.42701943937428727,-0.0018356178672387273,0.8129345491671225,0.00021736819908603535,0.37191431111466366,-0.0030928837310014567,0.5531694467619339,0.0037030848769832973,0.5437908778215709,-0.004909887995404443,0.5646382772960874,-0.012764368543604623,0.6485745406848958,0.0002070736391553955,0.7352793567213801,-0.0009524731698327986,0.6400043719592428,-0.00025195572125295265,0.4955386802873956,-0.00203206581486442,0.533778770599146,-0.0017748843022290031,0.5690549965094612,0.005242939936820714,0.3602562944167736,-0.0024075296602668415,0.6752454533046299,0.0033876721870906784,0.37900626653582664,0.000829623245904499,0.15298656956720444,0.008351497257601969,0.32850098315670634,-0.007505015017859145,0.53073594147867,0.003908649798316918,0.3199977088750078,0.001522730988217305,0.30866582833223466,0.00640072387676943,0.2495678359723979,0.0018447379086824157,0.5299490671858266,0.003016179210017686,0.38654294181409876,0.007652684629271678,0.30751222008183554,-0.0003310830111778013,0.28365913944051085,-0.014642941860373399,0.5612520650839707,-0.00012730933574714998,0.6955241838101249,0.0006025428970083467,0.6288883225947405,-0.0021939208063738213,0.4425156845784222,0.008160443882312582,0.3626566544079856,0.0019594995618966555,0.21403989049350378,-0.004618276900913708,0.7803242432219981,0.0010972210355790542,0.46386480520539275,-0.0004437943555087631,0.5215405968451599,0.0024651191562770056,0.17499409727575033,-0.00024508166968446356,0.3451168228800203,0.0017657161544744142,0.27463190654707365,-0.02051570804400136,0.7519674188476707
PFI,0.5,-0.01502050006633552,0.44671144515261507,-0.0018346900189388678,0.4749536373048712,0.11215531574875669,0.01266042051395753,0.43494246966560657,0.004805407268373478,0.40834530265653196,0.002811348499090721,-0.0007538024823447298,0.2087820285998316,-0.006307041082534529,0.25693248124549234,-0.001412250994213681,0.45603000145943695,0.0008464234519230281,0.6445782363947139,0.019373298468461756,0.4188494235588186,0.0034922960224785153,0.6635917394990416,-0.02693327962948907,0.5572106612710319,-0.010286651114695173,0.5859714252162802,0.013259478320095415,0.32706583062308464,-0.0862841776472449,0.5348064722764352,0.03033116654209165,0.31072976471852604,-0.01863597101383844,0.4242948486248824,-0.006498734683638328,0.6303625679351208,-0.008430358475371632,0.3261549781334674,-0.0015405280910360793,0.6287731849312105,-0.0009962930647353803,0.21646994672956316,-0.00484928640534077,0.21806759034685322,0.022572323944533002,0.4203952370845146,0.01749174686566116,0.07351949231555592,-0.004223122467457611,0.3602110003034707,-0.054407076902785186,0.4227866018631147,0.014785016525996024,0.31854910350538307,0.0027268974717648406,0.6309794615345544,0.01130038544369143,0.19749542029345146,0.009121769555907886,0.15436001115297263,0.023051848098388356,0.4297995721073649,0.008555802684004936,0.5020202426193393,0.01688350885379706,0.35694693694904633,-0.008733583617615328,0.6393602398515302,0.03477972680822302,0.18546841732734595,0.00442792296547842,0.48744734606989853,0.006451686105798079,0.4170639109598431,0.011874229911664,0.45418414315983757,0.006162215266782025,0.7008518899604192,0.004565219404837392,0.40316829131997023,0.0362419499544581,0.6065575911259214,0.007866542042898342,0.577777887361843,-0.00039949491778132893,0.5846883187549541,-0.009164046041682923,0.8524111776377956,0.02009484180909052,0.5578571842673674,-0.017309216275019305,0.44219972307298505,-0.01625824196435378,0.6282924472168272,-0.003309416147756447,0.35753930386690647,-0.0023535969213207843,0.49443376234624026,0.035079480381580444,0.4363971401462252
PFI,0.8,0.42001254197294813,0.0003451551223048241,0.3508324318408111,0.00016964619178302338,0.2540012388089654,8.153887503400163e-05,0.5150320391263513,0.00015112157676209218,0.591307152306044,3.1235574818316144e-05,0.2562711798213225,0.006260185999578866,0.1602765345609282,0.036354391178105114,0.0009796615994159656,0.3818184236723474,0.037876764911518694,0.34247746462025574,-0.03822374665960275,0.5454543287946377,-0.023994221702551333,0.7844817844972757,-0.004663480100751011,0.5137633755162341,-0.010619863624288193,0.5892643057038542,0.06640294743814619,0.4132340720901658,-0.006656276794765454,0.6525721974743774,0.028209508020832073,0.19443649711582425,0.043585741335789636,0.31523051884705977,0.03253039040295574,0.1749604831988142,0.009893054951030622,0.06728813146447696,-0.0029737292635265847,0.3230352160070594,-0.01757864332498141,0.4173298731641939,-0.01577445418858151,0.4417586678225571,0.041694087604637636,0.1095560863751833,-0.03558218069490917,0.676399550529609,0.002234775146918304,0.3074217448418201,0.002292346982427506,0.5104715930830783,0.04203185059511817,0.622053323752621,0.04298790691463302,0.5995394796781882,0.007122854312165695,0.3305702895478697,0.04726144053726873,0.6283103640878366,-0.005922657757778334,0.6724106100977518,0.014971530326737141,0.0727430527111343,-0.003239411573683042,0.46432026600132653,-0.001229010671393646,0.2330428983300093,0.03544865466404735,0.4458022876738646,-0.01578159130176037,0.428273421901468,0.0054070423320136144,0.7301581928540039,0.000619082865727106,0.35984463682300044,0.07823126121249117,0.4299087021363998,0.018929820890388162,0.3472547763193184,-0.023527990509167682,0.5219901523801856,0.03870562322323423,0.6624768604913397,-0.015252274587248371,0.4162003157271271,0.04532546240361403,0.0806536265003033,0.018128186937952588,0.40268990506464797,0.03185003579563053,0.5260176323669373,0.008775748822484086,0.6635132206260305,0.010913774499178696,0.6315515199902151,-0.009435787440129642,0.3803305089229576,0.004689143781966643,0.6834886846533021
LOCO,0.05,-0.12083428035685807,0.5378902572532336,0.18356381710798358,0.2278184459077325,-0.15610019421544366,0.6059386418052329,0.8307616235805283,0.24803805611042246,-0.009919457757843066,0.5701816934530676,-0.07107842299306381,0.4827841066505909,0.1108413907860283,0.47526955895175715,0.010414554441613409,0.36656643284278334,0.10774658109549913,0.3136807331797439,-0.13864308689388063,0.4105724402095008,-0.09649443865530062,0.8357800998036462,-0.07766251363372462,0.67126904515529,-0.04738925238002203,0.6165051194745644,0.023495940000147677,0.42411906393989246,0.08592048711082921,0.46066931659982435,-0.16929996454042856,0.34741992272029754,-0.052602760680545625,0.5878187269222164,0.1409566811775259,0.6607921621774565,-0.063009637868483,0.4512672752546089,-0.007212621291232563,0.6265539347659992,-0.05727305048288801,0.4110192396349968,0.0389826055908459,0.2605676193389634,0.643141510247736,0.3508501239494447,0.038926200963226874,0.36327995028964044,-0.033994244885765634,0.5749548361568405,-0.06384856963794115,0.6524932298642585,0.35894289394922124,0.5147027193409558,-0.015432522786778018,0.7451873445489883,0.14018302647898398,0.29225661004100106,0.017876589163336364,0.27963815936653635,-0.10043256355148585,0.5597807335336664,0.16701224301457732,0.6022342342070899,0.08353780973756815,0.4147238895026072,0.06265784744752805,0.5627370132428174,0.04590556048684239,0.21812395111292107,0.10878209361394037,0.23072413709784126,-0.7125257348208576,0.7455997321361851,0.31641689476216506,0.17173830921946562,-0.10834626085905816,0.47207640763956094,-0.07842974418753033,0.5362187438402581,-0.051754534248772556,0.5120865753836881,0.0753498393494347,0.42264095673451485,-0.14309290480267872,0.7395457582914581,-0.010601599114506212,0.5434956953955372,0.051662752413715096,0.6932503159792914,-0.1482181239005922,0.5088492013816794,-0.3432700563956248,0.5070362876711805,0.07583391202351872,0.39672941299117204,0.15506600986780708,0.4297202429270718,0.07457407785425837,0.3254612660617735
LOCO,0.1,0.08125088841799881,0.3507796788227575,-0.13822933060359657,0.5753752766289091,0.12882875706229965,0.3926312965041358,-0.03192180357840295,0.7082523611929135,0.25228055158121143,0.12653366070373412,0.07137373546972325,0.6657549879446487,-0.055586743676378225,0.7242855463317583,0.34237557870969265,0.1777796948182292,-0.6782143244613719,0.430632703257475,0.2979591844769748,0.25338871210048264,0.13809154162299087,0.43087328244977097,0.22471595676534434,0.36602426312273934,0.18815459877185844,0.3278872055934333,-0.17091306533624603,0.4841750592841051,-0.055260404405793266,0.40527762592263333,0.26762823381236456,0.16557421538513975,-0.08881107698162316,0.4889119315750368,-0.15965916988778034,0.7449493912427189,0.30450288969808875,0.38134365502534034,0.025440413781990974,0.28408654415938406,-0.11834649238092497,0.6746330632513196,-0.25528790040738386,0.7177949242121416,0.10423852179350732,0.4658547063633956,-0.07838754276783468,0.5066363938682286,0.033095356962540734,0.4467131009900464,-0.03700190598209744,0.5789662283366325,0.14262587223870668,0.5245439140003952,0.14969726195404462,0.5381112910970611,-0.08211662062907019,0.4454314220141453,-0.0008137692086551767,0.31747795580485155,-1.1488577436455925,0.6048619936083223,0.32660827840382833,0.42261530179678414,-1.200541661390656,0.4035645664249905,-0.06948215312804665,0.5698825466479983,-0.14781301889550313,0.7659283050438364,-0.0686225485642601,0.6098528787735201,0.6803468164975317,0.20790698290196094,-0.1867174521030915,0.6476230141026728,0.0786903553715744,0.3552915134901914,-0.1923611723215968,0.5379376931040369,0.20365233667618146,0.24257047261395676,-0.21915975898114126,0.43764157654214264,0.04660740746721966,0.5490632818829324,0.17437401647184977,0.4618397367746149,0.17025624555775842,0.355276311814576,0.05486198870580973,0.47703795790730735,-0.08166483058807722,0.36439009750000223,-0.14793420969045065,0.4154482641896762,0.20513579844352592,0.4881113771183919,0.03383346496524836,0.5341372023191069
LOCO,0.3,-0.4685323681437876,0.33320808437740995,-0.5809598929740677,0.33515215242701474,0.40653773550250455,0.36814923693939194,0.023072746326237927,0.3952995614677134,-0.04366524817391733,0.5482781863012214,0.15276633629647862,0.6002211819511596,0.09230473945095596,0.7828146090571882,0.5590122170329777,0.37756886867563866,0.5157060849523057,0.34944505894991806,-0.02110099781089904,0.7216627747085034,-1.2721264440611464,0.7322100973806274,0.11265136316460443,0.2370552365757064,-0.07400454010312418,0.6806586503858088,-0.08008329179269695,0.5166854769178901,1.2194339538425698,0.1763721283105057,-0.8544020606167383,0.39154641751801433,-1.5729352835582957,0.606981262753327,-0.05981921789251362,0.5469343143475087,0.7810072604063328,0.25068680722862574,-0.7379823745427554,0.754668324414868,0.0005403825147196756,0.7688196143988992,-0.4480206950123301,0.4715541257929049,0.07565922097274973,0.5810036228804158,0.06262855259296571,0.37459016067450784,0.4904196515845057,0.42687309703155285,0.18907041351709572,0.4809296717806427,0.14065580689751028,0.12394151593158079,-0.8942840613753568,0.7815850820689091,-0.5474614612132055,0.33557070127502503,-0.04665434210777383,0.739740806884206,-0.37218314732886537,0.6160147345488538,-0.15770932474658092,0.2962080146425259,0.8053756702649739,0.24635939902093332,-0.8410427124773329,0.8739344220584744,0.9456921238092821,0.283009525248175,-0.15279933676288338,0.7144340334719437,0.04438623370653619,0.5517254815926316,-1.2969425549355216,0.44783202743432027,-0.2796399484817855,0.8375694323478311,0.023304666895601484,0.4147359702827656,0.22765200753065357,0.3844702880558847,0.7358592668786677,0.1854152477015666,1.26884175422607,0.1741127137908822,-0.36714014410433116,0.47901346127355854,-0.11837932468819654,0.5778412815083653,0.8142216505409021,0.2997705996425036,1.128436807047197,0.5488537149646456,-0.10599983402050991,0.5822492481526245,0.1283843558623433,0.44791475134704273,-0.27554732689310285,0.5936714785180287
LOCO,0.5,1.7691373637446182,0.3240949543126103,0.6686427283274193,0.34680596834367416,0.41714351563878593,0.6091030491465388,1.799143371317375,0.33469936450131393,1.7475938653264513,0.08910838946307963,-0.44416664251916277,0.2727531197951228,-0.528445262774724,0.8419146738938973,1.1678734690866288,0.0329985365627035,-1.0820555745186629,0.6624205397130578,-0.3256193774525619,0.5693565904258927,0.4074547772696758,0.4011793737549698,-0.713735478869403,0.7843491848875392,0.684948511125072,0.6010562017870704,0.06010128250478349,0.4845284679155089,3.256849009000996,0.35218040460333255,-0.9477590151085027,0.4257967935425651,0.535540640936955,0.33259446915430646,-0.09235361896679721,0.19657489323753669,-0.9428852499454574,0.9496481063107014,0.10056231754319693,0.12386411302207316,0.1967132755745233,0.4521418548497985,-1.0166107790503918,0.3141935533067984,0.29595587455311745,0.43152299768436814,-1.0692120578488153,0.6323764210430709,-0.20201931373646315,0.7645650144464295,1.728540352895651,0.10491748818253997,-0.5694987919414333,0.6327116610844642,-0.4112024014757288,0.34265738917959404,0.3744371310143909,0.3287085998742559,-3.171528773905903,0.9937994408184978,0.07468314216121068,0.40956016635669246,-0.44932807362273225,0.49982064818199345,-0.758795723670334,0.5948058337308684,-1.4726452514653516,0.7943914668838616,-1.8121594208786036,0.8553757727457515,-0.1219896695826746,0.5880266733923525,2.2955290784363496,0.33658486713142177,-1.5950060657218705,0.3333455706632093,0.8161935186702703,0.4438519529724611,-1.3716927349080805,0.5587861884130013,0.2188404886530198,0.4285171438520168,-0.3977533633773124,0.29007807301314464,0.5707583671477963,0.5577467954614587,0.6460612955071449,0.24782316212790695,-1.3126621648594732,0.34280356355002317,0.3579022924325393,0.42813119785409415,-0.23932609799180618,0.22293512492154965,-0.0489606177748517,0.18576538958288566,0.025449201838883773,0.8121108309269174,-0.041914667282885315,0.5471271321798755
LOCO,0.8,-0.0004439971657090819,0.6344631834385005,0.2808085000063827,0.33253179037778163,0.1255961805548078,0.584675314173567,0.3747492208788178,0.11862246837918984,0.20446883710298913,0.17470691166693317,-0.09150073792643246,0.9665723210153765,0.17879558405841367,0.47639018285090795,-0.06599830632718995,0.6341280252854682,-0.20514031945467967,0.5014661624574845,0.04149673712704842,0.41594423314376255,-0.49872032210714307,0.9576656216210189,0.11746869844253228,0.4012837089313097,0.029988224453120077,0.6059259487068106,0.048674551835989545,0.3129502588796186,-0.13773015401046027,0.49381693945885663,-0.03291085660842379,0.5933349793570691,-0.37980409063667003,0.9783312619078278,0.09771817450684359,0.5518144886930989,-0.04749904358425158,0.521054929535037,-0.350775753172344,0.5380218850888336,0.028317618439404987,0.5154202381245616,-0.16685971985745163,0.5791255394066719,0.05556883403595623,0.5937617099254282,-0.031240247348768648,0.46475609130234474,-0.03375079571924529,0.5072623099745233,0.0512733954476841,0.3673022461606623,-0.0698236520543224,0.6346598748624994,-0.055549141790222155,0.6319603955702475,0.040639274989825724,0.4164250261597341,0.002299616427859396,0.1862324925620358,-0.07266745476047674,0.6359812653598096,-0.11799041877893299,0.9147757084652259,0.28702675774660114,0.5206298355924399,-0.21342375254129853,0.6857300680313911,-0.03334857815790028,0.8158117861610089,0.19881162945997155,0.31468111190906894,-0.1658202121640975,0.6639264496783928,-0.01966997042623696,0.5722076030875145,0.03369805503965834,0.14274143135904507,-0.11713380060954262,0.617919298721955,0.039368105366425585,0.37009575703027386,0.06246590563522475,0.336490357718292,-0.015396659710613684,0.30451412786073306,-0.06991049771259768,0.3093593496206983,-0.044959549838333855,0.3076063995888806,0.004560449463566142,0.2816775005193326,-0.054200542609791784,0.7034200769626724,0.023793792061021363,0.20139849914307162,-0.04205451765334509,0.641816749364192,-0.0677297338029216,0.47680799298705656
Robust-CPI,0.05,0.0006253899949551705,0.022855996165276928,0.0009250809177854329,0.28922226494752007,0.00015570344548387056,0.5062362499759705,0.001294782805678373,0.18946488684870802,0.0032652321986028636,0.18545418572429334,1.70015624942062e-05,0.46587592339157435,-0.00031688602784007964,0.4756040388716358,0.0011309108605777694,0.5794685590814342,-0.0016795093808134576,0.866402813440565,-0.0002018486859117185,0.7012926983314346,0.0014868092629471438,0.35543088750964064,0.00011839353293439825,0.4802763306849766,0.0018977528603961035,0.5253511246371365,-1.571291155252484e-05,0.29559814736123446,-0.0016424680887862713,0.5039446843931442,-0.0020813275654969275,0.8387401321281951,-0.0004450012680442352,0.7176664781990274,0.001667132123509932,0.5400880579789551,8.354201225680184e-05,0.7095728595238178,-4.9844099864125317e-05,0.4820542686237766,-0.0003157388181249166,0.8444930644962417,0.0008885168283051856,0.4476455366689323,0.0003508649095061013,0.18481132922117383,-0.0008288680686160889,0.6516754642024716,0.00044584701646532094,0.5084104589140048,0.0005704428606416246,0.17761930118153677,0.0023955380627589517,0.38250679523524894,-0.0003381793074411986,0.8390525437173247,0.0005289890011708781,0.26344800512871813,0.00034424503602738113,0.5025541439821316,-2.9843483594549495e-05,0.49609186507225017,0.0007323869776565273,0.617644832592348,0.0007346789639297574,0.42257976161430705,-0.00036184198739046914,0.6475167640302943,-1.0450249231146808e-05,0.5697568298628435,0.00011426422790138265,0.27654367330177887,-0.0003118582471540243,0.7966650902285742,0.0005527481840412288,0.6178300483454118,-0.0002251280639323201,0.46186046369893724,-0.0023690596408647195,0.5444694538656443,-0.0008890642196008796,0.4505980230219657,0.001012228257186099,0.41970181639636195,0.0009618015394204025,0.6249374502970839,-0.0007226279525731076,0.8558953168731429,-9.899709740515974e-05,0.5594924744773548,-0.0005160922738438941,0.48580952117690884,-0.00011999086232296565,0.6187167470701213,-0.0003337987787824315,0.8078743998323878,0.0013106671495941547,0.40775735449444656,0.0003101416020505894,0.6339809525139012
Robust-CPI,0.1,-1.0078835598822857e-06,0.5173698587735973,3.578937949612795e-07,0.26612591136768365,-4.7978685563502966e-08,0.40799067652999166,-5.4109505464585724e-08,0.29275268698137724,1.120193804214159e-06,0.13837024359228406,-4.628635160288824e-08,0.4506061981621548,2.3566876477364203e-08,0.5291434336454501,1.97054099152217e-08,0.20719045994093113,2.2837180046008952e-07,0.4504024279340387,3.104730443879147e-07,0.6148084614449629,-3.019386711034102e-08,0.7244708878421456,-3.6789718879098336e-08,0.41315582120917493,2.4976743808720793e-07,0.18625937775383047,-6.233319019235406e-08,0.5541259270539647,3.3623797466896477e-07,0.4115422646963422,1.3281298865471867e-07,0.5145353179595284,-2.295340243253875e-07,0.3919205252639512,2.698960167569104e-07,0.3101889772328571,1.1441279644722319e-07,0.3348443357107618,8.605023595347993e-07,0.3569506622743219,-1.3929547643066028e-07,0.35262588016230545,2.1780940011483131e-07,0.1861455117944195,-1.5682554172435296e-07,0.4949229897331096,4.832035816772441e-07,0.5297588583560529,2.208137205799328e-07,0.43361827224972377,3.874151356825577e-07,0.1274766845639282,-2.384292789473089e-07,0.739848486416,-1.6462501555794156e-07,0.4834441098631105,1.273595218867895e-07,0.5738840900822575,3.3647395228877946e-07,0.4221529905211191,3.098282067648377e-07,0.30027519814463915,1.4842641194191714e-07,0.5063302600466434,4.1297686313805556e-07,0.23661521793307827,-1.7069408137646518e-07,0.45526888294465107,1.8009177283395467e-07,0.1955656918031968,-4.5683865044471695e-07,0.5868899561888867,-5.997327151116353e-08,0.6342404475498701,3.9118541393790474e-07,0.4413259215795829,-1.9006264704290935e-07,0.5732302357872785,-7.69868711512372e-08,0.2840880074702701,3.3268204700326e-08,0.6211358879539434,-7.397744426578362e-08,0.4287124015203282,6.954752036751942e-07,0.4915713353664674,8.763649410001972e-09,0.42596734215173016,-4.077492196944807e-08,0.7045264686178672,-4.86287985498575e-07,0.3658248973402201,1.8956463341941277e-07,0.4719638784841293,8.399810971310113e-07,0.5585438899300648,-4.6476327480320853e-07,0.6057138702600806,-5.029635874673088e-08,0.7140858743508267
Robust-CPI,0.3,0.008264827493958855,0.22135071021416086,0.006658165444318951,0.25772651280468345,0.0027170340214118676,0.22047000838489944,0.0008168660630305549,0.20031541775936745,0.0056371301285673605,0.24842838472863052,0.004493559979404547,0.37263236530478033,-4.5710016700829665e-05,0.7166661439434476,-0.0003200905837926863,0.7431222992444589,-0.00047423852011581926,0.467206708912047,0.009572304647917215,0.5304733416300826,-0.001825413403582045,0.4758889428790923,-0.0011034272693409022,0.8110328832708886,0.006508287410990113,0.4473732924479742,-0.00136784319530376,0.7569981625732778,-0.00011781567692095349,0.3920580880392567,-0.000967500519978784,0.49275771292580745,0.0031474795845143904,0.6300460130955239,-0.00513075373787095,0.6763632676552455,-0.008391308443564427,0.6239922068077578,-0.0005898073876367809,0.7020629977926192,-0.0015162730354192468,0.6674016778708987,5.312538426586485e-06,0.5238369583085067,-0.000785005679324411,0.5048023098603479,-0.002522975738985423,0.6040411177294855,0.0037954274810257657,0.38424596215327433,-0.0023615412140483554,0.7750589660441888,0.003147639570398983,0.478990185417522,0.0004958893377663344,0.2433135497463731,0.004666859368422815,0.4364700948886314,-0.0063815604567924135,0.5266137054882583,0.002193428950068178,0.3907028465419152,0.0010137584245865563,0.49316063647244673,0.005309824215665435,0.3077008727144108,0.0009307495185475089,0.5430093905138973,0.0009178545378338524,0.4515489074002457,0.0022999932946299877,0.40048795677089577,-0.0006875517259075298,0.5057715277754234,-0.007082281421008752,0.5391733238308379,0.0007424781683450391,0.5890644801510785,0.0010719482056783455,0.6403942767716433,-0.002288058123083346,0.5194853724901787,0.00599681053092864,0.3696719147131565,0.0015064684260706297,0.26046300904714587,-0.0034300583530796225,0.8405075013542095,0.0008199598549026547,0.47399187940798054,-0.0006331995720633683,0.626339900147398,-0.00043161304457510095,0.29257566379192634,-0.0008378107477567002,0.3441810543040539,0.0016064166213600561,0.3887509270388706,-0.017669258541750436,0.752922202983773
Robust-CPI,0.5,0.002871084909837579,0.38331276418554133,-0.006056974896942785,0.6794982701549654,0.028208991527866285,0.06318622906662916,0.17912272065598708,0.012069825044317901,0.19359580723980055,0.006046625180460107,-0.011184242642742176,0.32738089052375763,-0.00171985827593775,0.3667133651509147,0.0029138179465979784,0.615180154257821,-0.0007603388005974263,0.6861762905682235,0.004307610672556995,0.6061288747657216,0.0015394457357085424,0.6977377461867724,-0.005596438207516252,0.5895973379002633,-0.0030115055693892396,0.6440676093278143,0.012278939215634135,0.3674630631168918,-0.06531962938888033,0.6098767623003101,0.016376540800536233,0.33601678292520654,-0.011229531426678596,0.6345806383808951,-0.0026549842099751605,0.7032469792419281,-0.009920919822447452,0.6258448895467885,-0.0002103879876767642,0.7564582764109987,-0.0021558120964767376,0.256953500849284,-0.01732419037989716,0.3971278527517379,0.002992156705417739,0.5314559318462245,0.001855904200982179,0.19124170874424096,-0.002764411096526474,0.40584555079196116,-0.053584971804545044,0.5732771249963124,0.005534280994285821,0.40619331401833236,-0.004704514441423049,0.8640741915880576,-0.003439176042047837,0.5363274316776991,0.0001375203374143243,0.5576129438707377,0.013826294171346159,0.3648793588053468,0.0020101157314664666,0.4221281949740292,0.00711076326009821,0.36844228222527253,-0.0025681826325613753,0.6518788490987086,0.00014428907667543168,0.447866564368336,0.0023854733998223765,0.3791400062544252,0.0004936159089193492,0.5321923620874254,-0.0036176488817986252,0.560986741375878,-0.00031109970572503235,0.7190925161083501,0.003438565661434216,0.46363927246457104,-0.0069392134511076925,0.8460171100533991,0.0029418123065116353,0.7365033539971072,-0.0025822132162487267,0.7212291816557821,0.0007863004249527298,0.7480569669973376,-0.01924099602160796,0.6663424919947467,-0.03504628037185206,0.5825201885654206,-0.008658838246156653,0.6594916652969013,-0.0023443949412700455,0.6050978243413574,0.0023199886149675303,0.42003819022131494,0.02083344881035978,0.4481928417949623
Robust-CPI,0.8,0.13236258029780762,0.003182361584709207,0.031006761770868037,0.01538894067191987,0.008447982507798607,0.07658572910229008,0.06904713095581028,0.001420921551048589,0.07054068786898382,0.0004277013223523628,-0.010856500925599241,0.34845867544648473,0.0017023165213451207,0.7167390422725406,0.0036111625734241873,0.4874824719638823,-0.004886341793406422,0.8223464998579924,-0.005284191996810949,0.7833317632856323,0.001017049682455683,0.6379058241196793,8.886964808133855e-05,0.5519212370641391,-0.0026886795472989694,0.7168722844795603,0.013079471573410374,0.6564023158846659,-0.008530270747464902,0.86233722626533,0.003666113620088096,0.36756550866261795,-0.0024324681039634938,0.8753794145445064,0.0046608470656018435,0.3530413184291736,0.0015263975918749242,0.5653017784698247,0.0014002561857370886,0.48553802945582425,0.0011737263663854892,0.43763999878014526,-0.003922389288802495,0.5264598910012864,-0.01000628344156427,0.5646412751332783,-0.014533037588938851,0.7290633859875294,0.000602905234109501,0.43191669116988823,0.0014522408165753339,0.4008609438226993,0.007621419601494875,0.678703120606,-0.0012074145647852342,0.7300536368000682,0.0008565012249358778,0.267182733794337,-0.00048380979612683403,0.7243510279883714,-0.00759571701133972,0.5088865351721795,-0.005757584422717785,0.38714252520245157,-0.003603769464212631,0.6337944190849661,1.3575891829915376e-05,0.5129913086840325,-0.00216248779980132,0.7648076274837883,0.0018731771793870473,0.49465305554741146,-0.0032769940839710602,0.9056972651824914,-0.003382375825349845,0.30026180425973176,-0.005569089856166577,0.7662723084093392,0.0026235124712924262,0.4939574520169725,-0.007722879529741311,0.7846651807495848,0.007581670055463228,0.6960867238271987,-0.01099139220670468,0.4428935710856267,0.0024633662274222345,0.20945497731416712,0.0012517203685311915,0.5851289903293188,-0.0047669843464868645,0.7512545005854974,-0.0042432419277157385,0.8674598304017541,0.003371818573487565,0.45592764958471366,-0.00981579613623456,0.7396507714072338,0.005680292066095937,0.592562306359981
